# The following table is formatted as tab separated values. 
#GeneName	GeneId	TranscriptId	BioType	variants_impact_HIGH	variants_impact_LOW	variants_impact_MODERATE	variants_impact_MODIFIER	variants_effect_CODON_CHANGE_PLUS_CODON_DELETION	variants_effect_CODON_CHANGE_PLUS_CODON_INSERTION	variants_effect_CODON_DELETION	variants_effect_CODON_INSERTION	variants_effect_DOWNSTREAM	variants_effect_EXON	variants_effect_FRAME_SHIFT	variants_effect_FRAME_SHIFT_AFTER_CDS_END	variants_effect_FRAME_SHIFT_BEFORE_CDS_START	variants_effect_INTRON	variants_effect_NON_SYNONYMOUS_CODING	variants_effect_NON_SYNONYMOUS_START	variants_effect_SPLICE_SITE_ACCEPTOR	variants_effect_SPLICE_SITE_DONOR	variants_effect_START_GAINED	variants_effect_START_LOST	variants_effect_STOP_GAINED	variants_effect_STOP_LOST	variants_effect_SYNONYMOUS_CODING	variants_effect_SYNONYMOUS_STOP	variants_effect_TRANSCRIPT	variants_effect_UPSTREAM	variants_effect_UTR_3_PRIME	variants_effect_UTR_5_DELETED	variants_effect_UTR_5_PRIME
LOC107839066	LOC107839066	XM_016682415.2	protein_coding	0	7	3	282	0	0	0	0	133	0	0	0	1	96	3	0	0	0	0	0	0	0	7	0	0	48	1	0	3
LOC107840732	LOC107840732	XM_047396558.1	protein_coding	13	14	42	865	0	0	0	0	542	0	8	0	0	37	42	0	1	1	2	0	4	0	12	0	0	197	52	0	38
LOC107840741	LOC107840741	XM_047396406.1	protein_coding	22	62	142	467	1	0	0	1	110	0	14	0	0	194	140	0	2	0	0	0	6	0	61	1	0	164	0	0	1
LOC107840744	LOC107840744	XM_016684644.2	protein_coding	0	4	7	456	0	0	0	0	35	0	0	0	0	255	7	0	0	0	0	0	0	0	4	0	0	158	4	0	4
LOC107840745	LOC107840745	XM_016684645.2	protein_coding	0	5	4	350	0	0	0	0	164	0	0	0	0	18	4	0	0	0	0	0	0	0	5	0	0	158	6	0	4
LOC107840746	LOC107840746	XM_016684646.2	protein_coding	0	2	1	300	0	0	0	0	133	0	0	0	0	0	1	0	0	0	1	0	0	0	1	0	0	159	0	0	8
LOC107840747	LOC107840747	XM_047396635.1	protein_coding	0	4	2	339	0	0	0	0	92	0	0	0	0	79	2	0	0	0	1	0	0	0	3	0	0	165	0	0	3
LOC107840749	LOC107840749	XR_001665300.2		0	0	0	268	0	0	0	0	100	10	0	0	0	3	0	0	0	0	0	0	0	0	0	0	0	155	0	0	0
LOC107840750	LOC107840750	XM_047396573.1	protein_coding	0	1	0	159	0	0	0	0	97	0	0	0	0	46	0	0	0	0	1	0	0	0	0	0	0	11	1	0	4
LOC107840753	LOC107840753	XM_016684649.2	protein_coding	0	17	55	321	0	0	1	0	120	0	0	0	0	81	54	0	0	0	1	0	0	0	16	0	0	95	3	0	22
LOC107840753	LOC107840753	XM_047396637.1	protein_coding	1	17	55	320	0	0	1	0	120	0	0	0	0	80	54	0	0	1	1	0	0	0	16	0	0	95	3	0	23
LOC107840753	LOC107840753	XM_047396638.1	protein_coding	1	17	54	321	0	0	1	0	120	0	0	0	0	81	53	0	0	1	1	0	0	0	16	0	0	95	3	0	23
LOC107840753	LOC107840753	XM_047396639.1	protein_coding	0	17	54	322	0	0	1	0	120	0	0	0	0	82	53	0	0	0	1	0	0	0	16	0	0	95	3	0	22
LOC107840753	LOC107840753	XM_047396640.1	protein_coding	1	15	42	335	0	0	1	0	120	0	0	0	0	95	41	0	0	1	1	0	0	0	14	0	0	95	3	0	23
LOC107840753	LOC107840753	XM_047396641.1	protein_coding	2	15	47	328	0	0	0	0	120	0	0	0	0	90	47	0	0	2	1	0	0	0	14	0	0	94	3	0	23
LOC107840753	LOC107840753	XM_047396642.1	protein_coding	2	15	46	329	0	0	0	0	120	0	0	0	0	91	46	0	0	2	1	0	0	0	14	0	0	94	3	0	23
LOC107840753	LOC107840753	XM_047396643.1	protein_coding	1	15	46	330	0	0	0	0	120	0	0	0	0	92	46	0	0	1	1	0	0	0	14	0	0	94	3	0	22
LOC107840753	LOC107840753	XM_047396644.1	protein_coding	1	13	41	337	0	0	0	0	120	0	0	0	0	98	41	0	0	1	1	0	0	0	12	0	0	94	3	0	23
LOC107840753	LOC107840753	XM_047396645.1	protein_coding	0	13	41	338	0	0	0	0	120	0	0	0	0	99	41	0	0	0	1	0	0	0	12	0	0	94	3	0	22
LOC107840753	LOC107840753	XR_007044648.1		1	0	0	406	0	0	0	0	118	114	0	0	0	80	0	0	0	1	0	0	0	0	0	0	0	95	0	0	0
LOC107840753	LOC107840753	XR_007044649.1		1	0	0	406	0	0	0	0	118	113	0	0	0	81	0	0	0	1	0	0	0	0	0	0	0	95	0	0	0
LOC107840753	LOC107840753	XR_007044650.1		2	0	0	404	0	0	0	0	118	104	0	0	0	90	0	0	0	2	0	0	0	0	0	0	0	94	0	0	0
LOC107840754	LOC107840754	XM_016684653.2	protein_coding	0	6	9	452	0	1	0	0	210	0	0	0	0	117	8	0	0	0	0	0	0	0	6	0	0	115	9	0	1
LOC107840755	LOC107840755	XM_016684654.2	protein_coding	0	3	3	552	0	0	0	0	123	0	0	0	0	44	3	0	0	0	2	0	0	0	1	0	0	354	13	0	18
LOC107840756	LOC107840756	XM_047396628.1	protein_coding	0	10	13	863	0	0	0	0	351	0	0	0	0	145	13	0	0	0	0	0	0	0	10	0	0	365	2	0	0
LOC107840762	LOC107840762	XM_047396660.1	protein_coding	13	48	121	557	1	0	1	3	141	0	8	0	0	83	116	0	0	0	0	1	4	0	48	0	0	313	20	0	0
LOC107840762	LOC107840762	XM_047396662.1	protein_coding	14	55	117	536	1	0	1	3	141	0	9	0	0	13	112	0	0	0	7	1	4	0	48	0	0	324	20	0	38
LOC107840762	LOC107840762	XM_047396663.1	protein_coding	12	46	114	575	1	0	1	3	141	0	8	0	0	87	109	0	0	0	0	0	4	0	46	0	0	319	20	0	8
LOC107840763	LOC107840763	XR_001665304.2		0	0	0	635	0	0	0	0	258	49	0	0	0	46	0	0	0	0	0	0	0	0	0	0	0	282	0	0	0
LOC107840765	LOC107840765	XM_047396664.1	protein_coding	0	12	8	626	0	0	0	0	74	0	0	0	0	360	8	0	0	0	10	0	0	0	2	0	0	119	6	0	67
LOC107840767	LOC107840767	XM_016684667.2	protein_coding	37	39	111	187	3	1	0	3	75	0	32	0	0	23	105	0	0	0	1	0	8	0	38	0	0	53	28	0	8
LOC107840767	LOC107840767	XM_016684668.2	protein_coding	35	37	101	201	2	1	0	3	75	0	30	0	0	64	96	0	0	0	1	0	8	0	36	0	0	53	1	0	8
LOC107840767	LOC107840767	XM_016684669.2	protein_coding	35	37	101	201	2	1	0	3	75	0	30	0	0	64	96	0	0	0	1	0	8	0	36	0	0	53	1	0	8
LOC107840767	LOC107840767	XM_047396665.1	protein_coding	35	37	103	199	2	2	0	3	75	0	30	0	0	62	97	0	0	0	1	0	8	0	36	0	0	53	1	0	8
LOC107840768	LOC107840768	XM_016684670.2	protein_coding	4	19	57	443	0	0	0	0	192	0	3	0	0	25	57	0	0	0	0	0	0	1	19	0	0	148	77	0	1
LOC107840769	LOC107840769	XM_047396667.1	protein_coding	4	39	91	570	0	0	0	0	309	0	2	0	0	71	91	0	0	0	1	0	2	0	38	0	0	166	10	0	14
LOC107840770	LOC107840770	XM_016684672.2	protein_coding	28	74	174	858	0	1	0	2	405	0	20	0	0	49	171	0	0	0	5	0	9	0	69	0	0	299	63	0	42
LOC107840770	LOC107840770	XM_016684674.2	protein_coding	27	74	171	862	0	1	0	2	405	0	20	0	0	91	168	0	0	0	5	0	8	0	69	0	0	299	25	0	42
LOC107840774	LOC107840774	XM_016684676.2	protein_coding	0	12	7	890	0	0	0	0	514	0	0	0	0	141	7	0	0	0	2	0	0	0	10	0	0	214	2	0	19
LOC107840774	LOC107840774	XM_047396669.1	protein_coding	0	10	7	882	0	0	0	0	514	0	0	0	0	141	7	0	0	0	0	0	0	0	10	0	0	222	2	0	3
LOC107840774	LOC107840774	XM_047396671.1	protein_coding	0	10	7	882	0	0	0	0	514	0	0	0	0	141	7	0	0	0	0	0	0	0	10	0	0	222	2	0	3
LOC107840775	LOC107840775	XM_016684677.2	protein_coding	2	5	6	482	0	0	1	0	207	0	2	0	0	81	5	0	0	0	2	0	0	0	3	0	0	166	7	0	21
LOC107840776	LOC107840776	XM_016684679.2	protein_coding	0	1	6	480	1	0	1	1	236	0	0	0	0	79	3	0	0	0	0	0	0	0	1	0	0	154	9	0	2
LOC107840777	LOC107840777	XM_016684681.2	protein_coding	0	2	2	517	1	0	0	0	85	0	0	0	0	167	1	0	0	0	1	0	0	0	1	0	0	253	5	0	7
LOC107840777	LOC107840777	XM_016684682.2	protein_coding	0	2	2	517	1	0	0	0	85	0	0	0	0	168	1	0	0	0	1	0	0	0	1	0	0	253	5	0	6
LOC107840777	LOC107840777	XM_016684683.2	protein_coding	0	2	2	517	1	0	0	0	85	0	0	0	0	167	1	0	0	0	1	0	0	0	1	0	0	253	5	0	7
LOC107840778	LOC107840778	XM_016684685.2	protein_coding	3	6	15	269	0	0	0	0	90	0	1	0	0	0	15	0	0	0	0	0	2	0	6	0	0	179	0	0	0
LOC107840779	LOC107840779	NM_001324589.1	protein_coding	0	11	8	499	0	0	0	0	149	0	0	0	0	18	8	0	0	0	0	0	0	0	11	0	0	331	1	0	0
LOC107840781	LOC107840781	XM_016684687.2	protein_coding	2	14	11	467	0	0	1	0	120	0	1	0	0	201	11	0	0	0	0	0	0	1	14	0	0	133	9	0	4
LOC107840781	LOC107840781	XM_047396672.1	protein_coding	2	14	11	467	0	0	1	0	120	0	1	0	0	201	11	0	0	0	0	0	0	1	14	0	0	135	9	0	2
LOC107840782	LOC107840782	XM_016684688.2	protein_coding	0	0	6	473	0	0	0	0	126	0	0	0	0	157	6	0	0	0	0	0	0	0	0	0	0	187	3	0	0
LOC107840783	LOC107840783	XM_016684689.2	protein_coding	0	10	15	259	0	0	0	0	110	0	0	0	0	26	15	0	0	0	5	0	0	0	5	0	0	93	5	0	25
LOC107840783	LOC107840783	XM_016684691.2	protein_coding	0	4	12	449	0	0	0	0	110	0	0	0	0	172	12	0	0	0	0	0	0	0	4	0	0	162	5	0	0
LOC107840783	LOC107840783	XM_016684692.2	protein_coding	0	4	12	449	0	0	0	0	110	0	0	0	0	172	12	0	0	0	0	0	0	0	4	0	0	162	5	0	0
LOC107840784	LOC107840784	XM_047396674.1	protein_coding	0	1	2	196	0	0	0	0	107	0	0	0	0	35	2	0	0	0	0	0	0	0	1	0	0	54	0	0	0
LOC107840785	LOC107840785	XM_016684694.2	protein_coding	0	9	5	427	0	0	0	0	56	0	0	0	0	168	5	0	0	0	0	0	0	0	9	0	0	195	2	0	6
LOC107840786	LOC107840786	XM_016684695.2	protein_coding	0	4	2	496	0	0	0	0	152	0	0	0	0	131	2	0	0	0	1	0	0	0	3	0	0	202	4	0	7
LOC107840787	LOC107840787	XM_047396676.1	protein_coding	0	27	20	387	0	0	0	2	122	0	0	0	0	42	18	0	0	0	0	0	0	0	27	0	0	209	2	0	12
LOC107840787	LOC107840787	XM_047396677.1	protein_coding	0	27	20	387	0	0	0	2	122	0	0	0	0	42	18	0	0	0	0	0	0	0	27	0	0	209	2	0	12
LOC107840787	LOC107840787	XM_047396678.1	protein_coding	0	27	20	387	0	0	0	2	122	0	0	0	0	42	18	0	0	0	0	0	0	0	27	0	0	209	2	0	12
LOC107840787	LOC107840787	XM_047396679.1	protein_coding	0	27	20	387	0	0	0	2	122	0	0	0	0	42	18	0	0	0	0	0	0	0	27	0	0	209	2	0	12
LOC107840789	LOC107840789	XM_016684707.2	protein_coding	0	7	0	407	0	0	0	0	145	0	0	0	0	37	0	0	0	0	0	0	0	0	7	0	0	221	0	0	4
LOC107840790	LOC107840790	XM_016684708.2	protein_coding	0	3	7	751	0	0	0	0	225	0	0	0	0	257	7	0	0	0	0	0	0	0	3	0	0	252	6	0	11
LOC107840791	LOC107840791	XM_016684710.2	protein_coding	2	13	12	511	0	0	0	0	95	0	1	0	0	231	12	0	0	0	0	0	1	0	13	0	0	164	12	0	9
LOC107840792	LOC107840792	XM_016684711.2	protein_coding	0	6	3	430	0	0	0	0	154	0	0	0	0	120	3	0	0	0	2	0	0	0	4	0	0	147	4	0	5
LOC107840792	LOC107840792	XM_047396681.1	protein_coding	0	5	3	428	0	0	0	0	154	0	0	0	0	118	3	0	0	0	1	0	0	0	4	0	0	151	4	0	1
LOC107840792	LOC107840792	XM_047396682.1	protein_coding	0	4	3	383	0	0	0	0	154	0	0	0	0	55	3	0	0	0	0	0	0	0	4	0	0	169	4	0	1
LOC107840793	LOC107840793	XM_016684712.2	protein_coding	0	5	3	401	0	0	0	0	173	0	0	0	0	95	3	0	0	0	3	0	0	0	2	0	0	101	2	0	30
LOC107840795	LOC107840795	XM_016684713.2	protein_coding	0	13	9	268	0	0	0	0	129	0	0	0	0	45	9	0	0	0	5	0	0	0	8	0	0	63	5	0	26
LOC107840795	LOC107840795	XM_047396685.1	protein_coding	0	14	9	267	0	0	0	0	129	0	0	0	0	47	9	0	0	0	5	0	0	0	9	0	0	63	2	0	26
LOC107840796	LOC107840796	XM_016684714.2	protein_coding	1	15	8	586	0	0	0	0	272	0	1	0	0	26	8	0	0	0	11	0	0	0	4	0	0	232	3	0	53
LOC107840796	LOC107840796	XM_016684715.2	protein_coding	1	14	8	587	0	0	0	0	272	0	1	0	0	27	8	0	0	0	11	0	0	0	3	0	0	232	3	0	53
LOC107840797	LOC107840797	XM_047396686.1	protein_coding	0	12	2	242	0	0	0	0	167	0	0	0	0	8	2	0	0	0	0	0	0	0	12	0	0	64	3	0	0
LOC107840798	LOC107840798	XM_047396687.1	protein_coding	0	9	14	230	0	0	1	0	62	0	0	0	0	0	13	0	0	0	0	0	0	0	9	0	0	167	0	0	1
LOC107840799	LOC107840799	XM_016684720.2	protein_coding	0	4	4	315	1	0	0	0	71	0	0	0	0	65	3	0	0	0	0	0	0	0	4	0	0	173	4	0	2
LOC107840800	LOC107840800	XM_047396689.1	protein_coding	1	2	3	271	0	0	0	0	162	0	0	0	0	29	3	0	0	0	0	1	0	0	2	0	0	74	6	0	0
LOC107840802	LOC107840802	XM_016684732.2	protein_coding	0	6	12	593	0	0	0	0	147	0	0	0	0	245	12	0	0	0	0	0	0	0	6	0	0	188	8	0	5
LOC107840802	LOC107840802	XM_016684733.2	protein_coding	0	7	12	593	0	0	0	0	147	0	0	0	0	241	12	0	0	0	1	0	0	0	6	0	0	191	8	0	6
LOC107840802	LOC107840802	XM_016684735.2	protein_coding	0	4	10	597	0	0	0	0	147	0	0	0	0	249	10	0	0	0	0	0	0	0	4	0	0	191	8	0	2
LOC107840802	LOC107840802	XM_047396690.1	protein_coding	0	7	12	593	0	0	0	0	147	0	0	0	0	239	12	0	0	0	1	0	0	0	6	0	0	191	8	0	8
LOC107840802	LOC107840802	XM_047396691.1	protein_coding	0	7	12	593	0	0	0	0	147	0	0	0	0	237	12	0	0	0	1	0	0	0	6	0	0	192	8	0	9
LOC107840802	LOC107840802	XM_047396692.1	protein_coding	0	8	12	593	0	0	0	0	147	0	0	0	0	240	12	0	0	0	2	0	0	0	6	0	0	192	8	0	6
LOC107840802	LOC107840802	XM_047396693.1	protein_coding	0	9	12	593	0	0	0	0	147	0	0	0	0	217	12	0	0	0	3	0	0	0	6	0	0	202	8	0	19
LOC107840802	LOC107840802	XM_047396695.1	protein_coding	0	6	12	593	0	0	0	0	147	0	0	0	0	240	12	0	0	0	0	0	0	0	6	0	0	197	8	0	1
LOC107840802	LOC107840802	XM_047396696.1	protein_coding	1	6	12	594	0	0	0	0	147	0	0	0	0	238	12	0	0	1	0	0	0	0	6	0	1	200	8	1	1
LOC107840802	LOC107840802	XM_047396697.1	protein_coding	0	5	10	597	0	0	0	0	147	0	0	0	0	241	10	0	0	0	1	0	0	0	4	0	0	191	8	0	10
LOC107840802	LOC107840802	XR_007044661.1		0	0	0	611	0	0	0	0	147	31	0	0	0	245	0	0	0	0	0	0	0	0	0	0	0	188	0	0	0
LOC107840805	LOC107840805	XM_016684738.2	protein_coding	0	6	1	367	0	0	0	0	114	0	0	0	0	6	1	0	0	0	0	0	0	0	6	0	0	238	7	0	2
LOC107840807	LOC107840807	XR_007044656.1		0	0	0	279	0	0	0	0	120	46	0	0	0	0	0	0	0	0	0	0	0	0	0	0	0	113	0	0	0
LOC107840808	LOC107840808	XM_016684739.2	protein_coding	0	4	0	358	0	0	0	0	159	0	0	0	0	0	0	0	0	0	1	0	0	0	3	0	0	151	40	0	8
LOC107840809	LOC107840809	XM_016684740.2	protein_coding	0	9	4	274	0	0	0	0	83	0	0	0	0	0	4	0	0	0	0	0	0	0	9	0	0	180	3	0	8
LOC107840810	LOC107840810	XM_016684741.2	protein_coding	0	9	10	291	1	0	0	0	77	0	0	0	0	96	9	0	0	0	0	0	0	0	9	0	0	100	16	0	2
LOC107840810	LOC107840810	XM_016684742.2	protein_coding	0	9	10	291	1	0	0	0	77	0	0	0	0	96	9	0	0	0	0	0	0	0	9	0	0	100	16	0	2
LOC107840811	LOC107840811	XM_016684743.2	protein_coding	1	14	5	225	0	0	0	0	69	0	0	0	0	53	5	0	0	1	0	0	0	0	14	0	0	83	10	0	11
LOC107840812	LOC107840812	XM_016684744.2	protein_coding	0	0	0	336	0	0	0	0	126	0	0	0	0	37	0	0	0	0	0	0	0	0	0	0	0	165	3	0	5
LOC107840813	LOC107840813	XM_016684745.2	protein_coding	0	6	0	287	0	0	0	0	69	0	0	0	0	66	0	0	0	0	1	0	0	0	5	0	0	145	2	0	5
LOC107840813	LOC107840813	XR_001665309.2		0	0	0	293	0	0	0	0	69	8	0	0	0	71	0	0	0	0	0	0	0	0	0	0	0	145	0	0	0
LOC107840814	LOC107840814	XM_016684746.2	protein_coding	0	8	9	313	0	0	0	0	92	0	0	0	0	37	9	0	0	0	0	0	0	0	8	0	0	173	4	0	7
LOC107840815	LOC107840815	XM_016684747.2	protein_coding	0	1	3	157	0	0	0	0	20	0	0	0	0	29	3	0	0	0	0	0	0	0	1	0	0	82	18	0	8
LOC107840820	LOC107840820	XM_016684748.2	protein_coding	0	2	5	351	0	0	0	0	98	0	0	0	0	101	5	0	0	0	0	0	0	0	2	0	0	152	0	0	0
LOC107840821	LOC107840821	XM_016684752.2	protein_coding	0	4	8	421	1	0	0	0	156	0	0	0	0	112	7	0	0	0	0	0	0	0	4	0	0	144	3	0	6
LOC107840822	LOC107840822	XM_016684753.2	protein_coding	0	3	0	411	0	0	0	0	178	0	0	0	0	45	0	0	0	0	1	0	0	0	2	0	0	171	13	0	4
LOC107840822	LOC107840822	XM_016684754.2	protein_coding	0	3	0	411	0	0	0	0	178	0	0	0	0	45	0	0	0	0	1	0	0	0	2	0	0	171	13	0	4
LOC107840823	LOC107840823	XM_047396648.1	protein_coding	0	14	6	386	0	0	0	0	126	0	0	0	0	84	6	0	0	0	2	0	0	0	12	0	0	157	10	0	9
LOC107840823	LOC107840823	XM_047396649.1	protein_coding	0	13	6	387	0	0	0	0	126	0	0	0	0	85	6	0	0	0	2	0	0	0	11	0	0	157	10	0	9
LOC107840824	LOC107840824	XM_016684756.2	protein_coding	2	8	6	573	1	0	1	0	159	0	1	0	0	262	5	0	0	0	0	1	0	0	8	0	0	133	10	0	9
LOC107840825	LOC107840825	XM_016684757.2	protein_coding	0	7	8	435	0	0	0	0	147	0	0	0	0	143	8	0	0	0	2	0	0	0	5	0	0	132	7	0	6
LOC107840825	LOC107840825	XR_001665314.2		1	0	0	461	0	0	0	0	157	26	0	0	0	147	0	0	0	1	0	0	0	0	0	0	0	132	0	0	0
LOC107840827	LOC107840827	XM_016684758.2	protein_coding	2	1	10	505	4	0	0	0	97	0	0	0	0	234	6	0	2	0	0	0	0	0	1	0	0	143	29	0	4
LOC107840828	LOC107840828	XM_016684761.2	protein_coding	4	2	8	409	0	0	0	0	86	0	4	0	0	61	8	0	0	0	1	0	0	0	1	0	0	250	11	0	1
LOC107840828	LOC107840828	XM_016684763.2	protein_coding	4	3	8	413	0	0	0	0	86	0	4	0	0	65	8	0	0	0	2	0	0	0	1	0	0	250	7	0	5
LOC107840843	LOC107840843	XM_016684779.2	protein_coding	1	13	6	327	0	0	0	0	91	0	0	0	0	56	6	0	1	0	0	0	0	0	13	0	0	165	0	0	16
LOC107840844	LOC107840844	XM_016684780.2	protein_coding	0	3	2	309	0	0	0	0	105	0	0	0	0	18	2	0	0	0	1	0	0	0	2	0	0	174	5	0	7
LOC107840845	LOC107840845	XM_016684782.2	protein_coding	0	9	2	259	0	0	0	0	118	0	0	0	0	0	2	0	0	0	1	0	0	0	8	0	0	115	10	0	16
LOC107840847	LOC107840847	XM_016684783.2	protein_coding	0	12	18	359	0	0	0	0	121	0	0	0	0	11	18	0	0	0	2	0	0	0	10	0	0	209	11	0	7
LOC107840851	LOC107840851	XM_016684787.2	protein_coding	0	8	8	376	0	0	0	0	154	0	0	0	0	36	8	0	0	0	0	0	0	0	8	0	0	175	7	0	4
LOC107840853	LOC107840853	XM_016684789.2	protein_coding	1	32	16	306	1	0	0	0	150	0	1	0	0	19	15	0	0	0	0	0	0	0	32	0	0	106	23	0	8
LOC107840854	LOC107840854	XM_016684790.2	protein_coding	5	32	83	320	1	1	1	2	107	0	4	0	0	17	78	0	0	0	2	0	1	0	30	0	0	160	18	0	18
LOC107840854	LOC107840854	XM_047396651.1	protein_coding	5	32	83	320	1	1	1	2	107	0	4	0	0	17	78	0	0	0	2	0	1	0	30	0	0	160	18	0	18
LOC107840856	LOC107840856	XM_016684792.2	protein_coding	1	9	4	388	0	0	0	2	137	0	0	0	0	113	2	0	1	0	1	0	0	0	8	0	0	130	6	0	3
LOC107840857	LOC107840857	XM_016684793.2	protein_coding	0	14	2	459	0	0	0	0	211	0	0	0	0	5	2	0	0	0	9	0	0	0	5	0	0	164	14	0	65
LOC107840858	LOC107840858	XM_016684794.2	protein_coding	0	10	4	416	0	0	0	0	112	0	0	0	0	81	4	0	0	0	1	0	0	0	9	0	0	188	9	0	26
LOC107840860	LOC107840860	XM_047396655.1	protein_coding	6	25	38	293	1	0	0	0	180	0	4	0	0	24	37	0	0	0	1	0	1	1	24	0	0	87	0	0	2
LOC107840861	LOC107840861	XM_016684799.2	protein_coding	0	3	21	255	0	0	0	0	79	0	0	0	0	0	21	0	0	0	0	0	0	0	3	0	0	164	6	0	6
LOC107840862	LOC107840862	XM_016684800.2	protein_coding	0	16	13	346	0	1	0	0	115	0	0	0	0	68	12	0	0	0	2	0	0	0	14	0	0	153	5	0	5
LOC107840862	LOC107840862	XM_016684801.2	protein_coding	0	16	13	347	0	1	0	0	115	0	0	0	0	68	12	0	0	0	2	0	0	0	14	0	0	154	5	0	5
LOC107840863	LOC107840863	XM_016684802.2	protein_coding	1	11	11	335	1	0	0	0	200	0	1	0	0	67	10	0	0	0	2	0	0	0	9	0	0	45	14	0	9
LOC107840865	LOC107840865	XM_016684803.2	protein_coding	0	3	7	410	0	0	1	0	183	0	0	0	0	55	6	0	0	0	1	0	0	0	2	0	0	149	12	0	11
LOC107840865	LOC107840865	XM_016684804.2	protein_coding	0	3	7	410	0	0	1	0	183	0	0	0	0	57	6	0	0	0	1	0	0	0	2	0	0	149	10	0	11
LOC107840865	LOC107840865	XM_047396656.1	protein_coding	0	2	6	412	0	0	1	0	183	0	0	0	0	54	5	0	0	0	1	0	0	0	1	0	0	149	15	0	11
LOC107840865	LOC107840865	XR_007044657.1		0	0	0	419	0	0	0	0	183	31	0	0	0	56	0	0	0	0	0	0	0	0	0	0	0	149	0	0	0
LOC107840866	LOC107840866	XM_016684805.2	protein_coding	0	4	0	408	0	0	0	0	116	0	0	0	0	129	0	0	0	0	0	0	0	0	4	0	0	155	5	0	3
LOC107840866	LOC107840866	XM_047396657.1	protein_coding	1	5	1	399	0	0	0	0	119	0	1	0	0	83	1	0	0	0	0	0	0	0	5	0	0	153	42	0	2
LOC107840868	LOC107840868	XM_016684807.2	protein_coding	0	11	5	371	0	0	0	0	167	0	0	0	0	63	5	0	0	0	0	0	0	0	11	0	0	135	2	0	4
LOC107840868	LOC107840868	XM_047396658.1	protein_coding	0	11	5	367	0	0	0	0	167	0	0	0	0	61	5	0	0	0	0	0	0	0	11	0	0	135	2	0	2
LOC107840869	LOC107840869	XM_016684809.2	protein_coding	0	6	4	355	0	0	0	0	92	0	0	0	0	100	4	0	0	0	0	0	0	0	6	0	0	158	2	0	3
LOC107840870	LOC107840870	XM_016684811.2	protein_coding	0	5	7	273	1	0	0	0	91	0	0	0	0	64	6	0	0	0	0	0	0	0	5	0	0	101	5	0	12
LOC107840871	LOC107840871	XM_047396659.1	protein_coding	0	0	6	300	0	0	0	0	140	0	0	0	0	43	6	0	0	0	0	0	0	0	0	0	0	110	3	0	4
LOC107840872	LOC107840872	XM_016684813.2	protein_coding	0	3	0	358	0	0	0	0	131	0	0	0	0	37	0	0	0	0	0	0	0	0	3	0	0	179	3	0	8
LOC107840873	LOC107840873	XR_007045175.1		0	0	0	65	0	0	0	0	29	0	0	0	0	19	0	0	0	0	0	0	0	0	0	0	0	17	0	0	0
LOC107840875	LOC107840875	XM_016684819.2	protein_coding	0	8	16	388	0	0	0	0	156	0	0	0	0	0	16	0	0	0	4	0	0	0	4	0	0	211	4	0	17
LOC107840877	LOC107840877	XM_047396653.1	protein_coding	1	2	3	377	0	0	0	0	176	0	0	0	0	0	3	0	0	0	0	0	0	1	2	0	0	178	23	0	0
LOC107840878	LOC107840878	XM_016684820.2	protein_coding	0	7	19	442	0	0	0	0	171	0	0	0	0	0	19	0	0	0	0	0	0	0	7	0	0	250	11	0	10
LOC107840881	LOC107840881	XM_047396409.1	protein_coding	0	3	9	199	0	0	0	0	117	0	0	0	0	54	9	0	0	0	0	0	0	0	3	0	0	28	0	0	0
LOC107840883	LOC107840883	XM_016684824.2	protein_coding	5	11	8	652	0	0	1	0	248	0	5	0	0	140	7	0	1	2	1	0	0	0	10	0	0	262	2	0	3
LOC107840886	LOC107840886	XM_047396610.1	protein_coding	12	60	156	384	0	2	0	1	120	0	11	0	0	0	153	0	0	0	6	0	2	0	54	0	0	232	0	0	32
LOC107840888	LOC107840888	XM_016684828.2	protein_coding	0	2	2	502	0	0	0	0	143	0	0	0	0	90	2	0	0	0	1	0	0	0	1	0	0	255	1	0	13
LOC107840889	LOC107840889	XM_016684829.2	protein_coding	4	14	22	390	0	0	1	0	135	0	3	0	0	0	21	0	0	0	3	1	1	0	11	0	0	235	6	0	14
LOC107840890	LOC107840890	XM_047396608.1	protein_coding	0	7	0	442	0	0	0	0	86	0	0	0	0	178	0	0	0	0	0	0	0	0	7	0	0	168	0	0	10
LOC107840891	LOC107840891	XM_016684832.2	protein_coding	6	6	7	377	1	0	0	0	68	0	4	0	0	41	6	0	0	0	0	1	1	0	6	0	0	239	26	0	3
LOC107840892	LOC107840892	XM_016684833.2	protein_coding	0	8	3	636	0	0	0	0	217	0	0	0	0	220	3	0	0	0	0	0	0	0	8	0	0	179	9	0	11
LOC107840893	LOC107840893	XM_016684834.2	protein_coding	0	3	0	383	0	0	0	0	139	0	0	0	0	68	0	0	0	0	0	0	0	0	3	0	0	170	3	0	3
LOC107840894	LOC107840894	XM_016684835.2	protein_coding	0	13	12	377	0	0	0	0	173	0	0	0	0	22	12	0	0	0	3	0	0	0	10	0	0	132	13	0	37
LOC107840895	LOC107840895	XM_016684836.2	protein_coding	0	4	1	536	0	0	0	0	201	0	0	0	0	152	1	0	0	0	3	0	0	0	1	0	0	161	3	0	19
LOC107840896	LOC107840896	XM_016684837.2	protein_coding	0	14	23	428	0	0	0	0	108	0	0	0	0	129	23	0	0	0	2	0	0	0	12	0	0	169	7	0	15
LOC107840897	LOC107840897	XM_016684840.2	protein_coding	0	10	9	516	0	0	1	0	182	0	0	0	0	127	8	0	0	0	0	0	0	0	10	0	0	191	7	0	9
LOC107840897	LOC107840897	XM_016684841.2	protein_coding	0	11	9	516	0	0	1	0	182	0	0	0	0	121	8	0	0	0	1	0	0	0	10	0	0	191	7	0	15
LOC107840897	LOC107840897	XM_016684842.2	protein_coding	0	10	9	516	0	0	1	0	182	0	0	0	0	130	8	0	0	0	0	0	0	0	10	0	0	189	7	0	8
LOC107840898	LOC107840898	XM_016684843.2	protein_coding	2	3	0	512	0	0	0	1	200	0	1	0	0	73	0	0	0	0	0	2	0	0	3	0	0	233	2	0	4
LOC107840899	LOC107840899	XM_016684844.2	protein_coding	0	7	4	421	0	0	0	0	115	0	0	0	0	97	4	0	0	0	5	0	0	0	2	0	0	143	30	0	36
LOC107840899	LOC107840899	XM_016684845.2	protein_coding	0	7	4	421	0	0	0	0	115	0	0	0	0	114	4	0	0	0	5	0	0	0	2	0	0	143	13	0	36
LOC107840900	LOC107840900	XM_016684846.2	protein_coding	0	3	0	528	0	0	0	0	184	0	0	0	0	80	0	0	0	0	0	0	0	0	3	0	0	241	7	0	16
LOC107840904	LOC107840904	XM_016684849.2	protein_coding	2	9	13	294	1	0	1	2	81	0	2	0	0	52	9	0	0	0	1	0	0	0	8	0	0	149	3	0	9
LOC107840905	LOC107840905	XM_016684852.2	protein_coding	0	3	0	494	0	0	0	0	145	0	0	0	0	85	0	0	0	0	1	0	0	0	2	0	0	247	13	0	4
LOC107840905	LOC107840905	XM_016684853.2	protein_coding	0	3	0	489	0	0	0	0	145	0	0	0	0	78	0	0	0	0	1	0	0	0	2	0	0	246	13	0	7
LOC107840905	LOC107840905	XM_016684854.2	protein_coding	0	3	0	494	0	0	0	0	145	0	0	0	0	85	0	0	0	0	1	0	0	0	2	0	0	247	13	0	4
LOC107840906	LOC107840906	XM_047396618.1	protein_coding	11	19	30	354	1	0	1	1	135	0	11	0	0	0	27	0	0	0	4	0	1	0	15	0	0	182	3	0	34
LOC107840906	LOC107840906	XR_007044643.1		0	0	0	508	0	0	0	0	104	92	0	0	0	131	0	0	0	0	0	0	0	0	0	0	0	181	0	0	0
LOC107840907	LOC107840907	XM_016684857.2	protein_coding	1	31	32	353	0	0	0	1	156	0	1	0	0	22	31	0	0	0	9	0	0	0	22	0	0	123	14	0	38
LOC107840908	LOC107840908	XR_001665347.2		0	0	0	463	0	0	0	0	209	77	0	0	0	13	0	0	0	0	0	0	0	0	0	0	0	164	0	0	0
LOC107840909	LOC107840909	XM_016684858.2	protein_coding	0	5	6	493	0	0	0	0	190	0	0	0	0	130	6	0	0	0	0	0	0	0	5	0	0	170	0	0	3
LOC107840909	LOC107840909	XM_047396619.1	protein_coding	0	5	7	492	0	0	0	0	190	0	0	0	0	129	7	0	0	0	0	0	0	0	5	0	0	170	0	0	3
LOC107840909	LOC107840909	XM_047396620.1	protein_coding	0	5	7	487	0	0	0	0	190	0	0	0	0	123	7	0	0	0	0	0	0	0	5	0	0	171	0	0	3
LOC107840911	LOC107840911	XM_016684859.2	protein_coding	0	2	2	396	0	0	0	0	232	0	0	0	0	0	2	0	0	0	1	0	0	0	1	0	0	145	2	0	17
LOC107840912	LOC107840912	XM_016684860.2	protein_coding	0	5	3	287	0	0	0	0	171	0	0	0	0	0	3	0	0	0	4	0	0	0	1	0	0	96	2	0	18
LOC107840913	LOC107840913	XM_016684861.2	protein_coding	0	0	0	596	0	0	0	0	125	0	0	0	0	206	0	0	0	0	0	0	0	0	0	0	0	251	0	0	14
LOC107840913	LOC107840913	XM_047396624.1	protein_coding	1	11	0	383	0	0	0	0	125	0	0	0	0	41	0	0	0	1	11	0	0	0	0	0	0	158	0	0	60
LOC107840915	LOC107840915	XM_047396604.1	protein_coding	2	2	7	346	0	0	0	0	140	0	1	0	0	56	7	0	0	0	0	0	1	0	2	0	0	141	9	0	0
LOC107840916	LOC107840916	XM_016684866.2	protein_coding	0	16	15	585	0	0	0	0	158	0	0	0	0	168	15	0	0	0	0	0	0	0	16	0	0	236	13	0	10
LOC107840917	LOC107840917	XM_016684867.2	protein_coding	0	6	2	487	0	0	0	0	202	0	0	0	0	119	2	0	0	0	1	0	0	0	5	0	0	152	3	0	11
LOC107840919	LOC107840919	XM_016684868.2	protein_coding	1	4	2	592	0	0	0	0	144	0	0	0	0	165	2	0	0	0	0	0	1	0	4	0	0	267	7	0	9
LOC107840919	LOC107840919	XR_001665348.2		1	0	0	627	0	0	0	0	122	28	0	0	0	209	0	0	1	0	0	0	0	0	0	0	0	270	0	0	0
LOC107840920	LOC107840920	XM_016684870.2	protein_coding	0	1	3	671	0	0	0	0	137	0	0	0	0	131	3	0	0	0	0	0	0	0	1	0	0	380	9	0	14
LOC107840921	LOC107840921	XM_016684872.2	protein_coding	2	20	13	300	0	0	1	0	217	0	2	0	0	0	12	0	0	0	0	0	1	1	20	0	0	68	13	0	2
LOC107840922	LOC107840922	XM_047396605.1	protein_coding	1	11	40	446	0	0	0	1	68	0	1	0	0	169	39	0	0	0	0	0	0	0	11	0	0	201	7	0	1
LOC107840923	LOC107840923	XM_016684874.2	protein_coding	0	11	3	540	0	0	0	0	182	0	0	0	0	148	3	0	0	0	0	0	0	0	11	0	0	201	1	0	8
LOC107840923	LOC107840923	XM_016684875.2	protein_coding	0	11	2	535	0	0	0	0	182	0	0	0	0	148	2	0	0	0	0	0	0	0	11	0	0	203	1	0	1
LOC107840924	LOC107840924	XM_047396606.1	protein_coding	2	10	3	556	0	2	0	0	174	0	1	0	0	142	1	0	0	0	2	0	1	0	8	0	0	222	15	0	3
LOC107840925	LOC107840925	XM_016684877.2	protein_coding	0	7	3	483	0	0	0	0	213	0	0	0	0	70	3	0	0	0	0	0	0	0	7	0	0	194	4	0	2
LOC107840926	LOC107840926	XM_016684878.2	protein_coding	0	6	1	529	0	0	0	0	152	0	0	0	0	127	1	0	0	0	1	0	0	0	5	0	0	231	15	0	4
LOC107840926	LOC107840926	XM_016684879.2	protein_coding	0	7	1	529	0	0	0	0	152	0	0	0	0	123	1	0	0	0	2	0	0	0	5	0	0	234	15	0	5
LOC107840928	LOC107840928	XM_016684880.2	protein_coding	0	13	8	475	0	0	0	0	180	0	0	0	0	111	8	0	0	0	0	0	0	0	13	0	0	168	7	0	9
LOC107840929	LOC107840929	XM_016684881.2	protein_coding	1	12	11	476	0	0	1	0	124	0	1	0	0	106	10	0	0	0	5	0	0	0	7	0	0	211	4	0	31
LOC107840932	LOC107840932	XM_016684885.2	protein_coding	11	13	11	596	2	0	2	0	166	0	9	0	0	206	7	0	1	0	1	0	1	0	12	0	0	210	0	0	15
LOC107840932	LOC107840932	XM_016684886.2	protein_coding	9	7	7	606	2	0	2	0	166	0	8	0	0	205	3	0	0	0	2	0	1	0	5	0	0	214	0	0	21
LOC107840932	LOC107840932	XM_047396603.1	protein_coding	7	12	9	600	0	0	2	0	166	0	5	0	0	213	7	0	1	0	1	0	1	0	11	0	0	211	0	0	11
LOC107840934	LOC107840934	XM_047396602.1	protein_coding	0	5	5	329	0	0	0	0	81	0	0	0	0	79	5	0	0	0	0	0	0	0	5	0	0	166	0	0	3
LOC107840936	LOC107840936	XM_016684890.2	protein_coding	0	10	4	671	0	0	0	0	310	0	0	0	0	170	4	0	0	0	0	0	0	0	10	0	0	180	11	0	0
LOC107840938	LOC107840938	XM_016684892.2	protein_coding	1	37	90	793	0	0	1	0	304	0	1	0	0	18	89	0	0	0	4	0	0	0	33	0	0	433	14	0	24
LOC107840939	LOC107840939	XM_016684893.2	protein_coding	0	3	5	279	0	0	0	0	130	0	0	0	0	0	5	0	0	0	0	0	0	0	3	0	0	137	9	0	3
LOC107840940	LOC107840940	XM_047396601.1	protein_coding	0	4	1	327	0	0	0	0	149	0	0	0	0	38	1	0	0	0	2	0	0	0	2	0	0	121	8	0	11
LOC107840941	LOC107840941	XM_016684895.2	protein_coding	0	4	7	546	0	0	0	0	128	0	0	0	0	192	7	0	0	0	0	0	0	0	4	0	0	212	10	0	4
LOC107840942	LOC107840942	XM_016684896.2	protein_coding	0	10	5	611	0	0	0	0	233	0	0	0	0	174	5	0	0	0	0	0	0	0	10	0	1	197	2	0	4
LOC107840942	LOC107840942	XM_047396599.1	protein_coding	5	13	7	602	0	0	0	0	233	0	4	0	0	116	7	0	0	0	3	1	1	0	10	0	0	201	2	0	50
LOC107840942	LOC107840942	XM_047396600.1	protein_coding	2	15	5	607	0	0	0	0	233	0	0	0	0	153	5	0	0	1	5	0	1	0	10	0	0	199	2	0	21
LOC107840943	LOC107840943	XM_016684898.2	protein_coding	0	6	4	552	0	0	0	0	121	0	0	0	0	213	4	0	0	0	0	0	0	0	6	0	0	206	6	0	6
LOC107840944	LOC107840944	XM_016684900.2	protein_coding	0	14	6	493	0	0	0	0	240	0	0	0	0	0	6	0	0	0	0	0	0	0	14	0	0	233	15	0	5
LOC107840944	LOC107840944	XM_047396598.1	protein_coding	0	13	6	490	0	0	0	0	240	0	0	0	0	1	6	0	0	0	0	0	0	0	13	0	0	234	15	0	0
LOC107840945	LOC107840945	XR_001665350.2		0	0	0	456	0	0	0	0	222	14	0	0	0	93	0	0	0	0	0	0	0	0	0	0	0	127	0	0	0
LOC107840946	LOC107840946	XM_047396593.1	protein_coding	1	13	9	498	0	0	0	0	196	0	0	0	0	139	9	0	1	0	0	0	0	0	12	1	0	157	5	0	2
LOC107840947	LOC107840947	XM_016684902.2	protein_coding	0	0	1	436	0	0	0	0	128	0	0	0	0	71	1	0	0	0	0	0	0	0	0	0	0	228	2	0	7
LOC107840948	LOC107840948	XM_016684903.2	protein_coding	1	22	8	550	0	0	0	0	27	0	0	0	0	294	8	0	0	0	1	0	1	0	21	0	0	221	5	0	3
LOC107840948	LOC107840948	XM_047396592.1	protein_coding	1	19	9	544	0	0	0	0	51	0	0	0	0	269	9	0	0	0	1	0	1	0	18	0	0	221	0	0	3
LOC107840949	LOC107840949	XM_016684904.2	protein_coding	0	4	0	197	0	0	0	0	138	0	0	0	0	26	0	0	0	0	1	0	0	0	3	0	0	27	2	0	4
LOC107840950	LOC107840950	XM_016684905.2	protein_coding	0	0	1	468	0	0	0	0	147	0	0	0	0	58	1	0	0	0	0	0	0	0	0	0	0	256	5	0	2
LOC107840952	LOC107840952	XM_016684906.2	protein_coding	0	9	4	512	0	0	0	0	98	0	0	0	0	333	4	0	0	0	0	0	0	0	9	0	0	62	11	0	8
LOC107840952	LOC107840952	XM_016684907.2	protein_coding	0	9	4	512	0	0	0	0	98	0	0	0	0	333	4	0	0	0	0	0	0	0	9	0	0	62	11	0	8
LOC107840952	LOC107840952	XM_016684908.2	protein_coding	0	6	1	337	0	0	0	0	98	0	0	0	0	80	1	0	0	0	0	0	0	0	6	0	0	148	11	0	0
LOC107840952	LOC107840952	XM_016684909.2	protein_coding	0	6	1	332	0	0	0	0	98	0	0	0	0	76	1	0	0	0	0	0	0	0	6	0	0	146	11	0	1
LOC107840953	LOC107840953	XM_016684911.2	protein_coding	6	5	20	332	0	2	0	0	136	0	6	0	0	17	18	0	0	0	0	0	0	0	5	0	0	161	16	0	2
LOC107840954	LOC107840954	XM_016684914.2	protein_coding	0	8	2	699	0	0	0	0	212	0	0	0	0	93	2	0	0	0	1	0	0	0	7	0	0	384	6	0	4
LOC107840955	LOC107840955	XM_016684915.2	protein_coding	0	8	4	389	0	0	0	0	52	0	0	0	0	108	4	0	0	0	1	0	0	0	7	0	0	213	9	0	7
LOC107840955	LOC107840955	XM_047396591.1	protein_coding	1	6	3	384	0	0	0	0	52	0	0	0	0	108	3	0	0	0	0	1	0	0	6	0	0	214	9	0	1
LOC107840956	LOC107840956	XM_016684916.2	protein_coding	0	8	0	539	0	0	0	0	236	0	0	0	0	150	0	0	0	0	2	0	0	0	6	0	0	112	16	0	25
LOC107840957	LOC107840957	XM_016684917.2	protein_coding	0	4	5	634	0	0	0	0	326	0	0	0	0	181	5	0	0	0	0	0	0	0	4	0	0	111	15	0	1
LOC107840959	LOC107840959	XM_016684918.2	protein_coding	0	5	5	641	0	0	0	0	230	0	0	0	0	148	5	0	0	0	1	0	0	0	4	0	0	259	1	0	3
LOC107840960	LOC107840960	XM_016684919.2	protein_coding	0	6	3	478	0	0	0	0	187	0	0	0	0	108	3	0	0	0	2	0	0	0	4	0	0	167	2	0	14
LOC107840961	LOC107840961	XM_016684921.2	protein_coding	0	11	14	504	1	0	0	3	172	0	0	0	0	59	10	0	0	0	3	0	0	0	8	0	0	254	8	0	11
LOC107840962	LOC107840962	NM_001324590.1	protein_coding	1	16	2	1058	0	0	0	0	147	0	0	0	0	750	2	0	1	0	0	0	0	0	16	0	0	157	3	0	2
LOC107840963	LOC107840963	XM_016684926.2	protein_coding	0	18	16	349	0	0	0	0	129	0	0	0	0	0	16	0	0	0	7	0	0	0	11	0	0	137	13	0	70
LOC107840964	LOC107840964	XM_016684928.2	protein_coding	0	2	1	413	0	0	0	0	118	0	0	0	0	156	1	0	0	0	0	0	0	0	2	0	0	132	3	0	4
LOC107840965	LOC107840965	XM_016684929.2	protein_coding	0	9	6	662	0	0	0	0	180	0	0	0	0	211	6	0	0	0	0	0	0	0	9	0	0	255	14	0	2
LOC107840967	LOC107840967	XM_047396590.1	protein_coding	0	4	8	678	0	0	0	0	237	0	0	0	0	242	8	0	0	0	0	0	0	0	4	0	0	196	0	0	3
LOC107840969	LOC107840969	XM_016684935.2	protein_coding	1	7	8	943	0	0	0	0	157	0	0	0	0	583	8	0	0	1	0	0	0	0	7	0	0	197	6	0	1
LOC107840969	LOC107840969	XM_016684936.2	protein_coding	0	7	10	972	0	0	0	0	157	0	0	0	0	613	10	0	0	0	0	0	0	0	7	0	0	191	6	0	5
LOC107840969	LOC107840969	XM_047396587.1	protein_coding	1	5	8	945	0	0	0	0	157	0	0	0	0	585	8	0	0	1	0	0	0	0	5	0	0	197	6	0	1
LOC107840969	LOC107840969	XM_047396588.1	protein_coding	0	11	7	872	0	0	0	0	157	0	0	0	0	518	7	0	0	0	5	0	0	0	6	0	0	172	6	0	19
LOC107840969	LOC107840969	XM_047396589.1	protein_coding	0	6	6	406	0	0	0	0	157	0	0	0	0	94	6	0	0	0	0	0	0	0	6	0	0	147	6	0	2
LOC107840970	LOC107840970	XM_016684937.2	protein_coding	2	13	18	371	0	0	0	0	98	0	2	0	0	1	18	0	0	0	0	1	0	0	13	0	0	261	6	0	5
LOC107840971	LOC107840971	XM_016684938.2	protein_coding	0	10	1	595	0	0	0	0	139	0	0	0	0	157	1	0	0	0	1	0	0	0	9	0	0	284	6	0	9
LOC107840971	LOC107840971	XM_047396586.1	protein_coding	0	9	0	597	0	0	0	0	139	0	0	0	0	154	0	0	0	0	1	0	0	0	8	0	0	287	6	0	11
LOC107840972	LOC107840972	XM_016684939.2	protein_coding	0	1	0	458	0	0	0	0	145	0	0	0	0	99	0	0	0	0	0	0	0	0	1	0	0	205	4	0	5
LOC107840973	LOC107840973	XM_016684940.2	protein_coding	0	3	3	826	1	0	0	0	206	0	0	0	0	375	2	0	0	0	0	0	0	0	3	0	0	214	28	0	3
LOC107840974	LOC107840974	XM_016684941.2	protein_coding	0	16	21	1244	0	0	0	0	268	0	0	0	0	659	21	0	0	0	0	0	0	0	16	0	0	283	30	0	4
LOC107840974	LOC107840974	XM_016684942.2	protein_coding	0	21	20	1137	0	0	0	0	268	0	0	0	0	591	20	0	0	0	4	0	0	0	17	0	0	235	30	0	13
LOC107840974	LOC107840974	XM_047396582.1	protein_coding	0	17	29	1235	0	0	0	0	268	0	0	0	0	650	29	0	0	0	0	0	0	0	17	0	0	283	30	0	4
LOC107840974	LOC107840974	XM_047396583.1	protein_coding	0	15	22	1244	0	0	0	0	268	0	0	0	0	659	22	0	0	0	0	0	0	0	15	0	0	283	30	0	4
LOC107840976	LOC107840976	XM_016684946.2	protein_coding	1	7	3	1122	0	0	0	0	371	0	0	0	0	473	3	0	1	0	5	0	0	0	2	0	0	243	13	0	23
LOC107840976	LOC107840976	XM_016684948.2	protein_coding	1	7	3	1122	0	0	0	0	371	0	0	0	0	475	3	0	1	0	5	0	0	0	2	0	0	243	13	0	21
LOC107840976	LOC107840976	XM_016684950.2	protein_coding	0	7	3	1123	0	0	0	0	371	0	0	0	0	473	3	0	0	0	5	0	0	0	2	0	0	243	13	0	23
LOC107840976	LOC107840976	XM_016684951.2	protein_coding	1	4	3	1126	0	0	0	0	371	0	0	0	0	479	3	0	1	0	2	0	0	0	2	0	0	242	13	0	22
LOC107840976	LOC107840976	XM_016684952.2	protein_coding	1	4	3	1122	0	0	0	0	371	0	0	0	0	481	3	0	1	0	2	0	0	0	2	0	0	243	13	0	15
LOC107840976	LOC107840976	XM_016684954.2	protein_coding	0	4	3	1123	0	0	0	0	371	0	0	0	0	479	3	0	0	0	2	0	0	0	2	0	0	243	13	0	17
LOC107840976	LOC107840976	XM_016684955.2	protein_coding	0	7	3	1123	0	0	0	0	371	0	0	0	0	479	3	0	0	0	5	0	0	0	2	0	0	243	13	0	17
LOC107840976	LOC107840976	XM_016684956.2	protein_coding	0	3	3	1112	0	0	0	0	371	0	0	0	0	485	3	0	0	0	1	0	0	0	2	0	0	239	13	0	4
LOC107840976	LOC107840976	XM_047396576.1	protein_coding	0	11	3	1123	0	0	0	0	371	0	0	0	0	448	3	0	0	0	9	0	0	0	2	0	0	243	13	0	48
LOC107840976	LOC107840976	XM_047396577.1	protein_coding	1	7	3	1122	0	0	0	0	371	0	0	0	0	463	3	0	1	0	5	0	0	0	2	0	0	243	13	0	33
LOC107840976	LOC107840976	XM_047396578.1	protein_coding	1	4	3	1122	0	0	0	0	371	0	0	0	0	479	3	0	1	0	2	0	0	0	2	0	0	243	13	0	17
LOC107840976	LOC107840976	XM_047396579.1	protein_coding	0	9	2	1114	0	0	0	0	371	0	0	0	0	450	2	0	0	0	8	0	0	0	1	0	0	239	13	0	41
LOC107840976	LOC107840976	XM_047396580.1	protein_coding	0	5	2	1114	0	0	0	0	371	0	0	0	0	481	2	0	0	0	4	0	0	0	1	0	0	239	13	0	10
LOC107840976	LOC107840976	XM_047396581.1	protein_coding	0	2	2	1114	0	0	0	0	371	0	0	0	0	487	2	0	0	0	1	0	0	0	1	0	0	239	13	0	4
LOC107840979	LOC107840979	XR_007044639.1		0	0	0	284	0	0	0	0	167	30	0	0	0	6	0	0	0	0	0	0	0	0	0	0	0	81	0	0	0
LOC107840979	LOC107840979	XR_007044640.1		0	0	0	284	0	0	0	0	167	26	0	0	0	10	0	0	0	0	0	0	0	0	0	0	0	81	0	0	0
LOC107840980	LOC107840980	XM_016684957.2	protein_coding	0	18	27	627	0	0	0	0	93	0	0	0	0	297	27	0	0	0	1	0	0	0	17	0	0	231	4	0	2
LOC107840981	LOC107840981	XM_016684958.2	protein_coding	0	12	26	225	0	0	1	0	98	0	0	0	0	69	25	0	0	0	0	0	0	0	12	0	0	52	2	0	4
LOC107840982	LOC107840982	XM_016684959.2	protein_coding	0	9	9	458	0	0	0	0	86	0	0	0	0	293	9	0	0	0	0	0	0	0	9	0	0	60	13	0	6
LOC107840983	LOC107840983	XM_016684960.2	protein_coding	1	12	2	588	0	0	0	0	167	0	0	0	0	124	2	0	1	0	0	0	0	0	12	0	0	279	9	0	10
LOC107840983	LOC107840983	XM_016684961.2	protein_coding	0	12	2	588	0	0	0	0	167	0	0	0	0	124	2	0	0	0	0	0	0	0	12	0	0	281	9	0	7
LOC107840984	LOC107840984	XM_016684962.2	protein_coding	2	13	10	659	0	0	0	0	161	0	2	0	0	201	10	0	0	0	0	0	0	0	13	0	0	289	6	0	2
LOC107840984	LOC107840984	XM_016684963.2	protein_coding	2	13	10	660	0	0	0	0	161	0	2	0	0	201	10	0	0	0	0	0	0	0	13	0	0	290	6	0	2
LOC107840986	LOC107840986	XM_016684964.2	protein_coding	2	9	16	516	0	1	0	0	242	0	2	0	0	0	15	0	0	0	3	0	0	0	6	0	0	262	3	0	9
LOC107840987	LOC107840987	XM_016684965.2	protein_coding	2	16	14	338	0	0	0	1	57	0	2	0	0	69	13	0	0	0	1	0	1	0	15	0	0	203	5	0	4
LOC107840987	LOC107840987	XM_016684968.2	protein_coding	2	17	14	336	0	0	0	1	57	0	2	0	0	68	13	0	0	0	2	0	1	0	15	0	0	201	5	0	5
LOC107840987	LOC107840987	XM_016684969.2	protein_coding	2	15	14	333	0	0	0	1	57	0	2	0	0	67	13	0	0	0	0	0	1	0	15	0	0	201	5	0	3
LOC107840988	LOC107840988	XM_016684971.2	protein_coding	7	25	54	707	0	0	0	0	343	0	3	0	0	240	54	0	0	1	3	0	3	0	22	0	0	69	22	0	34
LOC107840988	LOC107840988	XM_016684972.2	protein_coding	7	25	54	707	0	0	0	0	343	0	3	0	0	239	54	0	0	1	3	0	3	0	22	0	0	69	23	0	34
LOC107840988	LOC107840988	XR_007044637.1		2	0	0	788	0	0	0	0	343	65	0	0	0	313	0	0	1	1	0	0	0	0	0	0	0	69	0	0	0
LOC107840990	LOC107840990	XM_016684975.2	protein_coding	5	33	76	178	0	2	0	1	82	0	4	0	0	4	73	0	0	0	0	0	1	0	33	0	0	63	29	0	0
LOC107840990	LOC107840990	XM_016684976.2	protein_coding	4	31	73	184	0	1	0	0	82	0	3	0	0	38	72	0	0	0	0	0	1	0	31	0	0	63	1	0	0
LOC107840994	LOC107840994	XR_001665359.2		0	0	0	36	0	0	0	0	23	5	0	0	0	6	0	0	0	0	0	0	0	0	0	0	0	2	0	0	0
LOC107840994	LOC107840994	XR_007044629.1		0	0	0	32	0	0	0	0	25	5	0	0	0	0	0	0	0	0	0	0	0	0	0	0	0	2	0	0	0
LOC107840994	LOC107840994	XR_007044630.1		0	0	0	32	0	0	0	0	25	5	0	0	0	0	0	0	0	0	0	0	0	0	0	0	0	2	0	0	0
LOC107840994	LOC107840994	XR_007044631.1		0	0	0	32	0	0	0	0	25	5	0	0	0	0	0	0	0	0	0	0	0	0	0	0	0	2	0	0	0
LOC107840994	LOC107840994	XR_007044632.1		0	0	0	32	0	0	0	0	25	5	0	0	0	0	0	0	0	0	0	0	0	0	0	0	0	2	0	0	0
LOC107840994	LOC107840994	XR_007044633.1		0	0	0	32	0	0	0	0	25	5	0	0	0	0	0	0	0	0	0	0	0	0	0	0	0	2	0	0	0
LOC107840994	LOC107840994	XR_007044634.1		0	0	0	32	0	0	0	0	25	5	0	0	0	0	0	0	0	0	0	0	0	0	0	0	0	2	0	0	0
LOC107840996	LOC107840996	XM_047396574.1	protein_coding	16	43	83	314	1	2	1	0	41	0	12	0	0	81	80	0	0	0	4	0	4	0	39	0	0	124	5	0	63
LOC107840999	LOC107840999	XM_047396569.1	protein_coding	12	26	83	3155	3	2	0	1	402	0	8	0	0	2547	77	0	0	0	2	0	4	0	24	0	0	165	23	0	18
LOC107840999	LOC107840999	XM_047396570.1	protein_coding	11	24	80	3160	3	2	0	1	402	0	8	0	0	2541	74	0	0	0	1	0	3	0	23	0	0	181	23	0	13
LOC107840999	LOC107840999	XM_047396571.1	protein_coding	11	25	80	3160	3	2	0	1	402	0	8	0	0	2536	74	0	0	0	2	0	3	0	23	0	0	181	23	0	18
LOC107840999	LOC107840999	XM_047396572.1	protein_coding	12	97	80	2157	3	2	0	1	402	0	8	0	0	867	74	0	0	1	74	0	3	0	23	0	0	322	23	0	544
LOC107841000	LOC107841000	XM_047396561.1	protein_coding	6	60	117	470	1	0	1	2	230	0	3	0	0	102	113	0	0	0	2	0	2	1	58	0	0	110	19	0	9
LOC107841000	LOC107841000	XM_047396562.1	protein_coding	7	60	117	469	1	0	1	2	230	0	3	0	0	102	113	0	1	0	2	0	2	1	58	0	0	110	19	0	9
LOC107841000	LOC107841000	XR_007044623.1		0	0	0	651	0	0	0	0	230	37	0	0	0	288	0	0	0	0	0	0	0	0	0	0	0	96	0	0	0
LOC107841001	LOC107841001	XR_007044620.1		0	0	0	558	0	0	0	0	214	77	0	0	0	2	0	0	0	0	0	0	0	0	0	0	0	265	0	0	0
LOC107841003	LOC107841003	XM_047396559.1	protein_coding	6	33	47	625	0	0	0	0	230	0	5	0	0	32	47	0	0	0	20	0	1	0	13	0	0	222	23	0	118
LOC107841004	LOC107841004	XR_001665375.2		0	0	0	1885	0	0	0	0	204	80	0	0	0	1369	0	0	0	0	0	0	0	0	0	0	0	232	0	0	0
LOC107841004	LOC107841004	XR_001665376.2		0	0	0	779	0	0	0	0	224	81	0	0	0	221	0	0	0	0	0	0	0	0	0	0	0	253	0	0	0
LOC107841004	LOC107841004	XR_007044617.1		0	0	0	708	0	0	0	0	224	73	0	0	0	179	0	0	0	0	0	0	0	0	0	0	0	232	0	0	0
LOC107841004	LOC107841004	XR_007044618.1		0	0	0	708	0	0	0	0	224	72	0	0	0	180	0	0	0	0	0	0	0	0	0	0	0	232	0	0	0
LOC107841005	LOC107841005	XM_047396557.1	protein_coding	10	29	73	1628	1	0	2	0	200	0	7	0	0	704	70	0	0	0	5	0	2	1	23	1	0	144	561	0	19
LOC107841005	LOC107841005	XR_007044613.1		0	0	0	562	0	0	0	0	260	36	0	0	0	122	0	0	0	0	0	0	0	0	0	0	0	144	0	0	0
LOC107841005	LOC107841005	XR_007044614.1		0	0	0	553	0	0	0	0	262	29	0	0	0	118	0	0	0	0	0	0	0	0	0	0	0	144	0	0	0
LOC107841007	LOC107841007	XM_016684994.2	protein_coding	1	14	11	658	0	0	0	0	230	0	1	0	0	6	11	0	0	0	10	0	0	0	4	0	0	210	149	0	63
LOC107841007	LOC107841007	XM_047396554.1	protein_coding	4	26	19	648	1	0	0	0	230	0	2	0	0	6	18	0	0	0	23	0	1	1	3	0	0	210	51	0	151
LOC107841007	LOC107841007	XM_047396555.1	protein_coding	4	25	19	648	1	0	0	0	230	0	2	0	0	11	18	0	0	0	22	0	1	1	3	0	0	210	51	0	146
LOC107841007	LOC107841007	XM_047396556.1	protein_coding	4	17	19	648	1	0	0	0	230	0	2	0	0	60	18	0	0	0	14	0	1	1	3	0	0	210	51	0	97
LOC107841007	LOC107841007	XR_001665377.2		0	0	0	692	0	0	0	0	217	114	0	0	0	151	0	0	0	0	0	0	0	0	0	0	0	210	0	0	0
LOC107841007	LOC107841007	XR_001665378.2		0	0	0	692	0	0	0	0	217	60	0	0	0	205	0	0	0	0	0	0	0	0	0	0	0	210	0	0	0
LOC107841007	LOC107841007	XR_007044610.1		0	0	0	692	0	0	0	0	217	111	0	0	0	154	0	0	0	0	0	0	0	0	0	0	0	210	0	0	0
LOC107841011	LOC107841011	XM_047396552.1	protein_coding	5	9	24	476	0	0	0	0	179	0	5	0	0	15	24	0	0	0	5	0	0	0	4	0	0	242	4	0	36
LOC107841011	LOC107841011	XM_047396553.1	protein_coding	5	14	24	596	0	0	0	0	179	0	5	0	0	50	24	0	0	0	10	0	0	0	4	0	0	297	4	0	66
LOC107841015	LOC107841015	XM_047396549.1	protein_coding	0	1	2	921	0	0	0	0	238	0	0	0	0	489	2	0	0	0	0	0	0	0	1	0	0	186	4	0	4
LOC107841018	LOC107841018	XM_016685005.2	protein_coding	0	5	2	670	0	0	0	0	222	0	0	0	0	147	2	0	0	0	2	0	0	0	3	0	0	260	11	0	30
LOC107841018	LOC107841018	XM_016685006.2	protein_coding	0	5	2	669	0	0	0	0	222	0	0	0	0	147	2	0	0	0	2	0	0	0	3	0	0	260	11	0	29
LOC107841018	LOC107841018	XM_016685007.2	protein_coding	0	5	2	671	0	0	0	0	222	0	0	0	0	147	2	0	0	0	2	0	0	0	3	0	0	259	11	0	32
LOC107841018	LOC107841018	XM_016685008.2	protein_coding	0	5	2	669	0	0	0	0	222	0	0	0	0	147	2	0	0	0	2	0	0	0	3	0	0	260	11	0	29
LOC107841019	LOC107841019	XM_016685010.2	protein_coding	0	7	0	513	0	0	0	0	209	0	0	0	0	65	0	0	0	0	0	0	0	0	7	0	0	188	39	0	12
LOC107841019	LOC107841019	XR_001665382.2		0	0	0	517	0	0	0	0	209	40	0	0	0	82	0	0	0	0	0	0	0	0	0	0	0	186	0	0	0
LOC107841019	LOC107841019	XR_001665383.2		1	0	0	516	0	0	0	0	209	39	0	0	0	83	0	0	0	1	0	0	0	0	0	0	0	186	0	0	0
LOC107841019	LOC107841019	XR_007044606.1		0	0	0	517	0	0	0	0	209	46	0	0	0	76	0	0	0	0	0	0	0	0	0	0	0	186	0	0	0
LOC107841019	LOC107841019	XR_007044607.1		1	0	0	516	0	0	0	0	209	45	0	0	0	77	0	0	0	1	0	0	0	0	0	0	0	186	0	0	0
LOC107841020	LOC107841020	XM_016685011.2	protein_coding	0	3	3	505	0	0	0	0	177	0	0	0	0	88	3	0	0	0	3	0	0	0	0	0	0	231	4	0	5
LOC107841020	LOC107841020	XM_016685012.2	protein_coding	0	3	3	496	0	0	0	0	172	0	0	0	0	84	3	0	0	0	3	0	0	0	0	0	0	231	4	0	5
LOC107841021	LOC107841021	XM_016685013.2	protein_coding	0	3	0	251	0	0	0	0	62	0	0	0	0	87	0	0	0	0	0	0	0	0	3	0	0	85	15	0	2
LOC107841021	LOC107841021	XM_016685014.2	protein_coding	0	3	0	248	0	0	0	0	62	0	0	0	0	87	0	0	0	0	0	0	0	0	3	0	0	83	15	0	1
LOC107841022	LOC107841022	XM_047396546.1	protein_coding	0	5	2	362	0	0	0	0	190	0	0	0	0	0	2	0	0	0	3	0	0	0	2	0	0	156	8	0	8
LOC107841024	LOC107841024	XM_016685020.2	protein_coding	0	13	13	701	0	0	0	1	231	0	0	0	0	315	12	0	0	0	2	0	0	0	11	0	0	150	1	0	4
LOC107841024	LOC107841024	XM_016685022.2	protein_coding	0	12	10	705	0	0	0	1	231	0	0	0	0	317	9	0	0	0	2	0	0	0	10	0	0	150	3	0	4
LOC107841025	LOC107841025	XM_016685023.2	protein_coding	3	22	22	577	1	0	0	0	175	0	3	0	0	242	21	0	0	0	4	0	0	0	18	0	0	126	8	0	26
LOC107841026	LOC107841026	XM_016685024.2	protein_coding	1	11	2	536	0	0	0	0	139	0	0	0	0	187	2	0	0	1	8	0	0	0	3	0	0	159	4	0	48
LOC107841026	LOC107841026	XM_016685026.2	protein_coding	0	9	2	537	0	0	0	0	139	0	0	0	0	200	2	0	0	0	6	0	0	0	3	0	0	159	4	0	35
LOC107841026	LOC107841026	XM_016685027.2	protein_coding	1	9	2	536	0	0	0	0	139	0	0	0	0	193	2	0	0	1	6	0	0	0	3	0	0	159	4	0	42
LOC107841026	LOC107841026	XM_016685028.2	protein_coding	0	10	2	537	0	0	0	0	139	0	0	0	0	188	2	0	0	0	7	0	0	0	3	0	0	159	4	0	47
LOC107841026	LOC107841026	XM_016685029.2	protein_coding	0	6	2	538	0	0	0	0	139	0	0	0	0	218	2	0	0	0	3	0	0	0	3	0	0	160	4	0	17
LOC107841026	LOC107841026	XM_047396542.1	protein_coding	0	11	2	537	0	0	0	0	139	0	0	0	0	184	2	0	0	0	8	0	0	0	3	0	0	159	4	0	51
LOC107841026	LOC107841026	XM_047396543.1	protein_coding	0	12	2	537	0	0	0	0	139	0	0	0	0	182	2	0	0	0	9	0	0	0	3	0	0	159	4	0	53
LOC107841026	LOC107841026	XM_047396544.1	protein_coding	0	7	2	537	0	0	0	0	139	0	0	0	0	206	2	0	0	0	4	0	0	0	3	0	0	159	4	0	29
LOC107841029	LOC107841029	XM_016685031.2	protein_coding	1	5	9	444	0	0	0	1	154	0	1	0	0	79	8	0	0	0	0	1	0	0	5	0	0	208	0	0	3
LOC107841030	LOC107841030	XM_016685032.2	protein_coding	0	5	5	363	0	0	0	0	103	0	0	0	0	73	5	0	0	0	0	0	0	0	5	0	0	180	6	0	1
LOC107841030	LOC107841030	XM_047396539.1	protein_coding	1	13	5	356	0	0	0	0	103	0	1	0	0	37	5	0	0	0	9	1	0	0	4	0	0	175	6	0	35
LOC107841030	LOC107841030	XM_047396540.1	protein_coding	0	3	5	362	0	0	0	0	103	0	0	0	0	74	5	0	0	0	0	0	0	0	3	0	0	178	6	0	1
LOC107841031	LOC107841031	XM_016685036.2	protein_coding	0	8	14	441	0	0	0	0	191	0	0	0	0	45	14	0	0	0	1	0	0	0	7	0	0	200	2	0	3
LOC107841031	LOC107841031	XM_016685037.2	protein_coding	0	8	14	441	0	0	0	0	191	0	0	0	0	45	14	0	0	0	1	0	0	0	7	0	0	200	2	0	3
LOC107841032	LOC107841032	XM_016685038.2	protein_coding	0	1	1	340	0	0	0	0	70	0	0	0	0	83	1	0	0	0	0	0	0	0	1	0	0	180	3	0	4
LOC107841033	LOC107841033	XM_016685039.2	protein_coding	1	2	4	486	0	1	0	0	228	0	1	0	0	56	3	0	0	0	0	0	0	0	2	0	0	175	16	0	11
LOC107841034	LOC107841034	XM_047396538.1	protein_coding	0	5	4	292	0	0	0	0	203	0	0	0	0	26	4	0	0	0	0	0	0	0	5	0	0	59	4	0	0
LOC107841035	LOC107841035	XM_016685041.2	protein_coding	0	10	2	389	0	0	0	0	142	0	0	0	0	74	2	0	0	0	0	0	0	0	10	0	0	164	5	0	4
LOC107841036	LOC107841036	XM_047396537.1	protein_coding	0	7	1	394	0	0	0	0	173	0	0	0	0	109	1	0	0	0	0	0	0	0	7	0	0	106	0	0	6
LOC107841037	LOC107841037	XM_016685045.2	protein_coding	0	4	7	534	1	0	1	0	243	0	0	0	0	17	5	0	0	0	0	0	0	0	4	0	0	258	15	0	1
LOC107841038	LOC107841038	NM_001324591.1	protein_coding	1	7	2	480	0	0	0	0	24	0	1	0	1	217	2	0	0	0	0	1	0	0	7	0	0	230	1	0	7
LOC107841039	LOC107841039	XM_016685047.2	protein_coding	0	7	7	429	0	0	0	1	201	0	0	0	0	63	6	0	0	0	0	0	0	0	7	0	0	158	4	0	3
LOC107841040	LOC107841040	XM_047396535.1	protein_coding	2	7	8	629	0	0	0	0	84	0	1	0	0	393	8	0	0	1	0	0	0	0	7	0	0	147	0	0	6
LOC107841041	LOC107841041	XM_016685049.2	protein_coding	0	6	1	496	0	0	0	0	207	0	0	0	0	132	1	0	0	0	0	0	0	0	6	0	0	141	11	0	5
LOC107841041	LOC107841041	XM_047396533.1	protein_coding	0	6	1	496	0	0	0	0	207	0	0	0	0	132	1	0	0	0	0	0	0	0	6	0	0	141	11	0	5
LOC107841042	LOC107841042	XM_016685050.2	protein_coding	0	4	3	511	0	0	0	1	149	0	0	0	0	130	2	0	0	0	0	0	0	0	4	0	0	229	3	0	0
LOC107841042	LOC107841042	XM_016685053.2	protein_coding	0	4	3	511	0	0	0	1	149	0	0	0	0	129	2	0	0	0	0	0	0	0	4	0	0	229	4	0	0
LOC107841043	LOC107841043	XM_047396528.1	protein_coding	0	6	9	422	0	0	0	0	183	0	0	0	0	0	9	0	0	0	0	0	0	0	6	0	0	220	9	0	10
LOC107841043	LOC107841043	XM_047396529.1	protein_coding	0	6	9	422	0	0	0	0	183	0	0	0	0	0	9	0	0	0	0	0	0	0	6	0	0	220	9	0	10
LOC107841044	LOC107841044	XM_047396514.1	protein_coding	0	13	7	1066	0	0	0	0	156	0	0	0	0	707	7	0	0	0	0	0	0	0	13	0	0	194	5	0	4
LOC107841044	LOC107841044	XM_047396515.1	protein_coding	0	13	7	1066	0	0	0	0	156	0	0	0	0	710	7	0	0	0	0	0	0	0	13	0	0	194	5	0	1
LOC107841045	LOC107841045	XM_016685056.2	protein_coding	0	7	12	473	1	0	0	0	240	0	0	0	0	38	11	0	0	0	0	0	0	0	7	0	0	182	8	0	5
LOC107841047	LOC107841047	XM_016685057.2	protein_coding	3	7	13	380	0	0	1	0	259	0	2	0	0	63	12	0	0	0	0	1	0	0	7	0	0	44	5	0	9
LOC107841056	LOC107841056	XM_047396412.1	protein_coding	13	5	52	410	2	1	1	0	131	0	10	0	0	7	48	0	0	0	0	1	2	0	5	0	0	272	0	0	0
LOC107841058	LOC107841058	XM_047396415.1	protein_coding	4	4	8	324	0	0	0	0	88	0	2	0	0	3	8	0	0	0	0	0	2	0	4	0	0	233	0	0	0
LOC107841059	LOC107841059	XM_047396683.1	protein_coding	4	18	27	278	0	0	0	0	149	0	1	0	0	41	27	0	1	0	2	0	1	1	16	0	0	61	23	0	5
LOC107841062	LOC107841062	XR_007044652.1		0	0	0	206	0	0	0	0	68	27	0	0	0	3	0	0	0	0	0	0	0	0	0	0	0	108	0	0	0
LOC107841072	LOC107841072	XM_047396408.1	protein_coding	2	2	4	268	0	0	0	0	107	0	1	0	0	0	4	0	0	0	0	0	1	0	2	0	0	156	5	0	0
LOC107841073	LOC107841073	XM_016685080.2	protein_coding	0	5	10	378	0	0	1	0	243	0	0	0	0	16	9	0	0	0	0	0	0	0	5	0	0	119	0	0	0
LOC107841074	LOC107841074	XM_016685081.2	protein_coding	0	4	10	383	0	2	0	0	177	0	0	0	0	66	8	0	0	0	0	0	0	0	4	0	0	140	0	0	0
LOC107841078	LOC107841078	XM_016685083.2	protein_coding	2	5	18	88	0	0	0	0	84	0	0	0	0	0	18	0	0	0	0	0	2	0	5	0	0	4	0	0	0
LOC107841084	LOC107841084	XM_047396403.1	protein_coding	14	40	106	640	0	2	0	0	346	0	9	0	0	0	106	0	0	0	0	0	3	2	40	0	0	241	53	0	0
LOC107841087	LOC107841087	XM_047396612.1	protein_coding	4	47	45	377	1	0	0	0	104	0	2	0	0	56	44	0	0	0	15	0	2	0	32	0	0	131	3	0	83
LOC107841087	LOC107841087	XM_047396613.1	protein_coding	4	38	45	377	1	0	0	0	104	0	2	0	0	87	44	0	0	0	6	0	2	0	32	0	0	131	3	0	52
LOC107841087	LOC107841087	XM_047396614.1	protein_coding	4	39	45	377	1	0	0	0	104	0	2	0	0	84	44	0	0	0	7	0	2	0	32	0	0	131	3	0	55
LOC107841087	LOC107841087	XM_047396615.1	protein_coding	4	46	45	377	1	0	0	0	104	0	2	0	0	59	44	0	0	0	14	0	2	0	32	0	0	131	3	0	80
LOC107841087	LOC107841087	XM_047396617.1	protein_coding	4	38	45	377	1	0	0	0	104	0	2	0	0	87	44	0	0	0	6	0	2	0	32	0	0	131	3	0	52
LOC107841088	LOC107841088	XM_047396625.1	protein_coding	0	11	2	361	0	0	0	0	131	0	0	0	0	0	2	0	0	0	7	0	0	0	4	0	0	166	11	0	53
LOC107841088	LOC107841088	XM_047396626.1	protein_coding	1	3	0	375	0	0	0	0	131	0	0	0	0	66	0	0	0	1	1	0	0	0	2	0	0	161	11	0	7
LOC107841089	LOC107841089	XM_047396404.1	protein_coding	11	18	57	615	0	0	1	2	488	0	8	0	0	17	54	0	0	0	0	1	1	1	18	0	0	110	0	0	0
LOC107841090	LOC107841090	XM_016685095.2	protein_coding	0	6	14	703	1	0	0	0	489	0	0	0	0	0	13	0	0	0	0	0	0	0	6	0	0	214	0	0	0
LOC107841095	LOC107841095	XM_016685098.2	protein_coding	0	7	14	541	0	0	0	0	220	0	0	0	0	125	14	0	0	0	0	0	0	0	7	0	0	192	4	0	0
LOC107841096	LOC107841096	XM_016685099.2	protein_coding	2	4	18	541	0	0	0	0	255	0	0	0	0	8	18	0	0	0	0	1	1	0	4	0	0	278	0	0	0
LOC107841097	LOC107841097	XM_016685100.2	protein_coding	5	10	20	669	0	0	0	0	268	0	3	0	0	128	20	0	0	0	0	0	2	0	10	0	0	272	0	0	1
LOC107841100	LOC107841100	XM_016685101.1	protein_coding	2	5	5	247	0	0	0	0	126	0	2	0	0	0	5	0	0	0	0	0	0	0	5	0	0	121	0	0	0
LOC107841103	LOC107841103	XM_047396385.1	protein_coding	0	8	16	1973	0	0	0	0	439	0	0	0	0	1010	16	0	0	0	0	0	0	0	7	1	0	495	29	0	0
LOC107841104	LOC107841104	XM_016685105.2	protein_coding	1	3	5	681	0	0	0	0	109	0	1	0	0	238	5	0	0	0	0	1	0	0	3	0	0	317	13	0	4
LOC107841104	LOC107841104	XM_016685106.2	protein_coding	0	3	5	664	0	0	0	0	109	0	0	0	0	238	5	0	0	0	0	0	0	0	3	0	0	304	13	0	0
LOC107841105	LOC107841105	XM_016685107.2	protein_coding	0	4	4	377	0	0	0	0	113	0	0	0	0	66	4	0	0	0	0	0	0	0	4	0	0	192	4	0	2
LOC107841105	LOC107841105	XM_016685108.2	protein_coding	1	5	4	261	0	0	0	0	113	0	0	0	0	7	4	0	0	1	1	0	0	0	4	0	0	119	4	0	19
LOC107841107	LOC107841107	XM_016685110.2	protein_coding	0	3	0	335	0	0	0	0	58	0	0	0	0	78	0	0	0	0	0	0	0	0	3	0	0	191	4	0	4
LOC107841108	LOC107841108	XM_047396517.1	protein_coding	0	15	4	568	0	0	0	0	180	0	0	0	0	202	4	0	0	0	1	0	0	0	14	0	0	175	5	0	6
LOC107841108	LOC107841108	XM_047396518.1	protein_coding	0	11	4	559	0	0	0	0	180	0	0	0	0	202	4	0	0	0	0	0	0	0	11	0	0	170	5	0	2
LOC107841109	LOC107841109	XM_016685112.2	protein_coding	0	6	0	567	0	0	0	0	178	0	0	0	0	122	0	0	0	0	0	0	0	0	6	0	0	260	6	0	1
LOC107841110	LOC107841110	XM_016685114.2	protein_coding	0	1	0	547	0	0	0	0	217	0	0	0	0	76	0	0	0	0	0	0	0	0	1	0	0	245	6	0	3
LOC107841111	LOC107841111	XM_016685115.2	protein_coding	0	9	2	539	0	0	0	0	212	0	0	0	0	128	2	0	0	0	0	0	0	0	9	0	0	178	10	0	11
LOC107841116	LOC107841116	XM_016685119.2	protein_coding	0	36	66	429	0	1	0	0	240	0	0	0	0	0	65	0	0	0	0	0	0	0	36	0	0	178	11	0	0
LOC107841117	LOC107841117	XM_016685120.2	protein_coding	10	33	97	527	2	1	0	0	203	0	4	0	0	13	94	0	1	0	0	0	5	0	33	0	0	312	0	0	0
LOC107841119	LOC107841119	XM_047396633.1	protein_coding	6	21	57	465	1	0	0	0	199	0	2	0	0	120	56	0	1	0	1	0	2	1	20	0	1	116	27	0	4
LOC107841119	LOC107841119	XM_047396634.1	protein_coding	5	22	57	455	1	0	0	0	199	0	2	0	0	109	56	0	0	0	2	0	2	1	20	0	0	106	27	0	14
LOC107841121	LOC107841121	XM_016685125.2	protein_coding	5	33	52	246	0	0	0	0	71	0	2	0	0	4	52	0	0	0	1	0	3	0	32	0	0	154	2	0	15
LOC107841125	LOC107841125	XM_016685128.1	protein_coding	3	10	10	160	1	0	0	0	66	0	2	0	0	7	9	0	0	1	0	0	0	0	10	0	0	88	0	0	0
LOC107841128	LOC107841128	XM_047396396.1	protein_coding	3	10	32	395	0	0	0	0	220	0	0	0	0	14	32	0	0	0	0	0	2	1	10	0	0	161	0	0	0
LOC107841135	LOC107841135	XM_047396399.1	protein_coding	13	20	81	630	0	0	0	1	263	0	3	0	0	41	80	0	0	1	0	1	7	1	20	0	0	327	0	0	0
LOC107841136	LOC107841136	XM_016685136.2	protein_coding	6	15	17	307	0	0	0	0	169	0	2	0	0	0	17	0	0	0	0	0	3	1	15	0	0	138	0	0	0
LOC107841137	LOC107841137	XM_016685137.2	protein_coding	1	3	4	404	0	0	0	0	233	0	0	0	0	22	4	0	0	0	1	0	1	0	2	0	0	104	35	0	10
LOC107841137	LOC107841137	XM_047396563.1	protein_coding	1	2	4	418	0	0	0	0	233	0	0	0	0	30	4	0	0	0	0	0	1	0	2	0	0	116	35	0	4
LOC107841137	LOC107841137	XM_047396564.1	protein_coding	1	2	4	418	0	0	0	0	233	0	0	0	0	28	4	0	0	0	0	0	1	0	2	0	0	116	35	0	6
LOC107841137	LOC107841137	XM_047396565.1	protein_coding	1	2	4	418	0	0	0	0	233	0	0	0	0	32	4	0	0	0	0	0	1	0	2	0	0	116	35	0	2
LOC107841137	LOC107841137	XM_047396566.1	protein_coding	1	3	3	405	0	0	0	0	233	0	0	0	0	23	3	0	0	0	1	0	1	0	2	0	0	104	35	0	10
LOC107841137	LOC107841137	XM_047396567.1	protein_coding	1	2	3	424	0	0	0	0	233	0	0	0	0	31	3	0	0	0	0	0	1	0	2	0	0	120	35	0	5
LOC107841137	LOC107841137	XM_047396568.1	protein_coding	1	2	3	423	0	0	0	0	233	0	0	0	0	33	3	0	0	0	0	0	1	0	2	0	0	119	35	0	3
LOC107841137	LOC107841137	XR_007044624.1		0	0	0	430	0	0	0	0	233	53	0	0	0	24	0	0	0	0	0	0	0	0	0	0	0	120	0	0	0
LOC107841137	LOC107841137	XR_007044625.1		0	0	0	430	0	0	0	0	233	45	0	0	0	32	0	0	0	0	0	0	0	0	0	0	0	120	0	0	0
LOC107841137	LOC107841137	XR_007044626.1		0	0	0	430	0	0	0	0	233	47	0	0	0	30	0	0	0	0	0	0	0	0	0	0	0	120	0	0	0
LOC107841137	LOC107841137	XR_007044627.1		0	0	0	430	0	0	0	0	233	43	0	0	0	34	0	0	0	0	0	0	0	0	0	0	0	120	0	0	0
LOC107841139	LOC107841139	XM_047396398.1	protein_coding	4	28	64	476	0	0	0	0	123	0	2	0	0	160	64	0	0	0	0	0	2	0	28	0	0	193	0	0	0
LOC107841147	LOC107841147	XM_047396395.1	protein_coding	0	1	1	1024	0	0	0	0	149	0	0	0	0	705	1	0	0	0	0	0	0	0	1	0	0	170	0	0	0
LOC107841151	LOC107841151	XM_047396393.1	protein_coding	1	13	28	528	0	0	0	0	241	0	1	0	0	11	28	0	0	0	0	0	0	0	13	0	0	276	0	0	0
LOC107841156	LOC107841156	XM_047396536.1	protein_coding	2	2	14	388	0	0	0	1	260	0	2	0	0	0	13	0	0	0	0	0	0	0	2	0	0	123	5	0	0
LOC107841162	LOC107841162	XM_047396386.1	protein_coding	8	6	28	475	2	0	0	0	228	0	8	0	0	5	26	0	0	0	0	0	0	0	6	0	0	242	0	0	0
LOC107841163	LOC107841163	XM_047396387.1	protein_coding	4	16	43	553	0	0	0	1	230	0	0	0	0	20	42	0	1	1	0	0	1	1	16	0	0	305	0	0	0
LOC107841164	LOC107841164	XM_047396388.1	protein_coding	3	17	46	570	1	0	1	0	114	0	2	0	0	251	44	0	0	1	1	0	0	0	16	0	0	192	13	0	1
LOC107841174	LOC107841174	XM_016685168.2	protein_coding	6	14	29	602	1	0	1	0	297	0	3	0	0	39	27	0	0	0	0	1	1	1	14	0	0	266	0	0	0
LOC107841177	LOC107841177	XM_047396381.1	protein_coding	4	2	9	360	0	0	1	1	47	0	1	0	0	84	8	0	0	0	0	0	3	0	2	0	0	227	2	0	0
LOC107841179	LOC107841179	XM_047396497.1	protein_coding	3	3	23	597	1	0	0	0	289	0	0	0	0	68	22	0	1	1	2	0	1	0	1	0	0	200	1	0	41
LOC107841179	LOC107841179	XM_047396498.1	protein_coding	4	6	17	600	1	0	0	0	289	0	0	0	0	70	16	0	1	2	3	0	1	0	3	0	0	200	1	0	43
LOC107841181	LOC107841181	XM_047396482.1	protein_coding	8	40	46	1954	0	0	0	0	140	0	4	0	0	1534	46	0	1	2	0	0	1	0	40	0	0	272	8	0	3
LOC107841182	LOC107841182	XM_047396377.1	protein_coding	1	13	16	373	0	0	0	0	166	0	0	0	0	0	16	0	0	0	0	0	1	0	12	1	0	207	0	0	0
LOC107841185	LOC107841185	XM_047396374.1	protein_coding	2	8	27	97	0	0	0	0	43	0	2	0	0	11	27	0	0	0	0	0	1	0	8	0	0	43	0	0	0
LOC107841186	LOC107841186	XM_047396373.1	protein_coding	11	4	21	833	0	1	0	3	236	0	7	0	0	358	19	0	1	1	0	0	3	0	4	0	0	240	1	0	0
LOC107841193	LOC107841193	XM_047396462.1	protein_coding	0	0	0	59	0	0	0	0	20	0	0	0	0	0	0	0	0	0	0	0	0	0	0	0	0	39	0	0	0
LOC107841197	LOC107841197	XM_016685184.2	protein_coding	0	5	4	188	0	0	0	0	78	0	0	0	0	0	4	1	0	0	0	0	0	0	4	0	0	110	0	0	0
LOC107841198	LOC107841198	XM_016685185.2	protein_coding	0	3	3	97	0	0	0	0	15	0	0	0	0	6	3	0	0	0	0	0	0	0	3	0	0	76	0	0	0
LOC107841199	LOC107841199	XM_016685186.1	protein_coding	1	5	13	223	0	0	0	1	108	0	1	0	0	0	12	0	0	0	0	0	0	0	5	0	0	115	0	0	0
LOC107841202	LOC107841202	XM_047396439.1	protein_coding	1	5	5	333	0	0	0	0	94	0	1	0	0	139	5	0	0	0	2	0	0	0	3	0	0	53	33	0	14
LOC107841202	LOC107841202	XM_047396440.1	protein_coding	1	5	5	333	0	0	0	0	94	0	1	0	0	139	5	0	0	0	2	0	0	0	3	0	0	53	33	0	14
LOC107841214	LOC107841214	XM_016685196.2	protein_coding	0	0	0	115	0	0	0	0	111	0	0	0	0	0	0	0	0	0	0	0	0	0	0	0	0	4	0	0	0
LOC107841215	LOC107841215	XM_016685197.1	protein_coding	0	0	3	131	0	0	0	1	62	0	0	0	0	0	2	0	0	0	0	0	0	0	0	0	0	69	0	0	0
LOC107841218	LOC107841218	XM_016685199.2	protein_coding	4	2	15	466	0	0	0	0	71	0	2	0	0	233	15	0	0	0	0	0	1	1	2	0	0	159	3	0	0
LOC107841220	LOC107841220	XM_047396358.1	protein_coding	3	2	2	342	0	0	0	0	119	0	0	0	0	75	2	0	0	2	0	0	1	0	2	0	0	147	3	0	0
LOC107841225	LOC107841225	XM_047396353.1	protein_coding	4	13	36	187	0	0	0	0	44	0	0	0	0	21	36	0	0	0	0	0	4	0	13	0	0	122	0	0	0
LOC107841232	LOC107841232	XM_016685209.2	protein_coding	0	2	5	127	1	0	0	0	56	0	0	0	0	0	4	0	0	0	0	0	0	0	2	0	0	71	0	0	0
LOC107841236	LOC107841236	XM_016685211.2	protein_coding	2	4	11	281	0	0	0	0	135	0	0	0	0	0	11	0	0	0	0	0	2	0	4	0	0	146	0	0	0
LOC107841241	LOC107841241	XM_047396715.1	protein_coding	0	3	2	76	0	0	1	0	25	0	0	0	0	0	1	0	0	0	1	0	0	0	2	0	0	49	1	0	1
LOC107841243	LOC107841243	XM_016685216.2	protein_coding	7	8	16	285	0	0	0	0	132	0	3	0	0	18	16	0	0	0	0	0	3	1	8	0	0	135	0	0	0
LOC107841246	LOC107841246	XM_016685218.2	protein_coding	0	0	0	20	0	0	0	0	18	0	0	0	0	0	0	0	0	0	0	0	0	0	0	0	0	2	0	0	0
LOC107841250	LOC107841250	XM_047396348.1	protein_coding	3	5	6	162	0	0	0	0	50	0	2	0	0	50	6	0	1	0	0	0	0	1	5	0	0	63	0	0	0
LOC107841253	LOC107841253	XM_016685223.2	protein_coding	0	3	4	135	0	0	0	0	61	0	0	0	0	0	4	0	0	0	0	0	0	0	3	0	0	74	0	0	0
LOC107841254	LOC107841254	XM_016685224.1	protein_coding	0	0	0	15	0	0	0	0	4	0	0	0	0	0	0	0	0	0	0	0	0	0	0	0	0	11	0	0	0
LOC107841257	LOC107841257	XM_047396337.1	protein_coding	0	0	1	4	0	0	0	0	1	0	0	0	0	2	1	0	0	0	0	0	0	0	0	0	0	1	0	0	0
LOC107841260	LOC107841260	XM_016685230.1	protein_coding	0	0	2	13	0	0	0	0	3	0	0	0	0	0	2	0	0	0	0	0	0	0	0	0	0	10	0	0	0
LOC107841262	LOC107841262	XM_016685231.2	protein_coding	0	0	2	15	0	0	0	0	4	0	0	0	0	4	2	0	0	0	0	0	0	0	0	0	0	7	0	0	0
LOC107841272	LOC107841272	XM_016685237.1	protein_coding	1	1	10	217	0	0	1	0	147	0	1	0	0	2	9	0	0	0	0	0	0	0	1	0	0	68	0	0	0
LOC107841273	LOC107841273	XM_016685239.2	protein_coding	0	0	2	188	0	0	0	0	33	0	0	0	0	0	2	0	0	0	0	0	0	0	0	0	0	155	0	0	0
LOC107841277	LOC107841277	XR_007045149.1		0	0	0	326	0	0	0	0	46	25	0	0	0	196	0	0	0	0	0	0	0	0	0	0	0	59	0	0	0
LOC107841280	LOC107841280	XM_016685243.2	protein_coding	0	1	0	65	0	0	0	0	25	0	0	0	0	17	0	0	0	0	0	0	0	0	1	0	0	18	5	0	0
LOC107841283	LOC107841283	XM_016685246.2	protein_coding	0	0	0	1	0	0	0	0	0	0	0	0	0	0	0	0	0	0	0	0	0	0	0	0	0	1	0	0	0
LOC107841290	LOC107841290	XM_016685253.2	protein_coding	0	0	0	81	0	0	0	0	68	0	0	0	0	0	0	0	0	0	0	0	0	0	0	0	0	13	0	0	0
LOC107841291	LOC107841291	XM_047396976.1	protein_coding	1	13	14	167	0	0	0	0	72	0	1	0	0	4	14	0	0	0	4	0	1	0	9	0	0	78	5	0	8
LOC107841293	LOC107841293	XM_016685257.1	protein_coding	0	0	0	45	0	0	0	0	1	0	0	0	0	18	0	0	0	0	0	0	0	0	0	0	0	26	0	0	0
LOC107841294	LOC107841294	XM_016685258.2	protein_coding	0	0	1	14	0	0	0	0	3	0	0	0	0	0	1	0	0	0	0	0	0	0	0	0	0	11	0	0	0
LOC107841306	LOC107841306	XM_047396311.1	protein_coding	0	0	0	56	0	0	0	0	50	0	0	0	0	1	0	0	0	0	0	0	0	0	0	0	0	5	0	0	0
LOC107841313	LOC107841313	XM_016685274.2	protein_coding	1	1	11	122	0	0	0	0	63	0	0	0	0	21	11	0	0	0	0	0	0	1	1	0	0	38	0	0	0
LOC107841314	LOC107841314	XM_016685275.2	protein_coding	0	2	6	120	0	0	0	0	51	0	0	0	0	0	6	0	0	0	0	0	0	0	2	0	0	69	0	0	0
LOC107841320	LOC107841320	XM_047396323.1	protein_coding	1	2	8	140	1	0	0	0	78	0	0	0	0	22	7	0	0	1	0	0	0	0	2	0	0	41	0	0	0
LOC107841322	LOC107841322	XM_047396331.1	protein_coding	0	1	6	233	1	0	0	0	88	0	0	0	0	4	5	0	0	0	0	0	0	0	1	0	0	141	0	0	0
LOC107841324	LOC107841324	XM_016685285.1	protein_coding	0	0	0	3	0	0	0	0	0	0	0	0	0	0	0	0	0	0	0	0	0	0	0	0	0	3	0	0	0
LOC107841325	LOC107841325	XM_047397019.1	protein_coding	0	1	4	196	0	0	0	0	53	0	0	0	0	103	4	0	0	0	0	0	0	0	1	0	0	37	3	0	0
LOC107841341	LOC107841341	XM_016685298.2	protein_coding	0	1	6	134	0	0	0	0	69	0	0	0	0	0	6	0	0	0	0	0	0	0	1	0	0	65	0	0	0
LOC107841342	LOC107841342	XM_016685299.2	protein_coding	0	2	8	115	0	0	0	0	60	0	0	0	0	11	8	0	0	0	0	0	0	0	2	0	0	44	0	0	0
LOC107841345	LOC107841345	XM_047396272.1	protein_coding	0	0	0	9	0	0	0	0	6	0	0	0	0	0	0	0	0	0	0	0	0	0	0	0	0	3	0	0	0
LOC107841353	LOC107841353	XM_016685304.1	protein_coding	0	0	0	37	0	0	0	0	18	0	0	0	0	0	0	0	0	0	0	0	0	0	0	0	0	19	0	0	0
LOC107841355	LOC107841355	XM_016685305.1	protein_coding	0	0	0	14	0	0	0	0	12	0	0	0	0	0	0	0	0	0	0	0	0	0	0	0	0	2	0	0	0
LOC107841357	LOC107841357	XM_016685309.1	protein_coding	0	0	0	1	0	0	0	0	1	0	0	0	0	0	0	0	0	0	0	0	0	0	0	0	0	0	0	0	0
LOC107841358	LOC107841358	XM_047396302.1	protein_coding	0	0	0	1	0	0	0	0	1	0	0	0	0	0	0	0	0	0	0	0	0	0	0	0	0	0	0	0	0
LOC107841367	LOC107841367	XM_047396313.1	protein_coding	0	0	0	5	0	0	0	0	0	0	0	0	0	1	0	0	0	0	0	0	0	0	0	0	0	1	3	0	0
LOC107841369	LOC107841369	XM_016685315.2	protein_coding	0	0	0	5	0	0	0	0	2	0	0	0	0	0	0	0	0	0	0	0	0	0	0	0	0	3	0	0	0
LOC107841372	LOC107841372	XM_016685317.2	protein_coding	0	0	0	29	0	0	0	0	10	0	0	0	0	0	0	0	0	0	0	0	0	0	0	0	0	19	0	0	0
LOC107841385	LOC107841385	XM_016685325.2	protein_coding	0	1	14	288	0	0	0	0	107	0	0	0	0	95	14	0	0	0	0	0	0	0	1	0	0	86	0	0	0
LOC107841405	LOC107841405	XM_016685338.2	protein_coding	2	3	3	287	1	0	0	0	111	0	1	0	0	53	2	0	0	0	0	1	0	0	3	0	0	109	1	0	13
LOC107841405	LOC107841405	XM_047396836.1	protein_coding	8	4	7	297	1	0	0	0	111	0	7	0	0	73	6	0	0	1	0	0	1	1	4	0	1	102	10	0	1
LOC107841405	LOC107841405	XM_047396837.1	protein_coding	8	4	7	297	1	0	0	0	111	0	7	0	0	50	6	0	0	1	0	0	1	1	4	0	1	102	33	0	1
LOC107841405	LOC107841405	XM_047396838.1	protein_coding	8	4	7	297	1	0	0	0	111	0	7	0	0	72	6	0	0	1	0	0	1	1	4	0	1	102	11	0	1
LOC107841405	LOC107841405	XM_047396839.1	protein_coding	8	4	7	287	1	0	0	0	107	0	7	0	0	62	6	0	0	1	0	0	1	1	4	0	1	102	15	0	1
LOC107841405	LOC107841405	XM_047396840.1	protein_coding	8	4	7	297	1	0	0	0	111	0	7	0	0	73	6	0	0	1	0	0	1	1	4	0	1	102	10	0	1
LOC107841405	LOC107841405	XM_047396841.1	protein_coding	3	3	3	286	1	0	0	0	111	0	1	0	0	54	2	0	0	1	0	1	0	0	3	0	0	109	1	0	12
LOC107841405	LOC107841405	XM_047396842.1	protein_coding	2	3	3	287	1	0	0	0	111	0	1	0	0	53	2	0	0	0	0	1	0	0	3	0	0	109	1	0	13
LOC107841405	LOC107841405	XM_047396843.1	protein_coding	2	2	3	288	1	0	0	0	111	0	1	0	0	54	2	0	0	0	0	1	0	0	2	0	0	109	1	0	13
LOC107841405	LOC107841405	XM_047396844.1	protein_coding	2	2	3	288	1	0	0	0	111	0	1	0	0	54	2	0	0	0	0	1	0	0	2	0	0	109	1	0	13
LOC107841405	LOC107841405	XM_047396845.1	protein_coding	2	1	3	289	1	0	0	0	111	0	1	0	0	53	2	0	0	0	0	1	0	0	1	0	0	109	3	0	13
LOC107841412	LOC107841412	XM_047396328.1	protein_coding	2	3	12	494	0	0	0	1	141	0	1	0	0	207	11	0	1	0	0	0	0	0	3	0	0	147	0	0	0
LOC107841421	LOC107841421	XM_016685347.2	protein_coding	0	1	1	143	0	0	0	0	53	0	0	0	0	0	1	0	0	0	0	0	0	0	1	0	0	90	0	0	0
LOC107841423	LOC107841423	XM_016685349.1	protein_coding	1	5	14	226	0	0	0	0	68	0	0	0	0	5	14	0	0	1	0	0	0	0	5	0	0	154	0	0	0
LOC107841427	LOC107841427	XM_047396278.1	protein_coding	1	1	6	279	0	0	0	0	88	0	0	0	0	54	6	0	0	0	0	1	0	0	1	0	0	137	0	0	0
LOC107841429	LOC107841429	XM_016685351.1	protein_coding	1	4	11	244	0	0	0	0	107	0	0	0	0	6	11	0	0	0	0	0	1	0	4	0	0	131	0	0	0
LOC107841433	LOC107841433	XM_047396260.1	protein_coding	3	4	9	127	0	0	0	0	82	0	2	0	0	0	9	0	0	0	0	0	0	1	4	0	0	45	0	0	0
LOC107841435	LOC107841435	XM_047396263.1	protein_coding	1	2	14	402	0	0	0	0	68	0	0	0	0	214	14	0	0	0	0	0	1	0	2	0	0	120	0	0	0
LOC107841442	LOC107841442	XR_007044869.1		0	0	0	235	0	0	0	0	85	10	0	0	0	6	0	0	0	0	0	0	0	0	0	0	0	134	0	0	0
LOC107841453	LOC107841453	XM_047396273.1	protein_coding	0	0	2	208	0	0	0	0	111	0	0	0	0	54	2	0	0	0	0	0	0	0	0	0	0	34	8	0	1
LOC107841455	LOC107841455	XM_047396931.1	protein_coding	0	0	11	178	0	0	0	0	79	0	0	0	0	52	11	0	0	0	0	0	0	0	0	0	0	42	2	0	3
LOC107841456	LOC107841456	XM_047396289.1	protein_coding	0	0	0	77	0	0	0	0	38	0	0	0	0	34	0	0	0	0	0	0	0	0	0	0	0	0	5	0	0
LOC107841459	LOC107841459	XM_016685368.2	protein_coding	6	19	46	226	0	0	0	1	165	0	5	0	0	3	45	0	0	0	0	1	0	0	19	0	0	58	0	0	0
LOC107841483	LOC107841483	XM_016685385.2	protein_coding	0	5	10	235	0	0	0	1	110	0	0	0	0	0	9	0	0	0	0	0	0	0	4	1	0	125	0	0	0
LOC107841487	LOC107841487	XM_016685389.2	protein_coding	0	0	9	159	0	0	0	0	6	0	0	0	0	3	9	0	0	0	0	0	0	0	0	0	0	150	0	0	0
LOC107841498	LOC107841498	XM_016685400.1	protein_coding	1	5	6	173	0	0	0	0	111	0	0	0	0	12	6	0	0	0	0	0	1	0	5	0	0	50	0	0	0
LOC107841509	LOC107841509	XM_047396708.1	protein_coding	0	0	1	151	0	0	0	0	91	0	0	0	0	9	1	0	0	0	0	0	0	0	0	0	0	43	8	0	0
LOC107841510	LOC107841510	XR_007044957.1		0	0	0	265	0	0	0	0	89	40	0	0	0	40	0	0	0	0	0	0	0	0	0	0	0	96	0	0	0
LOC107841510	LOC107841510	XR_007044958.1		0	0	0	265	0	0	0	0	89	40	0	0	0	40	0	0	0	0	0	0	0	0	0	0	0	96	0	0	0
LOC107841510	LOC107841510	XR_007044959.1		0	0	0	265	0	0	0	0	89	39	0	0	0	41	0	0	0	0	0	0	0	0	0	0	0	96	0	0	0
LOC107841510	LOC107841510	XR_007044960.1		0	0	0	265	0	0	0	0	89	40	0	0	0	40	0	0	0	0	0	0	0	0	0	0	0	96	0	0	0
LOC107841510	LOC107841510	XR_007044961.1		0	0	0	265	0	0	0	0	89	40	0	0	0	40	0	0	0	0	0	0	0	0	0	0	0	96	0	0	0
LOC107841510	LOC107841510	XR_007044962.1		0	0	0	265	0	0	0	0	89	40	0	0	0	40	0	0	0	0	0	0	0	0	0	0	0	96	0	0	0
LOC107841515	LOC107841515	XM_047396275.1	protein_coding	2	7	19	356	0	0	0	0	142	0	1	0	0	53	19	0	0	0	0	0	1	0	7	0	0	161	0	0	0
LOC107841516	LOC107841516	XM_016685414.1	protein_coding	2	5	16	366	0	0	0	0	183	0	0	0	0	0	16	0	0	0	0	0	2	0	5	0	0	183	0	0	0
LOC107841520	LOC107841520	XM_016685417.2	protein_coding	2	8	20	203	0	0	0	0	101	0	2	0	0	0	20	0	0	0	0	0	0	0	8	0	0	102	0	0	0
LOC107841527	LOC107841527	XM_016685421.1	protein_coding	0	0	4	116	0	0	0	0	85	0	0	0	0	0	4	0	0	0	0	0	0	0	0	0	0	31	0	0	0
LOC107841532	LOC107841532	XM_016685424.2	protein_coding	0	0	1	23	0	0	0	0	8	0	0	0	0	0	1	0	0	0	0	0	0	0	0	0	0	15	0	0	0
LOC107841534	LOC107841534	XM_016685425.1	protein_coding	0	0	5	72	0	0	0	0	31	0	0	0	0	13	5	0	0	0	0	0	0	0	0	0	0	28	0	0	0
LOC107841538	LOC107841538	XM_047396249.1	protein_coding	1	4	13	299	0	0	0	2	75	0	0	0	0	108	11	0	0	0	0	0	1	0	4	0	0	92	24	0	0
LOC107841540	LOC107841540	XM_016685428.1	protein_coding	1	7	18	282	0	0	0	0	141	0	0	0	0	16	18	0	0	0	0	0	0	1	7	0	0	125	0	0	0
LOC107841541	LOC107841541	XM_016685429.1	protein_coding	2	5	4	227	0	0	0	0	120	0	1	0	0	3	4	0	0	0	0	1	0	1	5	0	0	104	0	0	0
LOC107841542	LOC107841542	XM_016685430.1	protein_coding	0	0	2	44	0	0	0	0	23	0	0	0	0	19	2	0	0	0	0	0	0	0	0	0	0	2	0	0	0
LOC107841549	LOC107841549	XM_016685434.1	protein_coding	4	6	19	365	0	0	0	0	110	0	0	0	0	0	19	0	0	0	0	0	3	1	6	0	0	255	0	0	0
LOC107841555	LOC107841555	XM_047396220.1	protein_coding	0	0	0	85	0	0	0	0	5	0	0	0	0	74	0	0	0	0	0	0	0	0	0	0	0	5	1	0	0
LOC107841556	LOC107841556	XM_016685438.1	protein_coding	0	1	2	32	0	0	0	0	24	0	0	0	0	5	2	0	0	0	0	0	0	0	1	0	0	3	0	0	0
LOC107841561	LOC107841561	XM_016685441.1	protein_coding	0	0	0	15	0	0	0	0	5	0	0	0	0	0	0	0	0	0	0	0	0	0	0	0	0	10	0	0	0
LOC107841564	LOC107841564	XM_047396702.1	protein_coding	0	0	1	56	0	0	0	0	30	0	0	0	0	3	1	0	0	0	0	0	0	0	0	0	0	23	0	0	0
LOC107841567	LOC107841567	XM_047396225.1	protein_coding	1	1	0	7	0	0	0	0	2	0	0	0	0	0	0	0	0	0	0	0	1	0	1	0	0	5	0	0	0
LOC107841573	LOC107841573	XM_047396227.1	protein_coding	4	0	5	78	0	0	0	0	51	0	3	0	0	5	5	0	0	1	0	0	0	0	0	0	0	23	0	0	0
LOC107841574	LOC107841574	XM_047396228.1	protein_coding	3	8	29	31	0	0	0	0	11	0	1	0	0	10	29	0	0	0	0	0	2	0	8	0	0	10	0	0	0
LOC107841577	LOC107841577	XM_016685455.1	protein_coding	0	1	3	127	0	0	0	0	39	0	0	0	0	7	3	0	0	0	0	0	0	0	1	0	0	81	0	0	0
LOC107841583	LOC107841583	XM_016685458.2	protein_coding	2	6	8	112	0	0	0	0	60	0	1	0	0	0	8	0	0	0	0	0	1	0	6	0	0	52	0	0	0
LOC107841584	LOC107841584	XM_047396234.1	protein_coding	0	3	5	124	0	0	0	0	57	0	0	0	0	20	5	0	0	0	0	0	0	0	3	0	0	47	0	0	0
LOC107841586	LOC107841586	XM_047396233.1	protein_coding	0	0	3	141	0	1	0	0	71	0	0	0	0	2	2	0	0	0	0	0	0	0	0	0	0	68	0	0	0
LOC107841589	LOC107841589	XM_047396242.1	protein_coding	0	0	1	8	0	0	0	0	6	0	0	0	0	0	1	0	0	0	0	0	0	0	0	0	0	2	0	0	0
LOC107841590	LOC107841590	XM_047396241.1	protein_coding	0	0	1	50	0	0	0	0	9	0	0	0	0	22	1	0	0	0	0	0	0	0	0	0	0	19	0	0	0
LOC107841591	LOC107841591	XM_016685465.2	protein_coding	0	5	6	118	0	0	0	0	43	0	0	0	0	0	6	0	0	0	0	0	0	0	5	0	0	75	0	0	0
LOC107841595	LOC107841595	XM_016685467.2	protein_coding	0	0	0	15	0	0	0	0	5	0	0	0	0	0	0	0	0	0	0	0	0	0	0	0	0	10	0	0	0
LOC107841604	LOC107841604	XM_047396214.1	protein_coding	15	31	45	199	0	0	0	0	35	0	4	0	0	156	45	0	2	2	0	0	9	0	31	0	0	5	5	0	0
LOC107841615	LOC107841615	XM_016685477.1	protein_coding	0	0	1	41	0	0	0	0	28	0	0	0	0	0	1	0	0	0	0	0	0	0	0	0	0	13	0	0	0
LOC107841619	LOC107841619	XM_016685481.2	protein_coding	3	1	12	130	0	0	0	0	65	0	2	0	0	40	12	0	1	0	0	0	0	0	1	0	0	14	3	0	9
LOC107841622	LOC107841622	XM_016685483.1	protein_coding	1	0	2	115	0	0	0	0	48	0	1	0	0	0	2	0	0	0	0	0	0	0	0	0	0	67	0	0	0
LOC107841629	LOC107841629	XM_016685488.2	protein_coding	3	1	10	163	0	0	0	0	82	0	0	0	0	34	10	0	0	0	0	0	2	1	1	0	0	47	0	0	0
LOC107841634	LOC107841634	XM_016685491.2	protein_coding	0	0	0	9	0	0	0	0	1	0	0	0	0	4	0	0	0	0	0	0	0	0	0	0	0	4	0	0	0
LOC107841638	LOC107841638	XM_016685492.2	protein_coding	1	10	12	236	0	0	0	0	130	0	0	0	0	2	12	0	0	0	3	0	1	0	7	0	0	51	4	0	49
LOC107841639	LOC107841639	XM_047396194.1	protein_coding	0	1	0	61	0	0	0	0	35	0	0	0	0	1	0	0	0	0	0	0	0	0	1	0	0	25	0	0	0
LOC107841643	LOC107841643	XM_016685497.1	protein_coding	0	0	0	85	0	0	0	0	28	0	0	0	0	0	0	0	0	0	0	0	0	0	0	0	0	57	0	0	0
LOC107841646	LOC107841646	XM_016685498.1	protein_coding	0	0	0	20	0	0	0	0	5	0	0	0	0	0	0	0	0	0	0	0	0	0	0	0	0	15	0	0	0
LOC107841648	LOC107841648	XM_016685501.2	protein_coding	2	4	4	38	0	0	0	0	32	0	2	0	0	0	4	0	0	0	0	0	0	0	4	0	0	1	4	0	1
LOC107841649	LOC107841649	XM_047396209.1	protein_coding	0	0	0	391	0	0	0	0	10	0	0	0	0	325	0	0	0	0	0	0	0	0	0	0	0	56	0	0	0
LOC107841652	LOC107841652	XM_047396171.1	protein_coding	0	0	0	83	0	0	0	0	25	0	0	0	0	0	0	0	0	0	0	0	0	0	0	0	0	54	4	0	0
LOC107841653	LOC107841653	XM_016685506.1	protein_coding	0	0	0	34	0	0	0	0	6	0	0	0	0	0	0	0	0	0	0	0	0	0	0	0	0	28	0	0	0
LOC107841654	LOC107841654	XM_016685507.1	protein_coding	1	8	8	156	0	0	0	0	64	0	0	0	0	0	8	0	0	0	0	0	0	1	8	0	0	92	0	0	0
LOC107841659	LOC107841659	XM_016685513.2	protein_coding	0	4	2	122	0	0	0	0	79	0	0	0	0	0	2	0	0	0	0	0	0	0	4	0	0	43	0	0	0
LOC107841664	LOC107841664	XM_047396198.1	protein_coding	6	20	43	335	0	0	0	1	241	0	5	0	0	26	42	0	0	0	0	1	1	0	20	0	0	68	0	0	0
LOC107841667	LOC107841667	XM_016685520.2	protein_coding	0	2	3	162	0	0	0	0	112	0	0	0	0	0	3	0	0	0	0	0	0	0	2	0	0	50	0	0	0
LOC107841674	LOC107841674	XM_047396191.1	protein_coding	1	0	2	65	0	0	0	0	61	0	1	0	0	0	2	0	0	0	0	0	0	0	0	0	0	4	0	0	0
LOC107841677	LOC107841677	XM_016685529.2	protein_coding	0	0	2	8	0	0	0	0	6	0	0	0	0	0	2	0	0	0	0	0	0	0	0	0	0	2	0	0	0
LOC107841678	LOC107841678	XM_016685530.1	protein_coding	0	0	0	9	0	0	0	0	5	0	0	0	0	0	0	0	0	0	0	0	0	0	0	0	0	4	0	0	0
LOC107841679	LOC107841679	XM_016685531.1	protein_coding	0	2	2	89	0	0	1	0	22	0	0	0	0	0	1	0	0	0	0	0	0	0	2	0	0	67	0	0	0
LOC107841696	LOC107841696	XM_047396066.1	protein_coding	0	0	0	3	0	0	0	0	1	0	0	0	0	1	0	0	0	0	0	0	0	0	0	0	0	1	0	0	0
LOC107841696	LOC107841696	XM_047396067.1	protein_coding	0	0	0	25	0	0	0	0	23	0	0	0	0	1	0	0	0	0	0	0	0	0	0	0	0	1	0	0	0
LOC107841696	LOC107841696	XR_007044413.1		0	0	0	25	0	0	0	0	23	0	0	0	0	1	0	0	0	0	0	0	0	0	0	0	0	1	0	0	0
LOC107841696	LOC107841696	XR_007044414.1		0	0	0	25	0	0	0	0	23	0	0	0	0	1	0	0	0	0	0	0	0	0	0	0	0	1	0	0	0
LOC107841696	LOC107841696	XR_007044415.1		0	0	0	25	0	0	0	0	23	0	0	0	0	1	0	0	0	0	0	0	0	0	0	0	0	1	0	0	0
LOC107841700	LOC107841700	XM_047396189.1	protein_coding	1	2	5	75	0	0	0	0	48	0	0	0	0	4	5	0	0	0	0	0	1	0	2	0	0	23	0	0	0
LOC107841702	LOC107841702	XM_047396059.1	protein_coding	0	5	11	134	0	0	0	0	49	0	0	0	0	8	11	0	0	0	3	0	0	0	2	0	0	64	0	0	13
LOC107841703	LOC107841703	XM_047396186.1	protein_coding	0	1	1	57	0	0	0	0	9	0	0	0	0	0	1	0	0	0	0	0	0	0	1	0	0	48	0	0	0
LOC107841704	LOC107841704	XM_047396185.1	protein_coding	0	0	0	16	0	0	0	0	11	0	0	0	0	1	0	0	0	0	0	0	0	0	0	0	0	4	0	0	0
LOC107841710	LOC107841710	XM_016685553.2	protein_coding	0	0	0	82	0	0	0	0	11	0	0	0	0	0	0	0	0	0	0	0	0	0	0	0	0	66	5	0	0
LOC107841712	LOC107841712	XM_047397003.1	protein_coding	1	3	7	178	0	0	0	0	95	0	0	0	0	2	7	0	0	0	0	1	0	0	3	0	0	81	0	0	0
LOC107841714	LOC107841714	XM_016685557.2	protein_coding	0	2	1	86	0	0	0	0	21	0	0	0	0	12	1	0	0	0	2	0	0	0	0	0	0	36	0	0	17
LOC107841718	LOC107841718	XM_047397000.1	protein_coding	0	4	5	804	0	0	0	0	85	0	0	0	0	658	5	0	0	0	0	0	0	0	4	0	0	57	4	0	0
LOC107841721	LOC107841721	XM_047396006.1	protein_coding	0	5	3	253	0	0	0	0	119	0	0	0	0	111	3	0	0	0	0	0	0	0	5	0	0	15	3	0	5
LOC107841721	LOC107841721	XM_047396007.1	protein_coding	0	6	3	253	0	0	0	0	119	0	0	0	0	95	3	0	0	0	1	0	0	0	5	0	0	15	3	0	21
LOC107841721	LOC107841721	XM_047396008.1	protein_coding	0	5	3	249	0	0	0	0	119	0	0	0	0	93	3	0	0	0	0	0	0	0	5	0	0	34	3	0	0
LOC107841721	LOC107841721	XM_047396009.1	protein_coding	0	4	3	248	0	0	0	0	119	0	0	0	0	90	3	0	0	0	0	0	0	0	4	0	0	35	3	0	1
LOC107841723	LOC107841723	XM_047396995.1	protein_coding	2	3	13	110	0	0	0	0	53	0	2	0	0	8	13	0	0	0	0	0	0	0	3	0	0	49	0	0	0
LOC107841724	LOC107841724	XM_016685565.2	protein_coding	0	10	14	179	0	0	0	0	63	0	0	0	0	33	14	0	0	0	0	0	0	0	10	0	0	75	8	0	0
LOC107841726	LOC107841726	XR_007044854.1		0	0	0	224	0	0	0	0	0	88	0	0	0	130	0	0	0	0	0	0	0	0	0	0	0	6	0	0	0
LOC107841726	LOC107841726	XR_007044855.1		0	0	0	224	0	0	0	0	0	88	0	0	0	130	0	0	0	0	0	0	0	0	0	0	0	6	0	0	0
LOC107841728	LOC107841728	XM_016685567.2	protein_coding	0	1	4	187	0	0	0	0	28	0	0	0	0	63	4	0	0	0	0	0	0	0	1	0	0	95	1	0	0
LOC107841729	LOC107841729	XM_016685568.2	protein_coding	0	1	3	140	0	0	0	0	47	0	0	0	0	0	3	0	0	0	0	0	0	0	1	0	0	93	0	0	0
LOC107841731	LOC107841731	XM_047396972.1	protein_coding	0	0	1	53	0	0	0	0	39	0	0	0	0	5	1	0	0	0	0	0	0	0	0	0	0	9	0	0	0
LOC107841732	LOC107841732	XM_016685572.2	protein_coding	0	5	3	90	0	0	0	0	36	0	0	0	0	1	3	0	0	0	0	0	0	0	5	0	0	50	3	0	0
LOC107841734	LOC107841734	XM_047395966.1	protein_coding	1	10	14	55	0	0	0	0	21	0	0	0	0	2	14	0	0	0	1	0	1	0	9	0	0	30	0	0	2
LOC107841735	LOC107841735	XM_047395961.1	protein_coding	1	6	17	483	0	0	0	0	31	0	1	0	0	384	17	0	0	0	0	0	0	0	6	0	0	64	4	0	0
LOC107841735	LOC107841735	XM_047395962.1	protein_coding	1	6	17	483	0	0	0	0	31	0	1	0	0	382	17	0	0	0	0	0	0	0	6	0	0	64	4	0	2
LOC107841736	LOC107841736	XM_016685576.2	protein_coding	0	6	18	165	0	0	0	0	62	0	0	0	0	1	18	0	0	0	0	0	0	0	6	0	0	102	0	0	0
LOC107841743	LOC107841743	XM_047396950.1	protein_coding	1	7	18	223	0	0	0	0	34	0	0	0	0	29	18	0	0	0	0	0	1	0	7	0	0	160	0	0	0
LOC107841747	LOC107841747	XM_047396949.1	protein_coding	0	1	1	119	0	0	0	0	4	0	0	0	0	67	1	0	0	0	0	0	0	0	1	0	0	48	0	0	0
LOC107841748	LOC107841748	XM_016685583.2	protein_coding	0	0	1	20	0	0	0	0	17	0	0	0	0	0	1	0	0	0	0	0	0	0	0	0	0	3	0	0	0
LOC107841753	LOC107841753	XM_047396519.1	protein_coding	0	0	0	60	0	0	0	0	42	0	0	0	0	0	0	0	0	0	0	0	0	0	0	0	0	18	0	0	0
LOC107841754	LOC107841754	XM_016685585.2	protein_coding	1	3	0	1495	0	0	0	0	186	0	0	0	0	645	0	0	0	1	1	0	0	0	2	0	0	635	9	0	21
LOC107841754	LOC107841754	XM_016685587.2	protein_coding	1	3	0	1482	0	0	0	0	186	0	0	0	0	645	0	0	0	1	1	0	0	0	2	0	0	623	9	0	20
LOC107841756	LOC107841756	XM_016685588.2	protein_coding	0	3	3	532	0	0	0	0	100	0	0	0	0	318	3	0	0	0	0	0	0	0	3	0	0	106	5	0	3
LOC107841756	LOC107841756	XM_016685589.2	protein_coding	0	3	3	532	0	0	0	0	100	0	0	0	0	318	3	0	0	0	0	0	0	0	3	0	0	106	5	0	3
LOC107841757	LOC107841757	XM_016685590.2	protein_coding	0	2	0	307	0	0	0	0	83	0	0	0	0	88	0	0	0	0	0	0	0	0	2	0	0	127	9	0	0
LOC107841758	LOC107841758	XM_016685592.2	protein_coding	0	3	3	582	0	0	0	0	211	0	0	0	0	138	3	0	0	0	0	0	0	0	3	0	0	226	3	0	4
LOC107841759	LOC107841759	XM_047396521.1	protein_coding	0	7	0	268	0	0	0	0	192	0	0	0	0	41	0	0	0	0	2	0	0	0	5	0	0	31	1	0	3
LOC107841760	LOC107841760	NM_001324594.1	protein_coding	0	5	4	419	0	0	0	0	239	0	0	0	0	70	4	0	0	0	0	0	0	0	5	0	0	110	0	0	0
LOC107841760	LOC107841760	XM_016685596.2	protein_coding	0	6	4	446	0	0	0	0	241	0	0	0	0	108	4	0	0	0	1	0	0	0	5	0	1	67	16	0	13
LOC107841761	LOC107841761	XM_016685597.2	protein_coding	0	14	4	597	0	0	0	0	157	0	0	0	0	214	4	0	0	0	4	0	0	0	10	0	0	191	12	0	23
LOC107841761	LOC107841761	XM_047396522.1	protein_coding	0	18	4	594	0	0	0	0	157	0	0	0	0	175	4	0	0	0	8	0	0	0	10	0	0	204	12	0	46
LOC107841761	LOC107841761	XM_047396523.1	protein_coding	0	18	4	596	0	0	0	0	157	0	0	0	0	185	4	0	0	0	8	0	0	0	10	0	0	191	12	0	51
LOC107841761	LOC107841761	XM_047396524.1	protein_coding	0	14	4	596	0	0	0	0	157	0	0	0	0	207	4	0	0	0	4	0	0	0	10	0	0	191	12	0	29
LOC107841761	LOC107841761	XM_047396525.1	protein_coding	0	12	4	594	0	0	0	0	157	0	0	0	0	205	4	0	0	0	2	0	0	0	10	0	0	204	12	0	16
LOC107841761	LOC107841761	XM_047396526.1	protein_coding	0	13	4	594	0	0	0	0	157	0	0	0	0	204	4	0	0	0	3	0	0	0	10	0	0	204	12	0	17
LOC107841761	LOC107841761	XM_047396527.1	protein_coding	0	13	4	594	0	0	0	0	157	0	0	0	0	199	4	0	0	0	3	0	0	0	10	0	0	204	12	0	22
LOC107841762	LOC107841762	XM_016685599.2	protein_coding	0	11	8	795	0	0	0	0	241	0	0	0	0	341	8	0	0	0	0	0	0	0	11	0	0	188	13	0	12
LOC107841763	LOC107841763	XM_016685603.2	protein_coding	0	2	1	270	0	0	0	0	60	0	0	0	0	92	1	0	0	0	0	0	0	0	2	0	0	113	4	0	1
LOC107841763	LOC107841763	XM_047396979.1	protein_coding	0	4	6	835	0	0	0	0	155	0	0	0	0	565	6	0	0	0	0	0	0	0	4	0	0	110	0	0	5
LOC107841764	LOC107841764	XM_047396513.1	protein_coding	0	4	10	401	0	1	0	0	179	0	0	0	0	103	9	0	0	0	0	0	0	0	4	0	0	114	3	0	2
LOC107841765	LOC107841765	XM_016685605.2	protein_coding	0	4	2	421	0	0	0	0	219	0	0	0	0	98	2	0	0	0	1	0	0	0	2	1	0	98	3	0	3
LOC107841765	LOC107841765	XM_016685606.2	protein_coding	0	4	2	421	0	0	0	0	219	0	0	0	0	96	2	0	0	0	1	0	0	0	2	1	0	98	3	0	5
LOC107841765	LOC107841765	XM_016685607.2	protein_coding	0	4	2	421	0	0	0	0	219	0	0	0	0	96	2	0	0	0	1	0	0	0	2	1	0	98	3	0	5
LOC107841765	LOC107841765	XM_016685608.2	protein_coding	0	4	2	421	0	0	0	0	219	0	0	0	0	96	2	0	0	0	1	0	0	0	2	1	0	98	3	0	5
LOC107841765	LOC107841765	XM_016685609.2	protein_coding	0	4	2	421	0	0	0	0	219	0	0	0	0	98	2	0	0	0	1	0	0	0	2	1	0	98	3	0	3
LOC107841765	LOC107841765	XM_016685610.2	protein_coding	0	4	2	421	0	0	0	0	219	0	0	0	0	96	2	0	0	0	1	0	0	0	2	1	0	98	3	0	5
LOC107841765	LOC107841765	XM_047396509.1	protein_coding	0	4	2	421	0	0	0	0	219	0	0	0	0	98	2	0	0	0	1	0	0	0	2	1	0	98	3	0	3
LOC107841765	LOC107841765	XM_047396510.1	protein_coding	0	4	2	421	0	0	0	0	219	0	0	0	0	98	2	0	0	0	1	0	0	0	2	1	0	98	3	0	3
LOC107841765	LOC107841765	XM_047396511.1	protein_coding	0	4	2	421	0	0	0	0	219	0	0	0	0	96	2	0	0	0	1	0	0	0	2	1	0	98	3	0	5
LOC107841765	LOC107841765	XM_047396512.1	protein_coding	0	4	2	421	0	0	0	0	219	0	0	0	0	96	2	0	0	0	1	0	0	0	2	1	0	98	3	0	5
LOC107841766	LOC107841766	XM_016685611.2	protein_coding	0	12	6	573	2	0	0	0	254	0	0	0	0	96	4	0	0	0	0	0	0	0	12	0	0	215	8	0	0
LOC107841767	LOC107841767	XM_016685612.2	protein_coding	1	9	8	780	0	0	1	0	243	0	1	0	0	312	7	0	0	0	2	0	0	0	7	0	0	198	13	0	14
LOC107841768	LOC107841768	XM_016685616.2	protein_coding	0	0	0	106	0	0	0	0	69	0	0	0	0	0	0	0	0	0	0	0	0	0	0	0	0	25	12	0	0
LOC107841770	LOC107841770	XM_016685613.2	protein_coding	0	5	8	620	0	0	0	0	305	0	0	0	0	128	8	0	0	0	0	0	0	0	5	0	0	185	1	0	1
LOC107841771	LOC107841771	XM_016685614.2	protein_coding	0	2	0	862	0	0	0	0	191	0	0	0	0	393	0	0	0	0	0	0	0	0	2	0	0	270	4	0	4
LOC107841772	LOC107841772	XM_016685615.2	protein_coding	0	10	12	606	0	0	0	0	252	0	0	0	0	181	12	0	0	0	2	0	0	0	8	0	0	164	4	0	5
LOC107841772	LOC107841772	XM_047396499.1	protein_coding	0	10	12	606	0	0	0	0	252	0	0	0	0	183	12	0	0	0	2	0	0	0	8	0	0	164	4	0	3
LOC107841772	LOC107841772	XM_047396500.1	protein_coding	0	7	7	489	0	0	0	0	252	0	0	0	0	63	7	0	0	0	0	0	0	0	7	0	0	166	4	0	4
LOC107841772	LOC107841772	XM_047396501.1	protein_coding	0	7	7	491	0	0	0	0	252	0	0	0	0	66	7	0	0	0	0	0	0	0	7	0	0	168	4	0	1
LOC107841772	LOC107841772	XM_047396503.1	protein_coding	0	7	7	489	0	0	0	0	252	0	0	0	0	63	7	0	0	0	0	0	0	0	7	0	0	167	4	0	3
LOC107841772	LOC107841772	XM_047396504.1	protein_coding	0	7	7	489	0	0	0	0	252	0	0	0	0	63	7	0	0	0	0	0	0	0	7	0	0	167	4	0	3
LOC107841773	LOC107841773	XM_016685618.2	protein_coding	3	24	21	1488	0	0	0	0	40	0	1	0	0	1370	21	0	0	0	0	0	2	0	24	0	0	74	2	0	2
LOC107841773	LOC107841773	XM_016685619.2	protein_coding	3	24	20	1489	0	0	0	0	40	0	1	0	0	1371	20	0	0	0	0	0	2	0	24	0	0	74	2	0	2
LOC107841775	LOC107841775	XM_016685621.2	protein_coding	6	33	47	3247	0	0	0	0	231	0	0	0	0	2740	47	0	0	1	0	0	5	0	33	0	0	265	9	0	3
LOC107841775	LOC107841775	XM_016685622.2	protein_coding	6	30	48	3235	0	0	0	0	225	0	0	0	0	2740	48	0	0	1	0	0	5	0	30	0	0	265	3	0	3
LOC107841775	LOC107841775	XM_047396485.1	protein_coding	1	17	22	2916	0	0	0	0	231	0	0	0	0	2368	22	0	0	0	0	0	1	0	17	0	0	308	9	0	0
LOC107841775	LOC107841775	XR_001665447.2		1	0	0	3312	0	0	0	0	220	88	0	0	0	2740	0	0	0	1	0	0	0	0	0	0	0	265	0	0	0
LOC107841776	LOC107841776	XM_047396486.1	protein_coding	1	14	27	889	0	0	0	0	280	0	0	0	0	320	27	0	0	0	0	0	1	0	14	0	0	286	1	0	2
LOC107841776	LOC107841776	XM_047396487.1	protein_coding	1	14	25	954	0	0	0	0	280	0	0	0	0	414	25	0	0	0	1	0	1	0	13	0	0	252	1	0	7
LOC107841776	LOC107841776	XM_047396488.1	protein_coding	1	13	25	950	0	0	0	0	280	0	0	0	0	417	25	0	0	0	0	0	1	0	13	0	0	250	1	0	2
LOC107841776	LOC107841776	XM_047396489.1	protein_coding	1	13	25	948	0	0	0	0	280	0	0	0	0	415	25	0	0	0	0	0	1	0	13	0	0	249	1	0	3
LOC107841776	LOC107841776	XM_047396490.1	protein_coding	1	13	27	890	0	0	0	0	280	0	0	0	0	321	27	0	0	0	0	0	1	0	13	0	0	286	1	0	2
LOC107841776	LOC107841776	XM_047396491.1	protein_coding	1	14	24	799	0	0	0	0	236	0	0	0	0	273	24	0	0	0	0	0	1	0	14	0	0	286	2	0	2
LOC107841776	LOC107841776	XM_047396492.1	protein_coding	1	13	24	773	0	0	0	0	218	0	0	0	0	251	24	0	0	0	0	0	1	0	13	0	0	286	16	0	2
LOC107841777	LOC107841777	XM_047396308.1	protein_coding	1	1	7	614	0	0	0	0	54	0	0	0	0	405	7	0	0	0	0	0	1	0	1	0	0	155	0	0	0
LOC107841778	LOC107841778	XR_001665448.2		1	0	0	656	0	0	0	0	172	56	0	0	0	85	0	0	1	0	0	0	0	0	0	0	0	344	0	0	0
LOC107841780	LOC107841780	XM_047396493.1	protein_coding	1	19	22	1198	0	0	0	0	283	0	1	0	0	651	22	0	0	0	1	0	0	0	18	0	0	255	2	0	7
LOC107841780	LOC107841780	XM_047396494.1	protein_coding	1	20	22	1203	0	0	0	0	283	0	1	0	0	658	22	0	0	0	2	0	0	0	18	0	0	255	2	0	5
LOC107841780	LOC107841780	XM_047396495.1	protein_coding	1	13	15	911	0	0	0	0	283	0	1	0	0	427	15	0	0	0	0	0	0	0	13	0	0	192	2	0	7
LOC107841780	LOC107841780	XM_047396496.1	protein_coding	1	17	8	1216	0	0	0	0	283	0	1	0	0	663	8	0	0	0	5	0	0	0	12	0	0	253	2	0	15
LOC107841783	LOC107841783	XM_016685627.2	protein_coding	0	9	6	875	0	0	0	0	197	0	0	0	0	497	6	0	0	0	1	0	0	0	8	0	0	171	5	0	5
LOC107841783	LOC107841783	XM_016685628.2	protein_coding	0	9	5	876	0	0	0	0	197	0	0	0	0	498	5	0	0	0	1	0	0	0	8	0	0	171	5	0	5
LOC107841784	LOC107841784	XM_016685629.2	protein_coding	0	18	17	1356	0	0	0	0	232	0	0	0	0	913	17	0	0	0	0	0	0	0	18	0	1	197	8	0	5
LOC107841785	LOC107841785	XM_047396478.1	protein_coding	4	18	54	492	1	0	1	0	213	0	2	0	0	0	52	0	0	0	1	0	2	0	17	0	0	275	2	0	2
LOC107841786	LOC107841786	XM_047396470.1	protein_coding	0	14	10	392	0	0	0	0	245	0	0	0	0	49	10	0	0	0	0	0	0	0	13	1	0	93	5	0	0
LOC107841787	LOC107841787	XM_016685637.2	protein_coding	0	0	0	355	0	0	0	0	167	0	0	0	0	62	0	0	0	0	0	0	0	0	0	0	0	123	0	0	3
LOC107841787	LOC107841787	XM_047397002.1	protein_coding	0	0	0	346	0	0	0	0	167	0	0	0	0	59	0	0	0	0	0	0	0	0	0	0	0	120	0	0	0
LOC107841788	LOC107841788	XM_047396472.1	protein_coding	6	2	10	498	0	0	0	0	267	0	4	0	0	61	10	0	0	0	0	0	4	0	2	0	0	156	2	0	12
LOC107841788	LOC107841788	XM_047396473.1	protein_coding	6	2	10	498	0	0	0	0	267	0	4	0	0	62	10	0	0	0	0	0	4	0	2	0	0	156	1	0	12
LOC107841788	LOC107841788	XM_047396474.1	protein_coding	5	1	10	500	0	0	0	0	267	0	4	0	0	64	10	0	0	0	0	0	3	0	1	0	0	156	1	0	12
LOC107841788	LOC107841788	XM_047396475.1	protein_coding	5	1	10	500	0	0	0	0	234	0	4	0	0	94	10	0	0	0	0	0	3	0	1	0	0	156	4	0	12
LOC107841788	LOC107841788	XM_047396476.1	protein_coding	5	1	9	501	0	0	0	0	267	0	4	0	0	65	9	0	0	0	0	0	3	0	1	0	0	156	1	0	12
LOC107841788	LOC107841788	XR_007044559.1		0	0	0	516	0	0	0	0	267	44	0	0	0	49	0	0	0	0	0	0	0	0	0	0	0	156	0	0	0
LOC107841788	LOC107841788	XR_007044560.1		0	0	0	517	0	0	0	0	110	61	0	0	0	190	0	0	0	0	0	0	0	0	0	0	0	156	0	0	0
LOC107841788	LOC107841788	XR_007044561.1		0	0	0	517	0	0	0	0	110	68	0	0	0	183	0	0	0	0	0	0	0	0	0	0	0	156	0	0	0
LOC107841788	LOC107841788	XR_007044562.1		0	0	0	517	0	0	0	0	110	94	0	0	0	157	0	0	0	0	0	0	0	0	0	0	0	156	0	0	0
LOC107841788	LOC107841788	XR_007044563.1		0	0	0	517	0	0	0	0	110	76	0	0	0	174	0	0	0	0	0	0	0	0	0	0	0	157	0	0	0
LOC107841788	LOC107841788	XR_007044564.1		0	0	0	517	0	0	0	0	110	64	0	0	0	186	0	0	0	0	0	0	0	0	0	0	0	157	0	0	0
LOC107841788	LOC107841788	XR_007044565.1		0	0	0	517	0	0	0	0	110	79	0	0	0	172	0	0	0	0	0	0	0	0	0	0	0	156	0	0	0
LOC107841788	LOC107841788	XR_007044566.1		0	0	0	517	0	0	0	0	110	121	0	0	0	130	0	0	0	0	0	0	0	0	0	0	0	156	0	0	0
LOC107841788	LOC107841788	XR_007044567.1		0	0	0	517	0	0	0	0	110	118	0	0	0	133	0	0	0	0	0	0	0	0	0	0	0	156	0	0	0
LOC107841788	LOC107841788	XR_007044568.1		0	0	0	517	0	0	0	0	110	121	0	0	0	130	0	0	0	0	0	0	0	0	0	0	0	156	0	0	0
LOC107841788	LOC107841788	XR_007044569.1		0	0	0	517	0	0	0	0	110	91	0	0	0	160	0	0	0	0	0	0	0	0	0	0	0	156	0	0	0
LOC107841788	LOC107841788	XR_007044570.1		0	0	0	517	0	0	0	0	110	106	0	0	0	145	0	0	0	0	0	0	0	0	0	0	0	156	0	0	0
LOC107841788	LOC107841788	XR_007044571.1		0	0	0	517	0	0	0	0	110	103	0	0	0	148	0	0	0	0	0	0	0	0	0	0	0	156	0	0	0
LOC107841788	LOC107841788	XR_007044572.1		0	0	0	517	0	0	0	0	110	106	0	0	0	145	0	0	0	0	0	0	0	0	0	0	0	156	0	0	0
LOC107841788	LOC107841788	XR_007044573.1		0	0	0	517	0	0	0	0	110	103	0	0	0	148	0	0	0	0	0	0	0	0	0	0	0	156	0	0	0
LOC107841788	LOC107841788	XR_007044574.1		0	0	0	517	0	0	0	0	110	74	0	0	0	177	0	0	0	0	0	0	0	0	0	0	0	156	0	0	0
LOC107841788	LOC107841788	XR_007044575.1		0	0	0	517	0	0	0	0	110	76	0	0	0	175	0	0	0	0	0	0	0	0	0	0	0	156	0	0	0
LOC107841788	LOC107841788	XR_007044576.1		0	0	0	517	0	0	0	0	110	73	0	0	0	178	0	0	0	0	0	0	0	0	0	0	0	156	0	0	0
LOC107841789	LOC107841789	XM_016685638.2	protein_coding	0	17	18	575	0	0	0	0	257	0	0	0	0	26	18	0	0	0	0	0	0	0	17	0	0	280	9	0	3
LOC107841789	LOC107841789	XM_016685639.2	protein_coding	0	7	7	544	0	0	0	0	257	0	0	0	0	26	7	0	0	0	3	0	0	0	4	0	0	243	9	0	9
LOC107841791	LOC107841791	XM_016685640.2	protein_coding	1	12	6	282	0	0	0	0	114	0	0	0	0	51	6	0	0	0	0	0	1	0	12	0	0	112	1	0	4
LOC107841793	LOC107841793	XM_047396413.1	protein_coding	15	24	80	832	0	0	0	1	186	0	8	0	0	507	79	0	1	0	1	0	6	0	23	0	0	138	0	0	2
LOC107841794	LOC107841794	XM_016685641.2	protein_coding	0	11	4	418	0	0	0	0	137	0	0	0	0	34	4	0	0	0	6	0	0	0	5	0	0	234	0	0	13
LOC107841795	LOC107841795	XM_016685646.2	protein_coding	0	5	2	424	0	0	0	0	108	0	0	0	0	226	2	0	0	0	2	0	0	0	3	0	0	85	0	0	5
LOC107841795	LOC107841795	XM_016685653.2	protein_coding	0	5	1	425	0	0	0	0	108	0	0	0	0	227	1	0	0	0	2	0	0	0	3	0	0	85	0	0	5
LOC107841796	LOC107841796	XM_016685643.2	protein_coding	0	3	3	320	0	0	0	0	111	0	0	0	0	0	3	0	0	0	3	0	0	0	0	0	0	192	4	0	13
LOC107841797	LOC107841797	XM_016685644.2	protein_coding	0	5	7	378	0	0	0	0	190	0	0	0	0	0	7	0	0	0	0	0	0	0	5	0	0	179	2	0	7
LOC107841799	LOC107841799	XM_016685647.2	protein_coding	3	17	22	449	0	0	0	2	184	0	3	0	0	0	20	0	0	0	3	0	0	0	14	0	0	244	4	0	17
LOC107841800	LOC107841800	XM_016685648.2	protein_coding	0	5	8	422	0	0	0	0	240	0	0	0	0	0	8	0	0	0	0	0	0	0	5	0	0	165	10	0	7
LOC107841801	LOC107841801	XM_016685649.2	protein_coding	1	3	9	293	1	1	1	0	79	0	1	0	0	0	6	0	0	0	0	1	0	0	3	0	0	181	29	0	4
LOC107841802	LOC107841802	XM_016685650.2	protein_coding	2	10	22	321	0	0	0	0	141	0	1	0	0	3	22	0	0	0	4	0	1	0	6	0	0	144	6	0	27
LOC107841803	LOC107841803	XM_016685651.2	protein_coding	0	13	20	403	0	1	0	0	267	0	0	0	0	0	19	0	0	0	0	0	0	0	13	0	1	130	3	0	2
LOC107841806	LOC107841806	XM_016685654.2	protein_coding	0	1	1	462	0	0	0	0	256	0	0	0	0	0	1	0	0	0	0	0	0	0	1	0	0	181	19	0	6
LOC107841807	LOC107841807	XM_047396647.1	protein_coding	0	1	1	159	0	0	0	0	71	0	0	0	0	31	1	0	0	0	0	0	0	0	1	0	0	52	5	0	0
LOC107841810	LOC107841810	XM_047397001.1	protein_coding	0	1	1	174	0	0	0	0	103	0	0	0	0	18	1	0	0	0	0	0	0	0	1	0	1	34	13	0	5
LOC107841813	LOC107841813	XR_001665459.2		1	0	0	720	0	0	0	0	223	43	0	0	0	303	0	0	0	1	0	0	0	0	0	0	0	152	0	0	0
LOC107841813	LOC107841813	XR_001665460.2		2	0	0	1671	0	0	0	0	300	35	0	0	0	1180	0	0	1	1	0	0	0	0	0	0	0	158	0	0	0
LOC107841816	LOC107841816	XM_016685664.2	protein_coding	0	7	6	318	0	0	0	0	117	0	0	0	0	23	6	0	0	0	1	0	0	0	6	0	0	166	7	0	5
LOC107841817	LOC107841817	XM_016685665.2	protein_coding	1	2	0	298	0	0	0	0	161	0	0	0	0	0	0	0	0	0	0	0	1	0	2	0	0	128	8	0	1
LOC107841818	LOC107841818	XM_047396652.1	protein_coding	0	14	15	387	0	0	0	0	153	0	0	0	0	76	15	0	0	0	0	0	0	0	14	0	0	142	16	0	0
LOC107841819	LOC107841819	XM_016685676.2	protein_coding	0	4	2	319	0	0	0	0	81	0	0	0	0	221	2	0	0	0	0	0	0	0	4	0	0	7	1	0	9
LOC107841819	LOC107841819	XM_047396999.1	protein_coding	0	3	2	320	0	0	0	0	81	0	0	0	0	222	2	0	0	0	0	0	0	0	3	0	0	15	1	0	1
LOC107841820	LOC107841820	XM_016685668.2	protein_coding	0	1	3	425	0	0	0	0	170	0	0	0	0	26	3	0	0	0	0	0	0	0	1	0	0	224	5	0	0
LOC107841821	LOC107841821	XM_016685669.2	protein_coding	0	2	12	238	0	0	0	0	142	0	0	0	0	0	12	0	0	0	0	0	0	0	2	0	0	89	7	0	0
LOC107841822	LOC107841822	XM_016685671.2	protein_coding	0	7	7	321	0	0	0	0	118	0	0	0	0	47	7	0	0	0	0	0	0	0	7	0	0	151	5	0	0
LOC107841823	LOC107841823	XM_016685672.2	protein_coding	2	5	15	273	1	0	0	0	173	0	1	0	0	0	14	0	0	0	0	0	1	0	5	0	0	100	0	0	0
LOC107841828	LOC107841828	XM_016685674.2	protein_coding	0	4	1	387	0	0	0	0	166	0	0	0	0	93	1	0	0	0	1	0	0	0	3	0	0	111	11	0	6
LOC107841828	LOC107841828	XM_016685675.2	protein_coding	0	4	1	387	0	0	0	0	166	0	0	0	0	93	1	0	0	0	1	0	0	0	3	0	0	111	11	0	6
LOC107841829	LOC107841829	XM_016685677.2	protein_coding	0	4	4	494	0	0	0	0	305	0	0	0	0	45	4	0	0	0	0	0	0	0	4	0	0	135	9	0	0
LOC107841830	LOC107841830	XM_016685678.2	protein_coding	0	2	7	550	0	0	0	0	371	0	0	0	0	0	7	0	0	0	1	0	0	0	1	0	0	162	1	0	16
LOC107841832	LOC107841832	XM_047396597.1	protein_coding	2	3	4	580	0	0	0	0	337	0	0	0	0	130	4	0	0	1	0	0	0	1	3	0	0	85	28	0	1
LOC107841834	LOC107841834	XM_016685682.2	protein_coding	0	2	2	650	0	0	0	0	223	0	0	0	0	92	2	0	0	0	0	0	0	0	2	0	0	331	3	0	1
LOC107841834	LOC107841834	XM_016685683.2	protein_coding	1	2	2	647	0	0	0	0	223	0	0	0	0	92	2	0	1	0	0	0	0	0	2	0	0	329	3	0	1
LOC107841834	LOC107841834	XM_047396596.1	protein_coding	0	3	2	632	0	0	0	0	223	0	0	0	0	89	2	0	0	0	1	0	0	0	2	0	0	314	3	0	3
LOC107841836	LOC107841836	XM_047396594.1	protein_coding	2	4	5	630	0	0	0	0	236	0	1	0	0	232	5	0	0	1	1	0	0	0	3	0	0	140	2	0	21
LOC107841836	LOC107841836	XM_047396595.1	protein_coding	2	11	5	619	0	0	0	0	236	0	1	0	0	174	5	0	0	1	8	0	0	0	3	0	0	155	2	0	53
LOC107841837	LOC107841837	XM_016685685.2	protein_coding	0	11	6	596	0	0	0	0	242	0	0	0	0	129	6	0	0	0	0	0	0	0	11	0	0	210	11	0	4
LOC107841840	LOC107841840	XM_016685690.2	protein_coding	2	17	12	569	0	0	0	0	199	0	2	0	0	24	12	0	0	0	11	0	0	0	6	0	1	267	16	0	62
LOC107841841	LOC107841841	XR_001665463.2		2	0	0	637	0	0	0	0	263	45	0	0	0	93	0	0	0	2	0	0	0	0	0	0	0	238	0	0	0
LOC107841842	LOC107841842	XR_007044641.1		0	0	0	529	0	0	0	0	226	86	0	0	0	100	0	0	0	0	0	0	0	0	0	0	0	117	0	0	0
LOC107841847	LOC107841847	XM_016685694.2	protein_coding	0	6	4	312	0	0	0	0	215	0	0	0	0	0	4	0	0	0	0	0	0	0	6	0	0	66	22	0	9
LOC107841848	LOC107841848	XM_016685696.2	protein_coding	0	2	5	293	0	1	0	0	141	0	0	0	0	0	4	0	0	0	0	0	0	0	2	0	0	136	8	0	8
LOC107841851	LOC107841851	XR_007044619.1		0	0	0	539	0	0	0	0	190	84	0	0	0	27	0	0	0	0	0	0	0	0	0	0	0	238	0	0	0
LOC107841852	LOC107841852	XR_007044615.1		0	0	0	679	0	0	0	0	325	149	0	0	0	6	0	0	0	0	0	0	0	0	0	0	0	199	0	0	0
LOC107841852	LOC107841852	XR_007044616.1		0	0	0	676	0	0	0	0	325	119	0	0	0	22	0	0	0	0	0	0	0	0	0	0	0	210	0	0	0
LOC107841853	LOC107841853	XM_016685698.2	protein_coding	0	6	5	366	0	0	0	0	188	0	0	0	0	40	5	0	0	0	0	0	0	0	6	0	0	136	1	0	1
LOC107841856	LOC107841856	XR_001665472.2		1	0	0	500	0	0	0	0	254	81	0	0	0	28	0	0	1	0	0	0	0	0	0	0	0	138	0	0	0
LOC107841857	LOC107841857	XM_016685700.2	protein_coding	0	6	7	430	0	0	0	0	262	0	0	0	0	0	7	0	0	0	1	0	0	0	5	0	0	162	0	0	6
LOC107841858	LOC107841858	XM_016685701.2	protein_coding	0	4	13	443	1	1	0	0	183	0	0	0	0	0	11	0	0	0	1	0	0	0	3	0	0	243	8	0	9
LOC107841859	LOC107841859	XM_016685704.2	protein_coding	0	5	9	453	0	0	0	0	127	0	0	0	0	111	9	0	0	0	0	0	0	0	5	0	0	215	0	0	0
LOC107841860	LOC107841860	XM_016685705.2	protein_coding	0	3	3	501	0	0	0	0	250	0	0	0	0	110	3	0	0	0	0	0	0	0	3	0	0	126	15	0	0
LOC107841861	LOC107841861	XM_016685706.2	protein_coding	0	2	1	514	0	0	0	0	166	0	0	0	0	112	1	0	0	0	1	0	0	0	1	0	0	215	11	0	10
LOC107841861	LOC107841861	XM_047396547.1	protein_coding	0	1	1	515	0	0	0	0	166	0	0	0	0	113	1	0	0	0	1	0	0	0	0	0	0	214	11	0	11
LOC107841869	LOC107841869	XR_001665477.2		0	0	0	368	0	0	0	0	155	11	0	0	0	199	0	0	0	0	0	0	0	0	0	0	0	3	0	0	0
LOC107841869	LOC107841869	XR_007044558.1		0	0	0	368	0	0	0	0	155	11	0	0	0	199	0	0	0	0	0	0	0	0	0	0	0	3	0	0	0
LOC107841873	LOC107841873	XM_047396629.1	protein_coding	0	4	2	468	0	0	0	0	177	0	0	0	0	103	2	0	0	0	1	0	0	0	3	0	0	174	5	0	9
LOC107841873	LOC107841873	XM_047396630.1	protein_coding	0	4	2	468	0	0	0	0	177	0	0	0	0	103	2	0	0	0	1	0	0	0	3	0	0	174	5	0	9
LOC107841874	LOC107841874	XM_016685713.2	protein_coding	0	1	0	490	0	0	0	0	186	0	0	0	0	31	0	0	0	0	0	0	0	0	1	0	0	270	3	0	0
LOC107841877	LOC107841877	XM_016685714.2	protein_coding	8	30	44	481	0	0	0	1	175	0	5	0	0	33	43	0	0	0	0	0	3	0	30	0	0	264	8	0	1
LOC107841877	LOC107841877	XM_016685715.2	protein_coding	8	30	44	480	0	0	0	1	175	0	5	0	0	33	43	0	0	0	0	0	3	0	30	0	0	263	8	0	1
LOC107841877	LOC107841877	XM_016685716.2	protein_coding	8	27	40	488	0	0	0	1	175	0	5	0	0	40	39	0	0	0	0	0	3	0	27	0	0	264	8	0	1
LOC107841880	LOC107841880	XM_016685722.2	protein_coding	1	0	5	496	0	0	0	0	170	0	0	0	0	15	5	0	0	1	0	0	0	0	0	0	0	300	2	0	10
LOC107841882	LOC107841882	XM_047396463.1	protein_coding	0	10	9	356	0	0	0	0	56	0	0	0	0	186	9	0	0	0	1	0	0	0	9	0	0	108	2	0	4
LOC107841883	LOC107841883	XM_047396481.1	protein_coding	0	9	21	661	0	0	0	0	274	0	0	0	0	163	21	0	0	0	1	0	0	0	8	0	0	201	17	0	6
LOC107841883	LOC107841883	XR_001665479.2		0	0	0	693	0	0	0	0	276	50	0	0	0	166	0	0	0	0	0	0	0	0	0	0	0	201	0	0	0
LOC107841883	LOC107841883	XR_007044578.1		0	0	0	682	0	0	0	0	274	187	0	0	0	22	0	0	0	0	0	0	0	0	0	0	0	199	0	0	0
LOC107841884	LOC107841884	XM_016685731.2	protein_coding	0	10	9	516	0	0	0	0	83	0	0	0	0	215	9	0	0	0	0	0	0	0	10	0	0	201	11	0	6
LOC107841885	LOC107841885	XM_016685735.2	protein_coding	0	2	2	535	0	0	0	0	100	0	0	0	0	203	2	0	0	0	1	0	0	0	1	0	0	210	12	0	10
LOC107841885	LOC107841885	XM_047396465.1	protein_coding	1	3	2	346	0	0	0	0	100	0	1	0	0	92	2	0	0	0	1	0	0	0	2	0	0	138	12	0	4
LOC107841885	LOC107841885	XM_047396466.1	protein_coding	0	2	2	535	0	0	0	0	100	0	0	0	0	209	2	0	0	0	1	0	0	0	1	0	0	210	12	0	4
LOC107841885	LOC107841885	XM_047396467.1	protein_coding	1	1	2	534	0	0	0	0	100	0	0	0	0	210	2	0	0	1	0	0	0	0	1	0	0	211	12	0	2
LOC107841886	LOC107841886	XR_007044557.1		0	0	0	511	0	0	0	0	222	33	0	0	0	54	0	0	0	0	0	0	0	0	0	0	0	202	0	0	0
LOC107841887	LOC107841887	XM_016685736.2	protein_coding	0	4	3	577	0	0	0	0	200	0	0	0	0	92	3	0	0	0	0	0	0	0	4	0	0	271	11	0	3
LOC107841887	LOC107841887	XM_016685738.2	protein_coding	0	4	3	577	0	0	0	0	200	0	0	0	0	92	3	0	0	0	0	0	0	0	4	0	0	271	11	0	3
LOC107841888	LOC107841888	XM_016685741.2	protein_coding	0	5	4	429	1	0	0	0	211	0	0	0	0	0	3	0	0	0	3	0	0	0	2	0	0	167	27	0	24
LOC107841889	LOC107841889	XM_016685742.2	protein_coding	0	5	5	461	0	0	0	0	114	0	0	0	0	103	5	0	0	0	3	0	0	0	2	0	0	229	9	0	6
LOC107841890	LOC107841890	XM_016685743.2	protein_coding	0	3	11	431	0	0	0	0	151	0	0	0	0	158	11	0	0	0	0	0	0	0	3	0	0	121	0	0	1
LOC107841891	LOC107841891	XM_016685744.2	protein_coding	0	11	6	416	0	0	0	0	147	0	0	0	0	72	6	0	0	0	4	0	0	0	7	0	0	173	7	0	17
LOC107841892	LOC107841892	XM_016685746.2	protein_coding	0	1	2	437	0	0	0	0	112	0	0	0	0	106	2	0	0	0	0	0	0	0	1	0	0	215	1	0	3
LOC107841893	LOC107841893	XM_016685748.2	protein_coding	0	6	9	398	0	0	0	0	152	0	0	0	0	74	9	0	0	0	0	0	0	0	6	0	0	155	2	0	15
LOC107841895	LOC107841895	XM_016685750.2	protein_coding	0	2	4	319	0	0	1	0	157	0	0	0	0	0	3	0	0	0	0	0	0	0	2	0	0	156	3	0	3
LOC107841896	LOC107841896	XM_016685752.2	protein_coding	0	14	1	550	0	0	0	0	213	0	0	0	0	131	1	0	0	0	4	0	0	0	10	0	0	174	9	0	23
LOC107841897	LOC107841897	XM_016685753.2	protein_coding	0	0	1	89	0	0	0	0	27	0	0	0	0	0	1	0	0	0	0	0	0	0	0	0	0	62	0	0	0
LOC107841900	LOC107841900	XM_016685754.2	protein_coding	0	9	7	884	0	0	0	0	175	0	0	0	0	388	7	0	0	0	3	0	0	0	6	0	0	285	3	0	33
LOC107841901	LOC107841901	XM_016685756.2	protein_coding	0	0	3	99	0	0	0	0	72	0	0	0	0	2	3	0	0	0	0	0	0	0	0	0	0	25	0	0	0
LOC107841906	LOC107841906	XR_001665485.2		0	0	0	53	0	0	0	0	21	0	0	0	0	8	0	0	0	0	0	0	0	0	0	0	0	24	0	0	0
LOC107841908	LOC107841908	XM_016685759.2	protein_coding	0	0	0	9	0	0	0	0	6	0	0	0	0	0	0	0	0	0	0	0	0	0	0	0	0	3	0	0	0
LOC107841909	LOC107841909	XM_016685760.2	protein_coding	1	0	0	299	0	0	0	0	82	0	1	0	0	94	0	0	0	0	0	1	0	0	0	0	0	120	1	0	2
LOC107841912	LOC107841912	XM_016685761.2	protein_coding	0	1	3	285	0	0	0	0	143	0	0	0	0	19	3	0	0	0	1	0	0	0	0	0	0	113	6	0	4
LOC107841914	LOC107841914	XM_016685763.2	protein_coding	0	0	7	273	0	0	0	0	130	0	0	0	0	10	7	0	0	0	0	0	0	0	0	0	0	129	1	0	3
LOC107841916	LOC107841916	XM_016685766.2	protein_coding	0	3	2	172	0	0	0	0	87	0	0	0	0	15	2	0	0	0	1	0	0	0	2	0	0	69	0	0	1
LOC107841917	LOC107841917	XR_001665489.2		0	0	0	408	0	0	0	0	188	17	0	0	0	9	0	0	0	0	0	0	0	0	0	0	0	194	0	0	0
LOC107841917	LOC107841917	XR_001665490.2		0	0	0	412	0	0	0	0	188	22	0	0	0	14	0	0	0	0	0	0	0	0	0	0	0	188	0	0	0
LOC107841919	LOC107841919	XR_007044526.1		0	0	0	405	0	0	0	0	212	56	0	0	0	12	0	0	0	0	0	0	0	0	0	0	0	125	0	0	0
LOC107841922	LOC107841922	XM_016685768.2	protein_coding	0	0	3	325	0	0	0	0	155	0	0	0	0	7	3	0	0	0	0	0	0	0	0	0	0	153	5	0	5
LOC107841925	LOC107841925	XM_047396441.1	protein_coding	5	8	16	750	0	0	0	0	280	0	5	0	0	51	16	0	0	0	3	0	0	0	5	0	0	168	242	0	9
LOC107841925	LOC107841925	XM_047396442.1	protein_coding	5	8	16	750	0	0	0	0	280	0	5	0	0	54	16	0	0	0	3	0	0	0	5	0	0	168	239	0	9
LOC107841925	LOC107841925	XM_047396443.1	protein_coding	5	8	16	750	0	0	0	0	280	0	5	0	0	53	16	0	0	0	3	0	0	0	5	0	0	168	240	0	9
LOC107841925	LOC107841925	XM_047396444.1	protein_coding	5	8	16	750	0	0	0	0	280	0	5	0	0	53	16	0	0	0	3	0	0	0	5	0	0	168	240	0	9
LOC107841925	LOC107841925	XM_047396445.1	protein_coding	5	8	16	750	0	0	0	0	280	0	5	0	0	52	16	0	0	0	3	0	0	0	5	0	0	168	241	0	9
LOC107841925	LOC107841925	XM_047396446.1	protein_coding	5	8	16	750	0	0	0	0	280	0	5	0	0	54	16	0	0	0	3	0	0	0	5	0	0	168	239	0	9
LOC107841925	LOC107841925	XM_047396447.1	protein_coding	5	8	16	750	0	0	0	0	280	0	5	0	0	55	16	0	0	0	3	0	0	0	5	0	0	168	238	0	9
LOC107841925	LOC107841925	XM_047396448.1	protein_coding	2	7	16	755	1	1	0	0	280	0	0	0	0	287	14	0	0	0	4	0	1	1	3	0	0	142	19	0	27
LOC107841925	LOC107841925	XM_047396449.1	protein_coding	2	5	16	755	1	1	0	0	280	0	0	0	0	301	14	0	0	0	2	0	1	1	3	0	0	141	19	0	14
LOC107841925	LOC107841925	XM_047396450.1	protein_coding	2	5	16	755	1	1	0	0	280	0	0	0	0	292	14	0	0	0	2	0	1	1	3	0	0	142	19	0	22
LOC107841925	LOC107841925	XM_047396451.1	protein_coding	2	3	16	755	1	1	0	0	280	0	0	0	0	306	14	0	0	0	0	0	1	1	3	0	0	142	19	0	8
LOC107841925	LOC107841925	XR_001665499.2		0	0	0	776	0	0	0	0	280	69	0	0	0	285	0	0	0	0	0	0	0	0	0	0	0	142	0	0	0
LOC107841925	LOC107841925	XR_007044538.1		0	0	0	776	0	0	0	0	280	63	0	0	0	291	0	0	0	0	0	0	0	0	0	0	0	142	0	0	0
LOC107841925	LOC107841925	XR_007044539.1		0	0	0	776	0	0	0	0	280	56	0	0	0	299	0	0	0	0	0	0	0	0	0	0	0	141	0	0	0
LOC107841925	LOC107841925	XR_007044540.1		0	0	0	776	0	0	0	0	280	66	0	0	0	288	0	0	0	0	0	0	0	0	0	0	0	142	0	0	0
LOC107841925	LOC107841925	XR_007044541.1		0	0	0	776	0	0	0	0	280	60	0	0	0	294	0	0	0	0	0	0	0	0	0	0	0	142	0	0	0
LOC107841925	LOC107841925	XR_007044542.1		0	0	0	776	0	0	0	0	280	51	0	0	0	304	0	0	0	0	0	0	0	0	0	0	0	141	0	0	0
LOC107841925	LOC107841925	XR_007044543.1		0	0	0	776	0	0	0	0	280	67	0	0	0	289	0	0	0	0	0	0	0	0	0	0	0	140	0	0	0
LOC107841926	LOC107841926	XM_016685772.2	protein_coding	0	0	0	77	0	0	0	0	37	0	0	0	0	0	0	0	0	0	0	0	0	0	0	0	0	40	0	0	0
LOC107841927	LOC107841927	XM_016685773.2	protein_coding	0	0	1	23	0	0	0	0	5	0	0	0	0	11	1	0	0	0	0	0	0	0	0	0	0	7	0	0	0
LOC107841927	LOC107841927	XM_016685774.2	protein_coding	0	0	1	23	0	0	0	0	5	0	0	0	0	11	1	0	0	0	0	0	0	0	0	0	0	7	0	0	0
LOC107841927	LOC107841927	XM_016685775.2	protein_coding	0	0	1	23	0	0	0	0	5	0	0	0	0	11	1	0	0	0	0	0	0	0	0	0	0	7	0	0	0
LOC107841927	LOC107841927	XM_047397127.1	protein_coding	0	0	0	24	0	0	0	0	5	0	0	0	0	12	0	0	0	0	0	0	0	0	0	0	0	7	0	0	0
LOC107841928	LOC107841928	XM_016685777.2	protein_coding	0	1	8	416	0	0	0	0	123	0	0	0	0	165	8	0	0	0	0	0	0	0	1	0	0	114	6	0	8
LOC107841928	LOC107841928	XM_016685778.2	protein_coding	0	2	8	416	0	0	0	0	123	0	0	0	0	154	8	0	0	0	1	0	0	0	1	0	0	121	6	0	12
LOC107841930	LOC107841930	XM_016685780.2	protein_coding	0	0	0	8	0	0	0	0	4	0	0	0	0	1	0	0	0	0	0	0	0	0	0	0	0	3	0	0	0
LOC107841930	LOC107841930	XM_047397153.1	protein_coding	0	0	0	8	0	0	0	0	4	0	0	0	0	1	0	0	0	0	0	0	0	0	0	0	0	3	0	0	0
LOC107841933	LOC107841933	XM_016685783.2	protein_coding	0	1	2	200	0	0	0	0	77	0	0	0	0	9	2	0	0	0	0	0	0	0	1	0	0	110	0	0	4
LOC107841934	LOC107841934	XM_016685784.2	protein_coding	1	4	7	215	0	0	0	0	115	0	1	0	0	0	7	0	0	0	0	0	0	0	3	1	0	100	0	0	0
LOC107841935	LOC107841935	XM_016685785.2	protein_coding	0	2	4	680	0	0	0	0	149	0	0	0	0	286	4	0	0	0	1	0	0	0	1	0	0	235	2	0	8
LOC107841935	LOC107841935	XM_047396452.1	protein_coding	0	1	5	705	0	0	0	0	158	0	0	0	0	289	5	0	0	0	0	0	0	0	1	0	0	237	17	0	4
LOC107841936	LOC107841936	XM_016685786.2	protein_coding	0	0	4	132	0	0	0	0	66	0	0	0	0	5	4	0	0	0	0	0	0	0	0	0	0	61	0	0	0
LOC107841937	LOC107841937	XR_001665502.2		0	0	0	104	0	0	0	0	54	13	0	0	0	14	0	0	0	0	0	0	0	0	0	0	0	23	0	0	0
LOC107841937	LOC107841937	XR_007044694.1		1	0	0	103	0	0	0	0	54	13	0	0	0	15	0	0	0	1	0	0	0	0	0	0	0	22	0	0	0
LOC107841939	LOC107841939	XR_001665504.2		0	0	0	423	0	0	0	0	270	24	0	0	0	56	0	0	0	0	0	0	0	0	0	0	0	73	0	0	0
LOC107841940	LOC107841940	XR_007045166.1		0	0	0	79	0	0	0	0	28	0	0	0	0	51	0	0	0	0	0	0	0	0	0	0	0	0	0	0	0
LOC107841942	LOC107841942	XM_016685788.2	protein_coding	0	0	0	10	0	0	0	0	5	0	0	0	0	0	0	0	0	0	0	0	0	0	0	0	0	5	0	0	0
LOC107841943	LOC107841943	XR_007045171.1		0	0	0	37	0	0	0	0	7	0	0	0	0	0	0	0	0	0	0	0	0	0	0	0	0	30	0	0	0
LOC107841943	LOC107841943	XR_007045172.1		0	0	0	37	0	0	0	0	7	0	0	0	0	0	0	0	0	0	0	0	0	0	0	0	0	30	0	0	0
LOC107841944	LOC107841944	XR_007045159.1		0	0	0	118	0	0	0	0	59	17	0	0	0	3	0	0	0	0	0	0	0	0	0	0	0	39	0	0	0
LOC107841945	LOC107841945	XM_016685790.2	protein_coding	0	2	0	119	0	0	0	0	32	0	0	0	0	17	0	0	0	0	2	0	0	0	0	0	0	57	1	0	12
LOC107841948	LOC107841948	XR_007045153.1		0	0	0	71	0	0	0	0	22	4	0	0	0	5	0	0	0	0	0	0	0	0	0	0	0	40	0	0	0
LOC107841950	LOC107841950	XR_001665511.2		1	0	0	179	0	0	0	0	56	4	0	0	0	35	0	0	0	1	0	0	0	0	0	0	0	85	0	0	0
LOC107841952	LOC107841952	XR_001665513.2		0	0	0	21	0	0	0	0	6	0	0	0	0	15	0	0	0	0	0	0	0	0	0	0	0	0	0	0	0
LOC107841952	LOC107841952	XR_007044692.1		0	0	0	21	0	0	0	0	6	0	0	0	0	15	0	0	0	0	0	0	0	0	0	0	0	0	0	0	0
LOC107841953	LOC107841953	XR_001665514.2		1	0	0	130	0	0	0	0	44	40	0	0	0	28	0	0	1	0	0	0	0	0	0	0	0	19	0	0	0
LOC107841953	LOC107841953	XR_001665515.2		1	0	0	130	0	0	0	0	44	34	0	0	0	34	0	0	1	0	0	0	0	0	0	0	0	19	0	0	0
LOC107841953	LOC107841953	XR_001665516.2		1	0	0	130	0	0	0	0	44	39	0	0	0	29	0	0	1	0	0	0	0	0	0	0	0	19	0	0	0
LOC107841953	LOC107841953	XR_001665517.2		1	0	0	130	0	0	0	0	44	36	0	0	0	36	0	0	1	0	0	0	0	0	0	0	0	15	0	0	0
LOC107841953	LOC107841953	XR_001665518.2		1	0	0	130	0	0	0	0	44	32	0	0	0	36	0	0	1	0	0	0	0	0	0	0	0	19	0	0	0
LOC107841953	LOC107841953	XR_001665519.2		1	0	0	130	0	0	0	0	44	32	0	0	0	36	0	0	1	0	0	0	0	0	0	0	0	19	0	0	0
LOC107841953	LOC107841953	XR_007044552.1		1	0	0	130	0	0	0	0	44	35	0	0	0	37	0	0	1	0	0	0	0	0	0	0	0	15	0	0	0
LOC107841954	LOC107841954	XR_001665520.2		0	0	0	16	0	0	0	0	0	0	0	0	0	16	0	0	0	0	0	0	0	0	0	0	0	0	0	0	0
LOC107841954	LOC107841954	XR_001665521.2		0	0	0	16	0	0	0	0	0	0	0	0	0	16	0	0	0	0	0	0	0	0	0	0	0	0	0	0	0
LOC107841956	LOC107841956	XM_016685793.2	protein_coding	0	0	0	6	0	0	0	0	1	0	0	0	0	0	0	0	0	0	0	0	0	0	0	0	0	5	0	0	0
LOC107841957	LOC107841957	XM_016685794.2	protein_coding	0	0	2	77	0	0	0	0	49	0	0	0	0	4	2	0	0	0	0	0	0	0	0	0	0	24	0	0	0
LOC107841958	LOC107841958	XR_001665525.2		0	0	0	33	0	0	0	0	1	17	0	0	0	12	0	0	0	0	0	0	0	0	0	0	0	3	0	0	0
LOC107841959	LOC107841959	XR_001665526.2		0	0	0	224	0	0	0	0	115	20	0	0	0	55	0	0	0	0	0	0	0	0	0	0	0	34	0	0	0
LOC107841959	LOC107841959	XR_001665527.2		0	0	0	224	0	0	0	0	115	17	0	0	0	58	0	0	0	0	0	0	0	0	0	0	0	34	0	0	0
LOC107841959	LOC107841959	XR_007044553.1		0	0	0	219	0	0	0	0	111	12	0	0	0	62	0	0	0	0	0	0	0	0	0	0	0	34	0	0	0
LOC107841960	LOC107841960	XR_001665529.2		0	0	0	2	0	0	0	0	0	0	0	0	0	0	0	0	0	0	0	0	0	0	0	0	0	2	0	0	0
LOC107841961	LOC107841961	XR_001665530.2		0	0	0	57	0	0	0	0	17	1	0	0	0	1	0	0	0	0	0	0	0	0	0	0	0	38	0	0	0
LOC107841963	LOC107841963	XR_001665532.2		0	0	0	22	0	0	0	0	6	1	0	0	0	12	0	0	0	0	0	0	0	0	0	0	0	3	0	0	0
LOC107841965	LOC107841965	XM_047397036.1	protein_coding	0	2	0	104	0	0	0	0	51	0	0	0	0	3	0	0	0	0	1	0	0	0	1	0	0	41	6	0	3
LOC107841967	LOC107841967	XR_001665533.2		0	0	0	7	0	0	0	0	0	0	0	0	0	4	0	0	0	0	0	0	0	0	0	0	0	3	0	0	0
LOC107841967	LOC107841967	XR_001665534.2		0	0	0	7	0	0	0	0	0	3	0	0	0	1	0	0	0	0	0	0	0	0	0	0	0	3	0	0	0
LOC107841967	LOC107841967	XR_007045057.1		0	0	0	7	0	0	0	0	0	3	0	0	0	1	0	0	0	0	0	0	0	0	0	0	0	3	0	0	0
LOC107841967	LOC107841967	XR_007045058.1		0	0	0	7	0	0	0	0	0	3	0	0	0	1	0	0	0	0	0	0	0	0	0	0	0	3	0	0	0
LOC107841969	LOC107841969	XM_016685799.2	protein_coding	0	0	0	61	0	0	0	0	31	0	0	0	0	7	0	0	0	0	0	0	0	0	0	0	0	23	0	0	0
LOC107841970	LOC107841970	XM_016685800.2	protein_coding	2	4	16	334	0	0	0	0	124	0	2	0	0	104	16	0	0	0	0	0	0	0	4	0	0	98	8	0	0
LOC107841971	LOC107841971	XM_016685801.2	protein_coding	0	0	0	12	0	0	0	0	1	0	0	0	0	0	0	0	0	0	0	0	0	0	0	0	0	11	0	0	0
LOC107841972	LOC107841972	XR_001665535.2		0	0	0	16	0	0	0	0	1	0	0	0	0	14	0	0	0	0	0	0	0	0	0	0	0	1	0	0	0
LOC107841972	LOC107841972	XR_001665536.2		0	0	0	15	0	0	0	0	5	0	0	0	0	9	0	0	0	0	0	0	0	0	0	0	0	1	0	0	0
LOC107841974	LOC107841974	XM_016685804.1	protein_coding	0	0	0	7	0	0	0	0	2	0	0	0	0	5	0	0	0	0	0	0	0	0	0	0	0	0	0	0	0
LOC107841975	LOC107841975	XM_016685805.2	protein_coding	0	0	0	16	0	0	0	0	13	0	0	0	0	0	0	0	0	0	0	0	0	0	0	0	0	3	0	0	0
LOC107841977	LOC107841977	XR_001665540.2		0	0	0	51	0	0	0	0	11	0	0	0	0	0	0	0	0	0	0	0	0	0	0	0	0	40	0	0	0
LOC107841978	LOC107841978	XM_016685806.2	protein_coding	0	7	4	230	0	0	0	0	125	0	0	0	0	39	4	0	0	0	4	0	0	0	3	0	0	48	4	0	14
LOC107841982	LOC107841982	XR_007044673.1		0	0	0	4	0	0	0	0	0	0	0	0	0	2	0	0	0	0	0	0	0	0	0	0	0	2	0	0	0
LOC107841983	LOC107841983	XR_001665543.2		0	0	0	160	0	0	0	0	62	10	0	0	0	1	0	0	0	0	0	0	0	0	0	0	0	87	0	0	0
LOC107841985	LOC107841985	XM_016685809.2	protein_coding	0	0	0	16	0	0	0	0	6	0	0	0	0	0	0	0	0	0	0	0	0	0	0	0	0	9	1	0	0
LOC107841989	LOC107841989	XR_007044690.1		0	0	0	220	0	0	0	0	61	8	0	0	0	52	0	0	0	0	0	0	0	0	0	0	0	99	0	0	0
LOC107841990	LOC107841990	XR_001665549.2		0	0	0	30	0	0	0	0	3	0	0	0	0	25	0	0	0	0	0	0	0	0	0	0	0	2	0	0	0
LOC107841990	LOC107841990	XR_001665550.2		0	0	0	30	0	0	0	0	3	0	0	0	0	25	0	0	0	0	0	0	0	0	0	0	0	2	0	0	0
LOC107841992	LOC107841992	XM_016685811.2	protein_coding	0	0	0	6	0	0	0	0	0	0	0	0	0	6	0	0	0	0	0	0	0	0	0	0	0	0	0	0	0
LOC107841993	LOC107841993	XM_016685812.2	protein_coding	0	0	0	8	0	0	0	0	2	0	0	0	0	0	0	0	0	0	0	0	0	0	0	0	0	6	0	0	0
LOC107841994	LOC107841994	XR_001665552.2		0	0	0	100	0	0	0	0	63	6	0	0	0	10	0	0	0	0	0	0	0	0	0	0	0	21	0	0	0
LOC107841995	LOC107841995	XR_001665553.2		0	0	0	1	0	0	0	0	0	0	0	0	0	0	0	0	0	0	0	0	0	0	0	0	0	1	0	0	0
LOC107841997	LOC107841997	XR_001665555.2		0	0	0	190	0	0	0	0	76	8	0	0	0	47	0	0	0	0	0	0	0	0	0	0	0	59	0	0	0
LOC107841998	LOC107841998	XM_016685814.2	protein_coding	0	1	2	86	0	0	0	0	27	0	0	0	0	0	2	0	0	0	0	0	0	0	1	0	0	59	0	0	0
LOC107841999	LOC107841999	XM_016685815.2	protein_coding	1	1	1	119	0	0	0	0	85	0	1	0	0	0	1	0	0	0	0	0	0	0	1	0	0	34	0	0	0
LOC107842005	LOC107842005	XM_016685816.2	protein_coding	0	1	2	128	0	0	0	0	59	0	0	0	0	1	2	0	0	0	0	0	0	0	1	0	0	68	0	0	0
LOC107842008	LOC107842008	XM_016685820.1	protein_coding	0	0	0	4	0	0	0	0	1	0	0	0	0	1	0	0	0	0	0	0	0	0	0	0	0	2	0	0	0
LOC107842011	LOC107842011	XR_001665560.2		1	0	0	111	0	0	0	0	57	4	0	0	0	4	0	0	1	0	0	0	0	0	0	0	0	47	0	0	0
LOC107842013	LOC107842013	XM_016685823.2	protein_coding	0	2	1	135	0	0	0	0	69	0	0	0	0	0	1	0	0	0	1	0	0	0	1	0	0	58	7	0	1
LOC107842014	LOC107842014	XM_016685824.2	protein_coding	0	6	2	93	0	0	0	0	31	0	0	0	0	4	2	0	0	0	4	0	0	0	2	0	0	48	0	0	10
LOC107842015	LOC107842015	XM_016685825.2	protein_coding	1	6	12	210	0	0	0	0	80	0	1	0	0	70	12	0	0	0	2	0	0	0	4	0	0	30	14	0	16
LOC107842017	LOC107842017	XR_001665564.2		0	0	0	14	0	0	0	0	2	0	0	0	0	3	0	0	0	0	0	0	0	0	0	0	0	9	0	0	0
LOC107842020	LOC107842020	XR_001665566.2		0	0	0	370	0	0	0	0	54	5	0	0	0	228	0	0	0	0	0	0	0	0	0	0	0	83	0	0	0
LOC107842020	LOC107842020	XR_001665567.2		0	0	0	370	0	0	0	0	54	5	0	0	0	228	0	0	0	0	0	0	0	0	0	0	0	83	0	0	0
LOC107842021	LOC107842021	XR_007044668.1		0	0	0	226	0	0	0	0	47	12	0	0	0	67	0	0	0	0	0	0	0	0	0	0	0	100	0	0	0
LOC107842036	LOC107842036	XR_001665574.2		0	0	0	167	0	0	0	0	74	2	0	0	0	11	0	0	0	0	0	0	0	0	0	0	0	80	0	0	0
LOC107842037	LOC107842037	XM_016685843.2	protein_coding	1	2	9	240	0	0	0	0	96	0	0	0	0	110	9	0	0	0	0	0	0	1	2	0	0	28	6	0	0
LOC107842037	LOC107842037	XM_016685844.2	protein_coding	0	3	4	245	0	0	0	0	96	0	0	0	0	117	4	0	0	0	0	0	0	0	3	0	0	28	4	0	0
LOC107842037	LOC107842037	XM_016685845.2	protein_coding	0	3	4	245	0	0	0	0	96	0	0	0	0	112	4	0	0	0	0	0	0	0	3	0	0	28	9	0	0
LOC107842037	LOC107842037	XM_047397005.1	protein_coding	0	3	4	223	0	0	0	0	97	0	0	0	0	88	4	0	0	0	0	0	0	0	3	0	0	28	10	0	0
LOC107842039	LOC107842039	XR_001665575.2		0	0	0	347	0	0	0	0	139	15	0	0	0	35	0	0	0	0	0	0	0	0	0	0	0	158	0	0	0
LOC107842045	LOC107842045	XM_016685849.2	protein_coding	0	0	1	129	0	0	0	0	49	0	0	0	0	32	1	0	0	0	0	0	0	0	0	0	0	42	3	0	3
LOC107842047	LOC107842047	XM_047396706.1	protein_coding	1	2	3	97	0	1	0	0	21	0	0	0	0	3	2	0	0	0	0	0	0	1	2	0	0	62	3	0	8
LOC107842048	LOC107842048	XM_016685851.2	protein_coding	0	1	6	243	0	0	0	0	121	0	0	0	0	7	6	0	0	0	0	0	0	0	1	0	0	112	0	0	3
LOC107842050	LOC107842050	XM_016685852.2	protein_coding	1	0	12	277	0	0	0	0	57	0	0	0	0	69	12	0	0	0	0	0	1	0	0	0	0	146	0	0	5
LOC107842051	LOC107842051	XM_016685853.2	protein_coding	0	4	7	161	0	0	0	0	111	0	0	0	0	0	7	0	0	0	0	0	0	0	4	0	0	45	3	0	2
LOC107842053	LOC107842053	XM_016685856.2	protein_coding	0	3	5	288	0	0	0	0	119	0	0	0	0	117	5	0	0	0	0	0	0	0	3	0	0	47	3	0	2
LOC107842060	LOC107842060	XR_001665585.2		0	0	0	183	0	0	0	0	73	15	0	0	0	5	0	0	0	0	0	0	0	0	0	0	0	90	0	0	0
LOC107842061	LOC107842061	XR_001665586.2		0	0	0	93	0	0	0	0	30	6	0	0	0	25	0	0	0	0	0	0	0	0	0	0	0	32	0	0	0
LOC107842064	LOC107842064	XR_001665588.2		0	0	0	219	0	0	0	0	84	15	0	0	0	86	0	0	0	0	0	0	0	0	0	0	0	34	0	0	0
LOC107842066	LOC107842066	XM_047396433.1	protein_coding	2	11	13	476	0	0	0	0	139	0	0	0	0	219	13	0	0	0	0	0	0	2	11	0	0	108	6	0	4
LOC107842066	LOC107842066	XM_047396434.1	protein_coding	2	12	13	476	0	0	0	0	139	0	0	0	0	219	13	0	0	0	1	0	0	2	11	0	0	107	6	0	5
LOC107842066	LOC107842066	XM_047396435.1	protein_coding	2	8	18	471	0	0	0	0	139	0	0	0	0	198	18	0	0	0	0	0	0	2	8	0	0	125	6	0	3
LOC107842066	LOC107842066	XM_047396436.1	protein_coding	2	11	14	477	0	0	0	0	139	0	0	0	0	208	14	0	0	0	2	0	0	2	9	0	0	107	6	0	17
LOC107842066	LOC107842066	XM_047396437.1	protein_coding	2	11	14	483	0	0	0	0	130	0	0	0	0	208	14	0	0	0	2	0	0	2	9	0	0	106	21	0	18
LOC107842069	LOC107842069	XM_047396438.1	protein_coding	0	1	1	204	0	0	0	0	122	0	0	0	0	9	1	0	0	0	0	0	0	0	1	0	0	66	2	0	5
LOC107842073	LOC107842073	XM_016685866.2	protein_coding	0	3	5	334	0	0	0	0	139	0	0	0	0	24	5	0	0	0	0	0	0	0	3	0	0	168	3	0	0
LOC107842077	LOC107842077	XR_001665597.2		0	0	0	709	0	0	0	0	179	28	0	0	0	374	0	0	0	0	0	0	0	0	0	0	0	128	0	0	0
LOC107842078	LOC107842078	XM_047396827.1	protein_coding	2	0	3	93	0	0	0	0	72	0	2	0	0	16	3	0	0	0	0	0	0	0	0	0	0	5	0	0	0
LOC107842078	LOC107842078	XM_047396828.1	protein_coding	0	1	1	95	0	0	0	0	75	0	0	0	0	6	1	0	0	0	0	0	0	0	1	0	0	5	9	0	0
LOC107842078	LOC107842078	XR_007044852.1		0	0	0	98	0	0	0	0	72	12	0	0	0	9	0	0	0	0	0	0	0	0	0	0	0	5	0	0	0
LOC107842080	LOC107842080	XR_007044672.1		1	0	0	243	0	0	0	0	63	32	0	0	0	65	0	0	1	0	0	0	0	0	0	0	0	84	0	0	0
LOC107842085	LOC107842085	XR_001665601.2		2	0	0	561	0	0	0	0	140	29	0	0	0	204	0	0	1	1	0	0	0	0	0	0	0	190	0	0	0
LOC107842088	LOC107842088	XR_001665605.2		0	0	0	182	0	0	0	0	65	19	0	0	0	8	0	0	0	0	0	0	0	0	0	0	0	90	0	0	0
LOC107842092	LOC107842092	XM_016685874.2	protein_coding	0	2	0	225	0	0	0	0	87	0	0	0	0	4	0	0	0	0	0	0	0	0	2	0	0	134	0	0	0
LOC107842094	LOC107842094	XM_016685877.2	protein_coding	0	0	0	164	0	0	0	0	96	0	0	0	0	41	0	0	0	0	0	0	0	0	0	0	0	25	2	0	0
LOC107842097	LOC107842097	XR_001665610.2		0	0	0	112	0	0	0	0	66	6	0	0	0	39	0	0	0	0	0	0	0	0	0	0	0	1	0	0	0
LOC107842103	LOC107842103	XM_016685880.2	protein_coding	0	0	0	55	0	0	0	0	20	0	0	0	0	7	0	0	0	0	0	0	0	0	0	0	0	28	0	0	0
LOC107842103	LOC107842103	XM_047396799.1	protein_coding	0	0	0	53	0	0	0	0	20	0	0	0	0	6	0	0	0	0	0	0	0	0	0	0	0	26	0	0	1
LOC107842106	LOC107842106	XM_016685882.2	protein_coding	0	0	0	115	0	0	0	0	33	0	0	0	0	9	0	0	0	0	0	0	0	0	0	0	0	70	3	0	0
LOC107842106	LOC107842106	XM_016685884.2	protein_coding	0	1	0	115	0	0	0	0	33	0	0	0	0	1	0	0	0	0	1	0	0	0	0	0	0	70	3	0	8
LOC107842106	LOC107842106	XM_016685885.2	protein_coding	0	0	0	115	0	0	0	0	33	0	0	0	0	9	0	0	0	0	0	0	0	0	0	0	0	70	3	0	0
LOC107842106	LOC107842106	XM_016685886.2	protein_coding	0	0	0	115	0	0	0	0	33	0	0	0	0	8	0	0	0	0	0	0	0	0	0	0	0	70	3	0	1
LOC107842108	LOC107842108	XR_001665615.2		1	0	0	1027	0	0	0	0	130	251	0	0	0	558	0	0	0	1	0	0	0	0	0	0	0	89	0	0	0
LOC107842108	LOC107842108	XR_007044796.1		1	0	0	1027	0	0	0	0	130	246	0	0	0	563	0	0	0	1	0	0	0	0	0	0	0	89	0	0	0
LOC107842109	LOC107842109	XM_016685888.2	protein_coding	0	0	0	20	0	0	0	0	19	0	0	0	0	0	0	0	0	0	0	0	0	0	0	0	0	1	0	0	0
LOC107842110	LOC107842110	XM_016685889.2	protein_coding	0	0	0	43	0	0	0	0	27	0	0	0	0	0	0	0	0	0	0	0	0	0	0	0	0	16	0	0	0
LOC107842113	LOC107842113	XM_016685891.2	protein_coding	0	1	1	136	0	0	0	0	26	0	0	0	0	40	1	0	0	0	0	0	0	0	1	0	0	62	3	0	5
LOC107842114	LOC107842114	XM_047396791.1	protein_coding	0	0	0	98	0	0	0	0	3	0	0	0	0	93	0	0	0	0	0	0	0	0	0	0	0	2	0	0	0
LOC107842117	LOC107842117	XM_016685892.2	protein_coding	1	4	6	252	0	0	0	0	139	0	0	0	0	0	6	0	0	0	0	0	1	0	4	0	0	111	2	0	0
LOC107842118	LOC107842118	XM_016685894.2	protein_coding	0	1	1	102	0	0	0	0	46	0	0	0	0	9	1	0	0	0	0	0	0	0	1	0	0	45	2	0	0
LOC107842119	LOC107842119	XM_047396704.1	protein_coding	0	2	4	85	0	0	0	0	48	0	0	0	0	22	4	0	0	0	0	0	0	0	2	0	0	15	0	0	0
LOC107842120	LOC107842120	XM_016685897.2	protein_coding	0	0	0	20	0	0	0	0	7	0	0	0	0	4	0	0	0	0	0	0	0	0	0	0	0	9	0	0	0
LOC107842121	LOC107842121	XM_016685898.2	protein_coding	0	1	0	12	0	0	0	0	8	0	0	0	0	0	0	0	0	0	0	0	0	0	1	0	0	4	0	0	0
LOC107842122	LOC107842122	XM_016685899.2	protein_coding	0	0	0	9	0	0	0	0	5	0	0	0	0	0	0	0	0	0	0	0	0	0	0	0	0	4	0	0	0
LOC107842127	LOC107842127	XR_001665621.2		0	0	0	7	0	0	0	0	5	0	0	0	0	1	0	0	0	0	0	0	0	0	0	0	0	1	0	0	0
LOC107842128	LOC107842128	XM_016685901.2	protein_coding	0	0	0	12	0	0	0	0	5	0	0	0	0	6	0	0	0	0	0	0	0	0	0	0	0	1	0	0	0
LOC107842130	LOC107842130	XR_001665623.2		0	0	0	113	0	0	0	0	5	2	0	0	0	1	0	0	0	0	0	0	0	0	0	0	0	105	0	0	0
LOC107842131	LOC107842131	XM_016685902.2	protein_coding	0	0	0	76	0	0	0	0	70	0	0	0	0	0	0	0	0	0	0	0	0	0	0	0	0	2	3	0	1
LOC107842135	LOC107842135	XM_016685903.2	protein_coding	0	0	0	73	0	0	0	0	50	0	0	0	0	0	0	0	0	0	0	0	0	0	0	0	0	23	0	0	0
LOC107842136	LOC107842136	XM_016685904.2	protein_coding	0	0	0	140	0	0	0	0	87	0	0	0	0	0	0	0	0	0	0	0	0	0	0	0	0	53	0	0	0
LOC107842139	LOC107842139	XM_016685906.2	protein_coding	0	0	1	74	0	0	0	0	44	0	0	0	0	0	1	0	0	0	0	0	0	0	0	0	0	26	3	0	1
LOC107842140	LOC107842140	XM_016685907.2	protein_coding	0	0	0	15	0	0	0	0	4	0	0	0	0	0	0	0	0	0	0	0	0	0	0	0	0	11	0	0	0
LOC107842143	LOC107842143	XM_016685908.2	protein_coding	0	0	0	17	0	0	0	0	2	0	0	0	0	0	0	0	0	0	0	0	0	0	0	0	0	15	0	0	0
LOC107842144	LOC107842144	XR_001665634.2		0	0	0	12	0	0	0	0	5	1	0	0	0	2	0	0	0	0	0	0	0	0	0	0	0	4	0	0	0
LOC107842145	LOC107842145	XM_016685909.2	protein_coding	0	1	2	66	0	0	0	0	12	0	0	0	0	16	2	0	0	0	0	0	0	0	1	0	0	38	0	0	0
LOC107842145	LOC107842145	XM_047396748.1	protein_coding	0	1	2	66	0	0	0	0	12	0	0	0	0	16	2	0	0	0	0	0	0	0	1	0	0	38	0	0	0
LOC107842148	LOC107842148	XR_001665638.2		0	0	0	181	0	0	0	0	64	8	0	0	0	56	0	0	0	0	0	0	0	0	0	0	0	53	0	0	0
LOC107842152	LOC107842152	XM_047396180.1	protein_coding	0	1	2	156	0	0	0	0	89	0	0	0	0	11	2	1	0	0	0	0	0	0	0	0	0	52	3	0	1
LOC107842153	LOC107842153	XR_001665642.2		1	0	0	268	0	0	0	0	86	26	0	0	0	52	0	0	1	0	0	0	0	0	0	0	0	105	0	0	0
LOC107842154	LOC107842154	XM_016685913.2	protein_coding	0	1	1	89	0	0	0	0	47	0	0	0	0	8	1	0	0	0	0	0	0	0	1	0	0	32	0	0	2
LOC107842155	LOC107842155	XM_016685914.2	protein_coding	0	1	1	293	0	0	0	0	142	0	0	0	0	61	1	0	0	0	0	0	0	0	1	0	0	86	2	0	2
LOC107842156	LOC107842156	XM_016685915.2	protein_coding	0	10	8	140	0	0	0	0	105	0	0	0	0	0	8	0	0	0	0	0	0	0	10	0	0	28	2	0	5
LOC107842157	LOC107842157	XM_016685916.2	protein_coding	0	0	0	371	0	0	0	0	74	0	0	0	0	114	0	0	0	0	0	0	0	0	0	0	0	175	2	0	6
LOC107842158	LOC107842158	XR_001665646.2		0	0	0	34	0	0	0	0	5	0	0	0	0	7	0	0	0	0	0	0	0	0	0	0	0	22	0	0	0
LOC107842161	LOC107842161	XM_016685917.2	protein_coding	0	5	2	167	0	0	0	0	92	0	0	0	0	13	2	0	0	0	0	0	0	0	5	0	0	60	2	0	0
LOC107842162	LOC107842162	XM_016685918.2	protein_coding	0	3	8	146	0	0	0	0	18	0	0	0	0	24	8	0	0	0	1	0	0	0	2	0	0	95	1	0	8
LOC107842162	LOC107842162	XM_016685919.2	protein_coding	0	3	5	149	0	0	0	0	18	0	0	0	0	27	5	0	0	0	1	0	0	0	2	0	0	95	1	0	8
LOC107842163	LOC107842163	XM_016685920.2	protein_coding	0	0	0	140	0	0	0	0	43	0	0	0	0	1	0	0	0	0	0	0	0	0	0	0	0	91	1	0	4
LOC107842164	LOC107842164	XM_016685921.2	protein_coding	0	2	2	102	0	0	0	0	40	0	0	0	0	11	2	0	0	0	0	0	0	0	2	0	0	43	6	0	2
LOC107842166	LOC107842166	XM_016685922.2	protein_coding	3	3	6	78	0	0	1	1	16	0	3	0	0	2	4	0	0	0	0	0	0	0	3	0	0	60	0	0	0
LOC107842168	LOC107842168	XR_001665650.2		0	0	0	27	0	0	0	0	3	0	0	0	0	1	0	0	0	0	0	0	0	0	0	0	0	23	0	0	0
LOC107842170	LOC107842170	XR_001665654.2		0	0	0	115	0	0	0	0	82	1	0	0	0	5	0	0	0	0	0	0	0	0	0	0	0	27	0	0	0
LOC107842171	LOC107842171	XM_016685924.2	protein_coding	0	5	6	291	0	0	0	0	123	0	0	0	0	38	6	0	0	0	0	0	0	0	5	0	0	126	3	0	1
LOC107842171	LOC107842171	XM_016685925.2	protein_coding	0	5	5	276	0	0	0	0	112	0	0	0	0	35	5	0	0	0	0	0	0	0	5	0	0	126	2	0	1
LOC107842172	LOC107842172	XM_016685926.2	protein_coding	0	2	1	233	0	0	0	0	12	0	0	0	0	0	1	0	0	0	0	0	0	0	2	0	0	220	0	0	1
LOC107842173	LOC107842173	XR_001665655.2		1	0	0	131	0	0	0	0	50	9	0	0	0	12	0	0	0	1	0	0	0	0	0	0	0	61	0	0	0
LOC107842174	LOC107842174	XM_016685929.2	protein_coding	2	2	15	141	2	0	1	0	50	0	2	0	0	24	12	0	0	0	0	0	0	0	2	0	0	61	6	0	0
LOC107842175	LOC107842175	XM_016685930.2	protein_coding	0	1	3	76	0	0	0	0	12	0	0	0	0	0	3	0	0	0	0	0	0	0	1	0	0	58	1	0	5
LOC107842177	LOC107842177	XR_001665657.2		0	0	0	43	0	0	0	0	8	1	0	0	0	26	0	0	0	0	0	0	0	0	0	0	0	8	0	0	0
LOC107842179	LOC107842179	XM_016685932.2	protein_coding	0	3	2	164	0	0	0	0	79	0	0	0	0	5	2	0	0	0	0	0	0	0	3	0	0	79	1	0	0
LOC107842180	LOC107842180	XR_007044512.1		0	0	0	415	0	0	0	0	141	19	0	0	0	50	0	0	0	0	0	0	0	0	0	0	0	205	0	0	0
LOC107842181	LOC107842181	XR_001665659.2		0	0	0	12	0	0	0	0	11	1	0	0	0	0	0	0	0	0	0	0	0	0	0	0	0	0	0	0	0
LOC107842181	LOC107842181	XR_007044481.1		0	0	0	12	0	0	0	0	11	1	0	0	0	0	0	0	0	0	0	0	0	0	0	0	0	0	0	0	0
LOC107842182	LOC107842182	XM_016685934.2	protein_coding	0	0	0	31	0	0	0	0	10	0	0	0	0	0	0	0	0	0	0	0	0	0	0	0	0	21	0	0	0
LOC107842183	LOC107842183	XM_016685935.2	protein_coding	0	1	7	274	0	0	0	0	54	0	0	0	0	18	7	0	0	0	0	0	0	0	1	0	0	195	6	0	1
LOC107842184	LOC107842184	XM_016685936.2	protein_coding	0	4	2	197	0	0	0	0	68	0	0	0	0	49	2	0	0	0	1	0	0	0	3	0	0	73	1	0	6
LOC107842186	LOC107842186	XR_001665660.2		0	0	0	94	0	0	0	0	53	3	0	0	0	3	0	0	0	0	0	0	0	0	0	0	0	35	0	0	0
LOC107842186	LOC107842186	XR_001665661.2		0	0	0	94	0	0	0	0	53	2	0	0	0	4	0	0	0	0	0	0	0	0	0	0	0	35	0	0	0
LOC107842188	LOC107842188	XM_016685938.2	protein_coding	0	1	5	99	0	0	0	0	62	0	0	0	0	16	5	0	0	0	0	0	0	0	1	0	0	8	8	0	5
LOC107842189	LOC107842189	XM_016685940.2	protein_coding	0	0	1	64	0	0	0	0	51	0	0	0	0	4	1	0	0	0	0	0	0	0	0	0	0	9	0	0	0
LOC107842192	LOC107842192	XM_016685942.2	protein_coding	0	3	2	83	0	0	0	0	35	0	0	0	0	0	2	0	0	0	0	0	0	0	3	0	0	43	1	0	4
LOC107842193	LOC107842193	XM_047396428.1	protein_coding	1	4	1	144	0	0	0	0	5	0	1	0	0	64	1	0	0	0	0	0	0	0	4	0	0	64	3	0	8
LOC107842194	LOC107842194	XM_016685944.2	protein_coding	1	1	2	173	0	0	0	0	57	0	0	0	0	40	2	0	0	1	0	0	0	0	1	0	1	74	0	0	3
LOC107842196	LOC107842196	XM_016685945.2	protein_coding	0	2	0	257	0	0	0	0	56	0	0	0	0	70	0	0	0	0	0	0	0	0	2	0	0	124	1	0	6
LOC107842198	LOC107842198	XR_001665664.2		0	0	0	352	0	0	0	0	85	50	0	0	0	108	0	0	0	0	0	0	0	0	0	0	0	109	0	0	0
LOC107842198	LOC107842198	XR_001665665.2		0	0	0	352	0	0	0	0	85	50	0	0	0	108	0	0	0	0	0	0	0	0	0	0	0	109	0	0	0
LOC107842199	LOC107842199	XM_016685946.2	protein_coding	0	2	0	149	0	0	0	0	137	0	0	0	0	0	0	0	0	0	0	0	0	0	2	0	0	10	2	0	0
LOC107842200	LOC107842200	XR_007044697.1		0	0	0	363	0	0	0	0	115	94	0	0	0	4	0	0	0	0	0	0	0	0	0	0	0	150	0	0	0
LOC107842201	LOC107842201	XM_016685949.2	protein_coding	0	1	1	116	0	0	0	0	67	0	0	0	0	4	1	0	0	0	0	0	0	0	1	0	0	42	1	0	2
LOC107842202	LOC107842202	XR_007044699.1		0	0	0	126	0	0	0	0	67	11	0	0	0	6	0	0	0	0	0	0	0	0	0	0	0	42	0	0	0
LOC107842204	LOC107842204	XR_001665667.2		0	0	0	148	0	0	0	0	20	12	0	0	0	34	0	0	0	0	0	0	0	0	0	0	0	82	0	0	0
LOC107842205	LOC107842205	XM_016685952.2	protein_coding	0	5	2	349	0	0	0	0	13	0	0	0	0	113	2	0	0	0	3	0	0	0	2	0	0	218	0	0	5
LOC107842205	LOC107842205	XM_016685953.2	protein_coding	0	3	2	345	0	0	0	0	13	0	0	0	0	109	2	0	0	0	1	0	0	0	2	0	0	218	0	0	5
LOC107842205	LOC107842205	XM_047396427.1	protein_coding	0	4	2	347	0	0	0	0	13	0	0	0	0	112	2	0	0	0	2	0	0	0	2	0	0	218	0	0	4
LOC107842206	LOC107842206	XM_016685955.2	protein_coding	1	1	4	157	0	0	0	0	88	0	1	0	0	0	4	0	0	0	0	0	0	0	1	0	0	69	0	0	0
LOC107842207	LOC107842207	XM_047396700.1	protein_coding	0	12	20	226	0	0	0	1	95	0	0	0	0	0	19	0	0	0	0	0	0	0	12	0	0	126	3	0	2
LOC107842208	LOC107842208	XM_016685956.2	protein_coding	0	0	1	242	0	0	0	0	140	0	0	0	0	9	1	0	0	0	0	0	0	0	0	0	0	93	0	0	0
LOC107842209	LOC107842209	XM_016685957.2	protein_coding	0	2	8	173	0	0	0	0	92	0	0	0	0	0	8	0	0	0	0	0	0	0	2	0	0	79	1	0	1
LOC107842210	LOC107842210	XM_016685958.2	protein_coding	0	8	18	577	1	0	4	1	53	0	0	0	0	224	12	0	0	0	0	0	0	0	8	0	0	297	3	0	0
LOC107842210	LOC107842210	XM_016685959.2	protein_coding	0	7	18	578	1	0	4	1	53	0	0	0	0	225	12	0	0	0	0	0	0	0	7	0	0	297	3	0	0
LOC107842211	LOC107842211	XM_016685960.2	protein_coding	0	1	1	358	0	0	0	0	174	0	0	0	0	4	1	0	0	0	0	0	0	0	1	0	0	175	3	0	2
LOC107842212	LOC107842212	XM_016685963.2	protein_coding	0	1	1	222	0	0	0	0	102	0	0	0	0	38	1	0	0	0	0	0	0	0	0	1	0	70	10	0	2
LOC107842213	LOC107842213	XM_016685964.2	protein_coding	0	0	0	43	0	0	0	0	1	0	0	0	0	1	0	0	0	0	0	0	0	0	0	0	0	41	0	0	0
LOC107842215	LOC107842215	XR_001665668.2		0	0	0	270	0	0	0	0	3	12	0	0	0	54	0	0	0	0	0	0	0	0	0	0	0	201	0	0	0
LOC107842215	LOC107842215	XR_007044422.1		0	0	0	269	0	0	0	0	3	14	0	0	0	44	0	0	0	0	0	0	0	0	0	0	0	208	0	0	0
LOC107842215	LOC107842215	XR_007044423.1		0	0	0	270	0	0	0	0	3	8	0	0	0	51	0	0	0	0	0	0	0	0	0	0	0	208	0	0	0
LOC107842216	LOC107842216	XM_016685967.2	protein_coding	0	0	0	72	0	0	0	0	52	0	0	0	0	3	0	0	0	0	0	0	0	0	0	0	0	17	0	0	0
LOC107842217	LOC107842217	XM_016685968.2	protein_coding	0	0	0	13	0	0	0	0	12	0	0	0	0	0	0	0	0	0	0	0	0	0	0	0	0	0	1	0	0
LOC107842218	LOC107842218	XM_047396084.1	protein_coding	0	1	0	183	0	0	0	0	95	0	0	0	0	55	0	0	0	0	0	0	0	0	1	0	0	31	1	0	1
LOC107842220	LOC107842220	XM_047396424.1	protein_coding	0	3	0	134	0	0	0	0	12	0	0	0	0	26	0	0	0	0	3	0	0	0	0	0	0	90	0	0	6
LOC107842220	LOC107842220	XM_047396425.1	protein_coding	0	3	0	134	0	0	0	0	12	0	0	0	0	26	0	0	0	0	3	0	0	0	0	0	0	90	0	0	6
LOC107842220	LOC107842220	XM_047396426.1	protein_coding	0	3	0	134	0	0	0	0	12	0	0	0	0	26	0	0	0	0	3	0	0	0	0	0	0	90	0	0	6
LOC107842222	LOC107842222	XM_047396422.1	protein_coding	1	2	4	334	0	0	0	0	86	0	0	0	0	153	4	0	0	0	0	0	1	0	2	0	0	94	1	0	0
LOC107842222	LOC107842222	XM_047396423.1	protein_coding	1	2	4	334	0	0	0	0	86	0	0	0	0	153	4	0	0	0	0	0	1	0	2	0	0	94	1	0	0
LOC107842224	LOC107842224	XM_016685978.2	protein_coding	0	0	0	69	0	0	0	0	22	0	0	0	0	0	0	0	0	0	0	0	0	0	0	0	0	45	1	0	1
LOC107842225	LOC107842225	XM_016685979.2	protein_coding	0	1	0	57	0	0	0	0	34	0	0	0	0	0	0	0	0	0	0	0	0	0	1	0	0	23	0	0	0
LOC107842231	LOC107842231	XM_016685981.2	protein_coding	0	0	0	174	0	0	0	0	75	0	0	0	0	14	0	0	0	0	0	0	0	0	0	0	0	82	1	0	2
LOC107842231	LOC107842231	XM_016685982.2	protein_coding	0	0	0	174	0	0	0	0	75	0	0	0	0	14	0	0	0	0	0	0	0	0	0	0	0	82	1	0	2
LOC107842231	LOC107842231	XM_047396064.1	protein_coding	0	0	0	174	0	0	0	0	75	0	0	0	0	14	0	0	0	0	0	0	0	0	0	0	0	82	1	0	2
LOC107842233	LOC107842233	XM_016685983.2	protein_coding	0	2	0	270	0	0	0	0	103	0	0	0	0	68	0	0	0	0	0	0	0	0	2	0	0	95	1	0	3
LOC107842234	LOC107842234	XM_016685984.2	protein_coding	0	0	0	9	0	0	0	0	1	0	0	0	0	3	0	0	0	0	0	0	0	0	0	0	0	5	0	0	0
LOC107842235	LOC107842235	XM_016685985.2	protein_coding	0	3	0	105	0	0	0	0	68	0	0	0	0	3	0	0	0	0	1	0	0	0	2	0	0	23	10	0	1
LOC107842236	LOC107842236	XM_016685987.2	protein_coding	0	1	0	81	0	0	0	0	12	0	0	0	0	7	0	0	0	0	0	0	0	0	1	0	0	62	0	0	0
LOC107842237	LOC107842237	XM_016685988.2	protein_coding	0	2	1	206	0	0	0	0	108	0	0	0	0	38	1	0	0	0	0	0	0	0	2	0	0	59	0	0	1
LOC107842237	LOC107842237	XM_016685990.2	protein_coding	0	2	1	208	0	0	0	0	108	0	0	0	0	38	1	0	0	0	0	0	0	0	2	0	0	60	0	0	2
LOC107842237	LOC107842237	XM_016685991.2	protein_coding	0	2	1	206	0	0	0	0	108	0	0	0	0	38	1	0	0	0	0	0	0	0	2	0	0	59	0	0	1
LOC107842237	LOC107842237	XM_047397168.1	protein_coding	0	2	1	206	0	0	0	0	108	0	0	0	0	38	1	0	0	0	0	0	0	0	2	0	0	59	0	0	1
LOC107842237	LOC107842237	XM_047397169.1	protein_coding	0	2	1	206	0	0	0	0	108	0	0	0	0	38	1	0	0	0	0	0	0	0	2	0	0	59	0	0	1
LOC107842237	LOC107842237	XM_047397170.1	protein_coding	0	2	1	144	0	0	0	0	108	0	0	0	0	17	1	0	0	0	0	0	0	0	2	0	0	19	0	0	0
LOC107842237	LOC107842237	XM_047397171.1	protein_coding	0	2	1	206	0	0	0	0	108	0	0	0	0	38	1	0	0	0	0	0	0	0	2	0	0	59	0	0	1
LOC107842237	LOC107842237	XM_047397172.1	protein_coding	0	2	1	206	0	0	0	0	108	0	0	0	0	38	1	0	0	0	0	0	0	0	2	0	0	60	0	0	0
LOC107842237	LOC107842237	XM_047397173.1	protein_coding	0	2	1	187	0	0	0	0	88	0	0	0	0	38	1	0	0	0	0	0	0	0	2	0	0	60	0	0	1
LOC107842238	LOC107842238	XM_016685994.2	protein_coding	0	6	18	75	0	0	0	0	13	0	0	0	0	12	18	0	0	0	0	0	0	0	6	0	0	50	0	0	0
LOC107842241	LOC107842241	XM_016685996.2	protein_coding	0	1	2	191	0	0	0	0	74	0	0	0	0	75	2	0	0	0	0	0	0	0	1	0	0	38	4	0	0
LOC107842243	LOC107842243	XM_016685997.2	protein_coding	1	6	9	83	0	0	0	1	60	0	1	0	0	4	8	0	0	0	1	1	0	0	5	0	0	13	2	0	4
LOC107842244	LOC107842244	XM_047396040.1	protein_coding	1	0	0	110	0	0	0	0	4	0	1	0	0	29	0	0	0	0	0	0	0	0	0	0	0	70	0	0	7
LOC107842244	LOC107842244	XR_007044393.1		0	0	0	111	0	0	0	0	4	8	0	0	0	29	0	0	0	0	0	0	0	0	0	0	0	70	0	0	0
LOC107842245	LOC107842245	XM_016686001.2	protein_coding	0	2	5	136	0	1	0	0	52	0	0	0	0	28	4	0	0	0	0	0	0	0	2	0	0	53	3	0	0
LOC107842246	LOC107842246	XR_001665676.2		0	0	0	76	0	0	0	0	40	9	0	0	0	6	0	0	0	0	0	0	0	0	0	0	0	21	0	0	0
LOC107842247	LOC107842247	XM_047396023.1	protein_coding	0	3	0	151	0	0	0	0	89	0	0	0	0	26	0	0	0	0	0	0	0	0	3	0	0	29	3	0	4
LOC107842247	LOC107842247	XM_047396024.1	protein_coding	0	2	1	151	0	0	0	0	89	0	0	0	0	29	1	0	0	0	0	0	0	0	2	0	0	29	0	0	4
LOC107842248	LOC107842248	XM_016686005.2	protein_coding	0	4	4	245	0	0	0	0	49	0	0	0	0	104	4	0	0	0	1	0	0	0	3	0	0	89	2	0	1
LOC107842249	LOC107842249	XM_016686006.2	protein_coding	2	16	10	292	0	0	0	1	216	0	2	0	0	0	9	0	0	0	0	0	0	0	16	0	0	73	3	0	0
LOC107842251	LOC107842251	XM_016686007.2	protein_coding	1	1	6	170	0	0	0	0	30	0	0	0	0	69	6	0	0	0	0	0	1	0	1	0	0	67	4	0	0
LOC107842252	LOC107842252	XM_016686008.2	protein_coding	0	6	3	168	0	0	0	0	80	0	0	0	0	0	3	0	0	0	0	0	0	0	6	0	0	84	2	0	2
LOC107842253	LOC107842253	XM_016686009.2	protein_coding	0	1	7	158	0	0	0	0	85	0	0	0	0	0	7	0	0	0	0	0	0	0	1	0	0	73	0	0	0
LOC107842255	LOC107842255	XM_016686012.2	protein_coding	1	2	4	99	0	0	0	0	60	0	1	0	0	0	4	0	0	0	0	0	0	0	2	0	0	29	6	0	4
LOC107842256	LOC107842256	XM_016686013.2	protein_coding	1	5	4	145	0	0	0	0	103	0	0	0	0	0	4	0	0	0	0	0	1	0	5	0	0	36	6	0	0
LOC107842259	LOC107842259	XM_016686014.2	protein_coding	0	0	1	84	0	0	1	0	40	0	0	0	0	8	0	0	0	0	0	0	0	0	0	0	0	36	0	0	0
LOC107842260	LOC107842260	XM_047395980.1	protein_coding	0	0	1	33	0	0	0	0	16	0	0	0	0	0	1	0	0	0	0	0	0	0	0	0	0	17	0	0	0
LOC107842261	LOC107842261	XM_016686017.2	protein_coding	0	1	0	81	0	0	0	0	26	0	0	0	0	0	0	0	0	0	0	0	0	0	1	0	0	54	1	0	0
LOC107842262	LOC107842262	XM_016686018.2	protein_coding	0	2	1	82	0	0	0	0	26	0	0	0	0	0	1	0	0	0	1	0	0	0	1	0	0	45	8	0	3
LOC107842263	LOC107842263	XM_047395967.1	protein_coding	0	4	5	142	1	0	0	1	29	0	0	0	0	29	3	0	0	0	0	0	0	0	4	0	0	77	2	0	5
LOC107842266	LOC107842266	XM_016686021.2	protein_coding	0	7	5	225	0	0	0	0	140	0	0	0	0	37	5	0	0	0	1	0	0	0	6	0	0	41	5	0	2
LOC107842266	LOC107842266	XM_016686022.2	protein_coding	0	8	5	225	0	0	0	0	140	0	0	0	0	28	5	0	0	0	2	0	0	0	6	0	0	44	5	0	8
LOC107842267	LOC107842267	XM_016686024.2	protein_coding	0	0	0	207	0	0	0	0	103	0	0	0	0	13	0	0	0	0	0	0	0	0	0	0	0	89	2	0	0
LOC107842267	LOC107842267	XM_047395935.1	protein_coding	0	0	0	207	0	0	0	0	103	0	0	0	0	13	0	0	0	0	0	0	0	0	0	0	0	89	2	0	0
LOC107842268	LOC107842268	XM_016686025.2	protein_coding	1	3	3	235	0	0	0	0	102	0	0	0	0	64	3	0	0	0	0	0	0	1	3	0	0	67	2	0	0
LOC107842269	LOC107842269	XM_047395928.1	protein_coding	0	0	0	110	0	0	0	0	78	0	0	0	0	0	0	0	0	0	0	0	0	0	0	0	0	30	0	0	2
LOC107842270	LOC107842270	XM_016686027.2	protein_coding	0	1	1	66	0	0	0	0	17	0	0	0	0	11	1	0	0	0	0	0	0	0	1	0	0	37	1	0	0
LOC107842270	LOC107842270	XM_047395924.1	protein_coding	0	1	1	66	0	0	0	0	17	0	0	0	0	10	1	0	0	0	0	0	0	0	1	0	0	37	1	0	1
LOC107842270	LOC107842270	XM_047395926.1	protein_coding	0	1	1	64	0	0	0	0	17	0	0	0	0	9	1	0	0	0	0	0	0	0	1	0	0	37	1	0	0
LOC107842272	LOC107842272	XR_001665680.1		0	0	0	7	0	0	0	0	1	0	0	0	0	0	0	0	0	0	0	0	0	0	0	0	0	6	0	0	0
LOC107842274	LOC107842274	XM_016686029.2	protein_coding	0	0	0	3	0	0	0	0	2	0	0	0	0	0	0	0	0	0	0	0	0	0	0	0	0	1	0	0	0
LOC107842276	LOC107842276	XM_016686032.2	protein_coding	0	0	0	10	0	0	0	0	2	0	0	0	0	0	0	0	0	0	0	0	0	0	0	0	0	7	1	0	0
LOC107842277	LOC107842277	XM_016686033.2	protein_coding	0	3	2	108	0	0	0	0	32	0	0	0	0	16	2	0	0	0	0	0	0	0	3	0	0	58	0	0	2
LOC107842278	LOC107842278	XM_016686034.2	protein_coding	1	1	4	101	1	0	0	1	7	0	0	0	0	15	2	0	0	0	0	0	1	0	1	0	0	74	4	0	1
LOC107842280	LOC107842280	XR_001665683.2		0	0	0	7	0	0	0	0	1	0	0	0	0	0	0	0	0	0	0	0	0	0	0	0	0	6	0	0	0
LOC107842280	LOC107842280	XR_001665684.2		0	0	0	17	0	0	0	0	10	0	0	0	0	1	0	0	0	0	0	0	0	0	0	0	0	6	0	0	0
LOC107842281	LOC107842281	NM_001324596.1	protein_coding	0	3	8	267	0	0	0	0	133	0	0	0	0	80	8	0	0	0	0	0	0	0	3	0	0	54	0	0	0
LOC107842282	LOC107842282	XM_016686037.2	protein_coding	0	0	0	71	0	0	0	0	45	0	0	0	0	0	0	0	0	0	0	0	0	0	0	0	0	25	1	0	0
LOC107842283	LOC107842283	XM_016686038.2	protein_coding	0	0	0	181	0	0	0	0	41	0	0	0	0	11	0	0	0	0	0	0	0	0	0	0	0	123	6	0	0
LOC107842284	LOC107842284	XM_016686039.2	protein_coding	0	6	6	285	0	0	0	0	113	0	0	0	0	30	6	0	0	0	1	0	0	0	5	0	0	129	7	0	6
LOC107842284	LOC107842284	XM_016686040.2	protein_coding	0	5	6	288	0	0	0	0	113	0	0	0	0	31	6	0	0	0	1	0	0	0	4	0	0	129	9	0	6
LOC107842285	LOC107842285	XM_016686041.2	protein_coding	2	3	3	471	0	0	0	0	163	0	2	0	0	197	3	0	0	0	0	2	0	0	3	0	0	102	5	0	4
LOC107842286	LOC107842286	XR_007045210.1		0	0	0	611	0	0	0	0	176	15	0	0	0	262	0	0	0	0	0	0	0	0	0	0	0	158	0	0	0
LOC107842286	LOC107842286	XR_007045211.1		1	0	0	713	0	0	0	0	111	17	0	0	0	428	0	0	0	1	0	0	0	0	0	0	0	158	0	0	0
LOC107842286	LOC107842286	XR_007045212.1		1	0	0	610	0	0	0	0	176	13	0	0	0	264	0	0	0	1	0	0	0	0	0	0	0	158	0	0	0
LOC107842286	LOC107842286	XR_007045213.1		1	0	0	627	0	0	0	0	177	14	0	0	0	279	0	0	0	1	0	0	0	0	0	0	0	158	0	0	0
LOC107842286	LOC107842286	XR_007045214.1		0	0	0	611	0	0	0	0	176	15	0	0	0	262	0	0	0	0	0	0	0	0	0	0	0	158	0	0	0
LOC107842287	LOC107842287	XM_016686043.2	protein_coding	1	1	4	423	0	0	0	0	148	0	0	0	0	158	4	0	1	0	1	0	0	0	0	0	0	97	9	0	12
LOC107842287	LOC107842287	XM_016686044.2	protein_coding	1	1	4	357	0	0	0	0	100	0	0	0	0	145	4	0	1	0	1	0	0	0	0	0	0	97	4	0	12
LOC107842287	LOC107842287	XM_016686045.2	protein_coding	1	1	4	365	0	0	0	0	107	0	0	0	0	148	4	0	1	0	1	0	0	0	0	0	0	97	2	0	12
LOC107842287	LOC107842287	XM_016686046.2	protein_coding	1	1	4	380	0	0	0	0	118	0	0	0	0	149	4	0	1	0	1	0	0	0	0	0	0	97	5	0	12
LOC107842287	LOC107842287	XM_047397157.1	protein_coding	1	1	4	423	0	0	0	0	148	0	0	0	0	156	4	0	1	0	1	0	0	0	0	0	0	97	11	0	12
LOC107842287	LOC107842287	XM_047397158.1	protein_coding	1	1	4	357	0	0	0	0	100	0	0	0	0	144	4	0	1	0	1	0	0	0	0	0	0	97	5	0	12
LOC107842287	LOC107842287	XM_047397159.1	protein_coding	1	1	4	423	0	0	0	0	148	0	0	0	0	158	4	0	1	0	1	0	0	0	0	0	0	97	9	0	12
LOC107842287	LOC107842287	XM_047397160.1	protein_coding	1	0	3	408	0	0	0	0	148	0	0	0	0	158	3	0	1	0	0	0	0	0	0	0	0	93	9	0	1
LOC107842287	LOC107842287	XM_047397161.1	protein_coding	1	1	3	424	0	0	0	0	148	0	0	0	0	162	3	0	1	0	1	0	0	0	0	0	0	97	9	0	9
LOC107842288	LOC107842288	XM_016686048.2	protein_coding	2	9	18	309	1	1	0	1	82	0	2	0	0	101	15	0	0	0	0	0	0	0	9	0	0	120	5	0	1
LOC107842289	LOC107842289	XM_016686051.2	protein_coding	2	1	1	376	0	0	0	0	134	0	0	0	0	98	1	0	0	2	0	0	0	0	1	0	0	128	13	0	5
LOC107842289	LOC107842289	XR_001665692.2		0	0	0	380	0	0	0	0	134	28	0	0	0	90	0	0	0	0	0	0	0	0	0	0	0	128	0	0	0
LOC107842289	LOC107842289	XR_001665693.2		0	0	0	380	0	0	0	0	134	24	0	0	0	94	0	0	0	0	0	0	0	0	0	0	0	128	0	0	0
LOC107842289	LOC107842289	XR_001665695.2		1	0	0	379	0	0	0	0	134	24	0	0	0	94	0	0	1	0	0	0	0	0	0	0	0	128	0	0	0
LOC107842289	LOC107842289	XR_007044527.1		0	0	0	380	0	0	0	0	134	67	0	0	0	51	0	0	0	0	0	0	0	0	0	0	0	128	0	0	0
LOC107842289	LOC107842289	XR_007044528.1		1	0	0	379	0	0	0	0	134	67	0	0	0	51	0	0	1	0	0	0	0	0	0	0	0	128	0	0	0
LOC107842292	LOC107842292	XM_016686053.2	protein_coding	0	7	6	321	0	0	0	0	201	0	0	0	0	0	6	0	0	0	0	0	0	0	7	0	0	111	2	0	7
LOC107842293	LOC107842293	XR_001665696.2		0	0	0	513	0	0	0	0	201	39	0	0	0	145	0	0	0	0	0	0	0	0	0	0	0	128	0	0	0
LOC107842293	LOC107842293	XR_001665697.2		0	0	0	512	0	0	0	0	201	48	0	0	0	136	0	0	0	0	0	0	0	0	0	0	0	127	0	0	0
LOC107842294	LOC107842294	XM_016686054.2	protein_coding	0	1	3	241	0	0	0	0	34	0	0	0	0	48	3	0	0	0	0	0	0	0	1	0	0	150	4	0	5
LOC107842295	LOC107842295	XM_016686056.2	protein_coding	1	5	7	658	0	0	0	0	65	0	1	0	0	217	7	0	0	0	2	0	0	0	3	0	0	352	16	0	8
LOC107842296	LOC107842296	XM_016686057.2	protein_coding	0	1	2	397	0	0	0	0	118	0	0	0	0	50	2	0	0	0	0	0	0	0	1	0	0	223	4	0	2
LOC107842297	LOC107842297	XM_016686058.2	protein_coding	0	1	3	563	0	0	0	0	166	0	0	0	0	185	3	0	0	0	0	0	0	0	1	0	0	195	12	0	5
LOC107842297	LOC107842297	XM_016686059.2	protein_coding	1	1	3	562	0	0	0	0	166	0	0	0	0	190	3	0	0	1	0	0	0	0	1	0	0	195	12	0	0
LOC107842297	LOC107842297	XM_016686060.2	protein_coding	0	1	2	503	0	0	0	0	124	0	0	0	0	179	2	0	0	0	0	0	0	0	1	0	0	196	0	0	4
LOC107842297	LOC107842297	XM_047396418.1	protein_coding	0	4	3	557	0	0	0	0	166	0	0	0	0	155	3	0	0	0	3	0	0	0	1	0	0	194	12	0	30
LOC107842297	LOC107842297	XM_047396419.1	protein_coding	0	1	2	539	0	0	0	0	154	0	0	0	0	185	2	0	0	0	0	0	0	0	1	0	0	196	0	0	4
LOC107842297	LOC107842297	XR_001665698.2		0	0	0	567	0	0	0	0	166	16	0	0	0	188	0	0	0	0	0	0	0	0	0	0	0	197	0	0	0
LOC107842298	LOC107842298	XM_016686061.2	protein_coding	1	5	5	475	0	0	0	0	111	0	0	0	0	187	5	0	1	0	0	0	0	0	5	0	0	175	2	0	1
LOC107842300	LOC107842300	XR_007044523.1		0	0	0	625	0	0	0	0	178	51	0	0	0	205	0	0	0	0	0	0	0	0	0	0	0	191	0	0	0
LOC107842300	LOC107842300	XR_007044524.1		0	0	0	565	0	0	0	0	168	46	0	0	0	160	0	0	0	0	0	0	0	0	0	0	0	191	0	0	0
LOC107842302	LOC107842302	XM_016686064.2	protein_coding	0	6	0	761	0	0	0	0	274	0	0	0	0	397	0	0	0	0	0	0	0	0	6	0	0	71	3	0	16
LOC107842304	LOC107842304	XM_016686065.2	protein_coding	0	2	4	216	0	0	0	0	91	0	0	0	0	0	4	0	0	0	0	0	0	0	2	0	0	120	1	0	4
LOC107842305	LOC107842305	XM_016686066.2	protein_coding	0	9	4	291	0	0	0	0	76	0	0	0	0	49	4	0	0	0	0	0	0	0	9	0	0	140	25	0	1
LOC107842305	LOC107842305	XR_007045202.1		0	0	0	304	0	0	0	0	76	37	0	0	0	51	0	0	0	0	0	0	0	0	0	0	0	140	0	0	0
LOC107842306	LOC107842306	XM_047397125.1	protein_coding	0	11	30	144	1	0	1	0	64	0	0	0	0	16	28	0	0	0	0	0	0	0	11	0	0	47	10	0	7
LOC107842306	LOC107842306	XM_047397126.1	protein_coding	0	11	30	144	1	0	1	0	64	0	0	0	0	16	28	0	0	0	0	0	0	0	11	0	0	47	10	0	7
LOC107842307	LOC107842307	XR_001665701.2		0	0	0	158	0	0	0	0	53	9	0	0	0	15	0	0	0	0	0	0	0	0	0	0	0	81	0	0	0
LOC107842308	LOC107842308	XM_016686068.2	protein_coding	0	0	1	223	0	0	0	0	70	0	0	0	0	38	1	0	0	0	0	0	0	0	0	0	0	109	2	0	4
LOC107842308	LOC107842308	XM_016686069.2	protein_coding	0	1	1	202	0	0	0	0	70	0	0	0	0	29	1	0	0	0	1	0	0	0	0	0	0	90	2	0	11
LOC107842308	LOC107842308	XM_016686071.2	protein_coding	0	0	1	210	0	0	0	0	70	0	0	0	0	38	1	0	0	0	0	0	0	0	0	0	0	98	2	0	2
LOC107842308	LOC107842308	XM_016686072.2	protein_coding	0	4	1	200	0	0	0	0	70	0	0	0	0	20	1	0	0	0	4	0	0	0	0	0	0	88	2	0	20
LOC107842308	LOC107842308	XM_016686073.2	protein_coding	0	2	1	200	0	0	0	0	70	0	0	0	0	27	1	0	0	0	2	0	0	0	0	0	0	88	2	0	13
LOC107842308	LOC107842308	XM_016686074.2	protein_coding	0	0	1	223	0	0	0	0	70	0	0	0	0	38	1	0	0	0	0	0	0	0	0	0	0	108	2	0	5
LOC107842308	LOC107842308	XM_047397130.1	protein_coding	0	0	1	200	0	0	0	0	70	0	0	0	0	35	1	0	0	0	0	0	0	0	0	0	0	88	2	0	5
LOC107842308	LOC107842308	XM_047397131.1	protein_coding	0	1	1	200	0	0	0	0	70	0	0	0	0	29	1	0	0	0	1	0	0	0	0	0	0	88	2	0	11
LOC107842308	LOC107842308	XM_047397132.1	protein_coding	0	0	1	200	0	0	0	0	70	0	0	0	0	35	1	0	0	0	0	0	0	0	0	0	0	88	2	0	5
LOC107842308	LOC107842308	XM_047397133.1	protein_coding	0	2	1	168	0	0	0	0	70	0	0	0	0	20	1	0	0	0	2	0	0	0	0	0	0	67	2	0	9
LOC107842308	LOC107842308	XM_047397134.1	protein_coding	0	1	1	223	0	0	0	0	70	0	0	0	0	36	1	0	0	0	1	0	0	0	0	0	0	111	2	0	4
LOC107842308	LOC107842308	XM_047397135.1	protein_coding	0	0	1	150	0	0	0	0	70	0	0	0	0	10	1	0	0	0	0	0	0	0	0	0	0	66	2	0	2
LOC107842308	LOC107842308	XM_047397136.1	protein_coding	0	2	1	203	0	0	0	0	70	0	0	0	0	27	1	0	0	0	2	0	0	0	0	0	0	91	2	0	13
LOC107842308	LOC107842308	XM_047397137.1	protein_coding	0	0	1	221	0	0	0	0	70	0	0	0	0	38	1	0	0	0	0	0	0	0	0	0	0	109	2	0	2
LOC107842308	LOC107842308	XM_047397139.1	protein_coding	0	0	1	150	0	0	0	0	70	0	0	0	0	10	1	0	0	0	0	0	0	0	0	0	0	66	2	0	2
LOC107842308	LOC107842308	XM_047397140.1	protein_coding	0	2	1	200	0	0	0	0	70	0	0	0	0	27	1	0	0	0	2	0	0	0	0	0	0	88	2	0	13
LOC107842308	LOC107842308	XM_047397141.1	protein_coding	0	2	1	168	0	0	0	0	70	0	0	0	0	20	1	0	0	0	2	0	0	0	0	0	0	67	2	0	9
LOC107842308	LOC107842308	XM_047397142.1	protein_coding	0	0	1	223	0	0	0	0	70	0	0	0	0	38	1	0	0	0	0	0	0	0	0	0	0	110	2	0	3
LOC107842309	LOC107842309	XM_016686075.2	protein_coding	0	0	0	65	0	0	0	0	56	0	0	0	0	2	0	0	0	0	0	0	0	0	0	0	0	5	2	0	0
LOC107842309	LOC107842309	XM_047397128.1	protein_coding	0	0	0	83	0	0	0	0	50	0	0	0	0	26	0	0	0	0	0	0	0	0	0	0	0	5	2	0	0
LOC107842309	LOC107842309	XM_047397129.1	protein_coding	0	2	2	82	0	0	0	0	52	0	0	0	0	7	2	0	0	0	1	0	0	0	1	0	0	14	2	0	7
LOC107842310	LOC107842310	XM_016686076.2	protein_coding	0	0	0	14	0	0	0	0	0	0	0	0	0	0	0	0	0	0	0	0	0	0	0	0	0	13	0	0	1
LOC107842311	LOC107842311	XM_016686077.2	protein_coding	0	0	0	3	0	0	0	0	2	0	0	0	0	0	0	0	0	0	0	0	0	0	0	0	0	1	0	0	0
LOC107842312	LOC107842312	XM_016686079.2	protein_coding	0	3	6	202	0	0	0	1	53	0	0	0	0	90	5	0	0	0	1	0	0	0	2	0	0	55	2	0	2
LOC107842312	LOC107842312	XM_016686080.2	protein_coding	0	3	6	202	0	0	0	1	53	0	0	0	0	90	5	0	0	0	1	0	0	0	2	0	0	55	2	0	2
LOC107842312	LOC107842312	XM_047397144.1	protein_coding	1	3	6	202	0	0	0	1	53	0	0	0	0	90	5	0	1	0	1	0	0	0	2	0	1	55	2	0	3
LOC107842312	LOC107842312	XM_047397145.1	protein_coding	0	2	6	204	0	0	0	1	53	0	0	0	0	93	5	0	0	0	0	0	0	0	2	0	0	55	2	0	1
LOC107842312	LOC107842312	XM_047397146.1	protein_coding	1	3	6	202	0	0	0	1	53	0	0	0	0	90	5	0	1	0	1	0	0	0	2	0	1	55	2	0	3
LOC107842312	LOC107842312	XM_047397147.1	protein_coding	1	2	6	204	0	0	0	1	53	0	0	0	0	93	5	0	1	0	0	0	0	0	2	0	1	55	2	0	2
LOC107842312	LOC107842312	XM_047397148.1	protein_coding	1	2	6	208	0	0	0	1	53	0	0	0	0	98	5	0	1	0	0	0	0	0	2	0	1	54	2	0	2
LOC107842312	LOC107842312	XM_047397149.1	protein_coding	1	2	6	202	0	0	0	1	53	0	0	0	0	92	5	0	1	0	0	0	0	0	2	0	1	55	2	0	1
LOC107842312	LOC107842312	XM_047397150.1	protein_coding	0	2	6	208	0	0	0	1	53	0	0	0	0	98	5	0	0	0	0	0	0	0	2	0	0	55	2	0	0
LOC107842314	LOC107842314	XM_016686081.2	protein_coding	0	3	0	142	0	0	0	0	59	0	0	0	0	16	0	0	0	0	0	0	0	0	3	0	0	62	1	0	4
LOC107842314	LOC107842314	XM_047397143.1	protein_coding	0	4	0	137	0	0	0	0	59	0	0	0	0	11	0	0	0	0	1	0	0	0	3	0	0	61	1	0	5
LOC107842315	LOC107842315	XR_001665703.2		0	0	0	60	0	0	0	0	4	1	0	0	0	14	0	0	0	0	0	0	0	0	0	0	0	41	0	0	0
LOC107842315	LOC107842315	XR_001665704.2		0	0	0	59	0	0	0	0	4	1	0	0	0	13	0	0	0	0	0	0	0	0	0	0	0	41	0	0	0
LOC107842316	LOC107842316	XM_016686082.2	protein_coding	0	0	0	103	0	0	0	0	45	0	0	0	0	12	0	0	0	0	0	0	0	0	0	0	0	44	0	0	2
LOC107842317	LOC107842317	XM_016686083.2	protein_coding	0	0	0	35	0	0	0	0	35	0	0	0	0	0	0	0	0	0	0	0	0	0	0	0	0	0	0	0	0
LOC107842318	LOC107842318	XM_016686084.2	protein_coding	0	0	0	47	0	0	0	0	1	0	0	0	0	16	0	0	0	0	0	0	0	0	0	0	0	30	0	0	0
LOC107842319	LOC107842319	XM_016686085.2	protein_coding	0	0	0	131	0	0	0	0	59	0	0	0	0	6	0	0	0	0	0	0	0	0	0	0	0	51	5	0	10
LOC107842320	LOC107842320	XM_016686086.2	protein_coding	0	0	0	17	0	0	0	0	11	0	0	0	0	0	0	0	0	0	0	0	0	0	0	0	0	5	1	0	0
LOC107842321	LOC107842321	XM_016686087.2	protein_coding	0	1	8	52	0	0	0	0	2	0	0	0	0	0	8	0	0	0	0	0	0	0	1	0	0	50	0	0	0
LOC107842323	LOC107842323	XM_016686089.2	protein_coding	0	1	0	107	0	0	0	0	54	0	0	0	0	0	0	0	0	0	0	0	0	0	1	0	0	53	0	0	0
LOC107842324	LOC107842324	XM_047396347.1	protein_coding	0	1	5	119	0	0	0	0	56	0	0	0	0	35	5	0	0	0	0	0	0	0	1	0	0	28	0	0	0
LOC107842327	LOC107842327	XR_007045192.1		0	0	0	269	0	0	0	0	82	30	0	0	0	1	0	0	0	0	0	0	0	0	0	0	0	156	0	0	0
LOC107842329	LOC107842329	XM_016686099.2	protein_coding	0	2	3	155	0	0	0	0	40	0	0	0	0	44	3	0	0	0	0	0	0	0	2	0	0	64	6	0	1
LOC107842329	LOC107842329	XM_016686100.2	protein_coding	0	2	3	155	0	0	0	0	40	0	0	0	0	44	3	0	0	0	0	0	0	0	2	0	0	64	6	0	1
LOC107842330	LOC107842330	XM_047397120.1	protein_coding	0	0	1	37	0	0	0	0	30	0	0	0	0	2	1	0	0	0	0	0	0	0	0	0	0	5	0	0	0
LOC107842331	LOC107842331	XM_016686102.2	protein_coding	0	2	1	339	0	0	0	0	43	0	0	0	0	224	1	0	0	0	0	0	0	0	2	0	0	62	8	0	2
LOC107842331	LOC107842331	XM_016686104.2	protein_coding	0	2	1	292	0	0	0	0	51	0	0	0	0	171	1	0	0	0	0	0	0	0	2	0	0	62	6	0	2
LOC107842331	LOC107842331	XM_016686105.2	protein_coding	0	2	1	292	0	0	0	0	51	0	0	0	0	171	1	0	0	0	0	0	0	0	2	0	0	62	6	0	2
LOC107842331	LOC107842331	XM_016686106.2	protein_coding	0	2	1	292	0	0	0	0	52	0	0	0	0	168	1	0	0	0	0	0	0	0	2	0	0	62	8	0	2
LOC107842331	LOC107842331	XM_047397121.1	protein_coding	0	2	1	292	0	0	0	0	52	0	0	0	0	168	1	0	0	0	0	0	0	0	2	0	0	62	8	0	2
LOC107842333	LOC107842333	XM_016686109.2	protein_coding	0	1	0	96	0	0	0	0	5	0	0	0	0	42	0	0	0	0	0	0	0	0	1	0	0	49	0	0	0
LOC107842333	LOC107842333	XM_016686110.2	protein_coding	0	1	0	95	0	0	0	0	5	0	0	0	0	42	0	0	0	0	0	0	0	0	1	0	0	48	0	0	0
LOC107842334	LOC107842334	XM_047397122.1	protein_coding	0	0	0	150	0	0	0	0	37	0	0	0	0	7	0	0	0	0	0	0	0	0	0	0	0	104	1	0	1
LOC107842336	LOC107842336	XR_001665707.2		0	0	0	36	0	0	0	0	8	4	0	0	0	19	0	0	0	0	0	0	0	0	0	0	0	5	0	0	0
LOC107842337	LOC107842337	XM_016686112.2	protein_coding	0	0	0	10	0	0	0	0	5	0	0	0	0	0	0	0	0	0	0	0	0	0	0	0	0	4	0	0	1
LOC107842337	LOC107842337	XM_016686114.2	protein_coding	0	0	0	13	0	0	0	0	7	0	0	0	0	0	0	0	0	0	0	0	0	0	0	0	0	4	1	0	1
LOC107842337	LOC107842337	XM_016686116.2	protein_coding	0	0	0	10	0	0	0	0	5	0	0	0	0	0	0	0	0	0	0	0	0	0	0	0	0	4	0	0	1
LOC107842337	LOC107842337	XR_007045195.1		0	0	0	10	0	0	0	0	5	1	0	0	0	0	0	0	0	0	0	0	0	0	0	0	0	4	0	0	0
LOC107842337	LOC107842337	XR_007045196.1		0	0	0	13	0	0	0	0	7	2	0	0	0	0	0	0	0	0	0	0	0	0	0	0	0	4	0	0	0
LOC107842337	LOC107842337	XR_007045197.1		0	0	0	10	0	0	0	0	5	1	0	0	0	0	0	0	0	0	0	0	0	0	0	0	0	4	0	0	0
LOC107842337	LOC107842337	XR_007045198.1		0	0	0	10	0	0	0	0	5	1	0	0	0	0	0	0	0	0	0	0	0	0	0	0	0	4	0	0	0
LOC107842337	LOC107842337	XR_007045199.1		0	0	0	10	0	0	0	0	5	1	0	0	0	0	0	0	0	0	0	0	0	0	0	0	0	4	0	0	0
LOC107842337	LOC107842337	XR_007045200.1		0	0	0	13	0	0	0	0	7	2	0	0	0	0	0	0	0	0	0	0	0	0	0	0	0	4	0	0	0
LOC107842338	LOC107842338	XM_016686117.2	protein_coding	0	8	5	249	0	1	0	1	118	0	0	0	0	9	3	0	0	0	1	0	0	0	7	0	0	120	1	0	1
LOC107842339	LOC107842339	XM_016686118.2	protein_coding	0	3	6	119	0	0	0	0	35	0	0	0	0	61	6	0	0	0	0	0	0	0	3	0	0	22	1	0	0
LOC107842340	LOC107842340	XM_016686119.2	protein_coding	0	0	0	89	0	0	0	0	66	0	0	0	0	0	0	0	0	0	0	0	0	0	0	0	0	23	0	0	0
LOC107842341	LOC107842341	XM_047396344.1	protein_coding	0	0	0	144	0	0	0	0	34	0	0	0	0	42	0	0	0	0	0	0	0	0	0	0	0	37	31	0	0
LOC107842342	LOC107842342	XM_016686122.2	protein_coding	0	0	0	61	0	0	0	0	55	0	0	0	0	0	0	0	0	0	0	0	0	0	0	0	0	6	0	0	0
LOC107842343	LOC107842343	XM_016686124.2	protein_coding	0	0	0	20	0	0	0	0	8	0	0	0	0	5	0	0	0	0	0	0	0	0	0	0	0	5	1	0	1
LOC107842344	LOC107842344	XM_016686125.2	protein_coding	0	0	0	20	0	0	0	0	3	0	0	0	0	0	0	0	0	0	0	0	0	0	0	0	0	17	0	0	0
LOC107842345	LOC107842345	XM_047397110.1	protein_coding	0	0	2	132	0	0	0	0	46	0	0	0	0	43	2	0	0	0	0	0	0	0	0	0	0	38	4	0	1
LOC107842345	LOC107842345	XM_047397111.1	protein_coding	0	0	2	132	0	0	0	0	46	0	0	0	0	43	2	0	0	0	0	0	0	0	0	0	0	38	4	0	1
LOC107842346	LOC107842346	XM_016686127.2	protein_coding	0	2	1	84	0	0	0	0	49	0	0	0	0	17	1	0	0	0	0	0	0	0	2	0	0	17	1	0	0
LOC107842346	LOC107842346	XM_016686129.2	protein_coding	0	2	1	84	0	0	0	0	49	0	0	0	0	17	1	0	0	0	0	0	0	0	2	0	0	17	1	0	0
LOC107842346	LOC107842346	XM_047397112.1	protein_coding	0	2	1	79	0	0	0	0	45	0	0	0	0	17	1	0	0	0	0	0	0	0	2	0	0	17	0	0	0
LOC107842347	LOC107842347	XM_016686132.2	protein_coding	0	0	0	33	0	0	0	0	4	0	0	0	0	4	0	0	0	0	0	0	0	0	0	0	0	21	1	0	3
LOC107842348	LOC107842348	XM_016686133.2	protein_coding	0	0	0	153	0	0	0	0	3	0	0	0	0	145	0	0	0	0	0	0	0	0	0	0	0	5	0	0	0
LOC107842348	LOC107842348	XM_016686134.2	protein_coding	0	0	0	153	0	0	0	0	3	0	0	0	0	145	0	0	0	0	0	0	0	0	0	0	0	5	0	0	0
LOC107842348	LOC107842348	XM_016686135.2	protein_coding	0	0	0	153	0	0	0	0	3	0	0	0	0	145	0	0	0	0	0	0	0	0	0	0	0	5	0	0	0
LOC107842348	LOC107842348	XM_016686136.2	protein_coding	0	0	0	153	0	0	0	0	3	0	0	0	0	145	0	0	0	0	0	0	0	0	0	0	0	5	0	0	0
LOC107842348	LOC107842348	XM_016686137.2	protein_coding	0	0	0	153	0	0	0	0	3	0	0	0	0	145	0	0	0	0	0	0	0	0	0	0	0	5	0	0	0
LOC107842349	LOC107842349	XM_016686138.2	protein_coding	0	0	0	16	0	0	0	0	3	0	0	0	0	2	0	0	0	0	0	0	0	0	0	0	0	11	0	0	0
LOC107842349	LOC107842349	XM_016686139.2	protein_coding	0	0	0	16	0	0	0	0	3	0	0	0	0	2	0	0	0	0	0	0	0	0	0	0	0	11	0	0	0
LOC107842352	LOC107842352	XM_016686141.2	protein_coding	0	0	0	20	0	0	0	0	6	0	0	0	0	11	0	0	0	0	0	0	0	0	0	0	0	3	0	0	0
LOC107842353	LOC107842353	XM_016686143.2	protein_coding	0	0	0	11	0	0	0	0	0	0	0	0	0	0	0	0	0	0	0	0	0	0	0	0	0	11	0	0	0
LOC107842354	LOC107842354	XM_016686144.2	protein_coding	0	0	0	44	0	0	0	0	10	0	0	0	0	32	0	0	0	0	0	0	0	0	0	0	0	2	0	0	0
LOC107842354	LOC107842354	XM_047397113.1	protein_coding	0	0	0	44	0	0	0	0	10	0	0	0	0	32	0	0	0	0	0	0	0	0	0	0	0	2	0	0	0
LOC107842355	LOC107842355	XM_016686145.2	protein_coding	0	4	5	238	0	0	0	0	74	0	0	0	0	95	5	0	0	0	0	0	0	0	4	0	0	65	2	0	2
LOC107842357	LOC107842357	XM_016686146.2	protein_coding	0	2	2	196	0	0	0	0	61	0	0	0	0	92	2	0	0	0	0	0	0	0	2	0	0	39	2	0	2
LOC107842358	LOC107842358	XM_016686147.2	protein_coding	0	2	3	115	0	1	0	0	52	0	0	0	0	11	2	0	0	0	0	0	0	0	2	0	0	51	1	0	0
LOC107842358	LOC107842358	XM_047397092.1	protein_coding	0	2	3	115	0	1	0	0	52	0	0	0	0	11	2	0	0	0	0	0	0	0	2	0	0	51	1	0	0
LOC107842359	LOC107842359	XM_016686149.2	protein_coding	0	1	4	120	0	0	0	0	34	0	0	0	0	21	4	0	0	0	0	0	0	0	1	0	0	64	1	0	0
LOC107842359	LOC107842359	XM_016686151.2	protein_coding	1	2	2	121	0	0	0	0	34	0	0	0	0	12	2	0	0	1	2	0	0	0	0	0	0	64	1	0	11
LOC107842359	LOC107842359	XM_016686152.2	protein_coding	0	1	2	122	0	0	0	0	34	0	0	0	0	23	2	0	0	0	0	0	0	0	1	0	0	64	1	0	0
LOC107842359	LOC107842359	XM_047397091.1	protein_coding	0	0	2	123	0	0	0	0	34	0	0	0	0	21	2	0	0	0	0	0	0	0	0	0	0	65	1	0	2
LOC107842360	LOC107842360	XM_016686153.2	protein_coding	0	0	0	118	0	0	0	0	28	0	0	0	0	8	0	0	0	0	0	0	0	0	0	0	0	81	0	0	1
LOC107842360	LOC107842360	XM_016686155.2	protein_coding	0	0	0	144	0	0	0	0	50	0	0	0	0	10	0	0	0	0	0	0	0	0	0	0	0	81	2	0	1
LOC107842360	LOC107842360	XM_016686156.2	protein_coding	0	0	0	144	0	0	0	0	50	0	0	0	0	10	0	0	0	0	0	0	0	0	0	0	0	81	2	0	1
LOC107842360	LOC107842360	XM_016686157.2	protein_coding	0	0	0	188	0	0	0	0	71	0	0	0	0	34	0	0	0	0	0	0	0	0	0	0	0	81	1	0	1
LOC107842360	LOC107842360	XM_016686158.2	protein_coding	0	0	0	182	0	0	0	0	73	0	0	0	0	16	0	0	0	0	0	0	0	0	0	0	0	81	11	0	1
LOC107842361	LOC107842361	XM_016686159.2	protein_coding	0	2	0	124	0	0	0	0	44	0	0	0	0	27	0	0	0	0	0	0	0	0	2	0	0	50	2	0	1
LOC107842363	LOC107842363	XM_016686162.2	protein_coding	0	2	3	254	0	0	0	0	32	0	0	0	0	158	3	0	0	0	0	0	0	0	2	0	0	63	1	0	0
LOC107842363	LOC107842363	XM_047397101.1	protein_coding	0	2	3	230	0	0	0	0	30	0	0	0	0	128	3	0	0	0	0	0	0	0	2	0	0	63	9	0	0
LOC107842363	LOC107842363	XR_007045164.1		0	0	0	253	0	0	0	0	27	7	0	0	0	156	0	0	0	0	0	0	0	0	0	0	0	63	0	0	0
LOC107842364	LOC107842364	XM_016686164.2	protein_coding	0	0	0	156	0	0	0	0	46	0	0	0	0	22	0	0	0	0	0	0	0	0	0	0	0	80	2	0	6
LOC107842364	LOC107842364	XM_016686165.2	protein_coding	0	0	0	149	0	0	0	0	46	0	0	0	0	22	0	0	0	0	0	0	0	0	0	0	0	78	2	0	1
LOC107842366	LOC107842366	XR_001665713.2		0	0	0	171	0	0	0	0	65	12	0	0	0	48	0	0	0	0	0	0	0	0	0	0	0	46	0	0	0
LOC107842366	LOC107842366	XR_001665715.2		0	0	0	171	0	0	0	0	65	12	0	0	0	48	0	0	0	0	0	0	0	0	0	0	0	46	0	0	0
LOC107842368	LOC107842368	XR_007045154.1		0	0	0	88	0	0	0	0	16	15	0	0	0	1	0	0	0	0	0	0	0	0	0	0	0	56	0	0	0
LOC107842368	LOC107842368	XR_007045155.1		0	0	0	88	0	0	0	0	16	15	0	0	0	1	0	0	0	0	0	0	0	0	0	0	0	56	0	0	0
LOC107842368	LOC107842368	XR_007045156.1		0	0	0	88	0	0	0	0	16	15	0	0	0	1	0	0	0	0	0	0	0	0	0	0	0	56	0	0	0
LOC107842368	LOC107842368	XR_007045157.1		0	0	0	88	0	0	0	0	16	8	0	0	0	8	0	0	0	0	0	0	0	0	0	0	0	56	0	0	0
LOC107842368	LOC107842368	XR_007045158.1		0	0	0	88	0	0	0	0	16	15	0	0	0	1	0	0	0	0	0	0	0	0	0	0	0	56	0	0	0
LOC107842369	LOC107842369	XM_016686172.2	protein_coding	0	3	6	158	0	0	0	0	57	0	0	0	0	47	6	0	0	0	0	0	0	0	3	0	0	53	0	0	1
LOC107842369	LOC107842369	XM_047397089.1	protein_coding	0	2	5	151	0	0	0	0	57	0	0	0	0	13	5	0	0	0	0	0	0	0	2	0	0	78	0	0	3
LOC107842371	LOC107842371	XM_016686173.2	protein_coding	0	1	1	142	0	0	0	0	59	0	0	0	0	10	1	0	0	0	0	0	0	0	1	0	0	64	5	0	4
LOC107842372	LOC107842372	XR_001665719.2		0	0	0	258	0	0	0	0	81	40	0	0	0	50	0	0	0	0	0	0	0	0	0	0	0	87	0	0	0
LOC107842373	LOC107842373	XM_016686175.2	protein_coding	0	4	3	206	0	0	0	0	120	0	0	0	0	2	3	0	0	0	0	0	0	0	4	0	0	77	7	0	0
LOC107842373	LOC107842373	XM_016686177.2	protein_coding	0	4	3	206	0	0	0	0	120	0	0	0	0	2	3	0	0	0	0	0	0	0	4	0	0	77	7	0	0
LOC107842373	LOC107842373	XM_047397100.1	protein_coding	0	4	3	206	0	0	0	0	120	0	0	0	0	1	3	0	0	0	0	0	0	0	4	0	0	77	7	0	1
LOC107842374	LOC107842374	XM_016686178.2	protein_coding	0	0	0	192	0	0	0	0	0	0	0	0	0	142	0	0	0	0	0	0	0	0	0	0	0	47	0	0	3
LOC107842374	LOC107842374	XM_016686179.2	protein_coding	0	4	0	124	0	0	0	0	0	0	0	0	0	5	0	0	0	0	4	0	0	0	0	0	0	108	0	0	11
LOC107842374	LOC107842374	XM_016686180.2	protein_coding	0	0	0	190	0	0	0	0	0	0	0	0	0	141	0	0	0	0	0	0	0	0	0	0	0	48	0	0	1
LOC107842375	LOC107842375	XM_016686181.2	protein_coding	0	0	2	115	0	0	0	0	52	0	0	0	0	22	2	0	0	0	0	0	0	0	0	0	0	36	4	0	1
LOC107842376	LOC107842376	XM_016686182.2	protein_coding	0	1	2	143	0	0	0	0	61	0	0	0	0	21	2	0	0	0	0	0	0	0	1	0	0	60	1	0	0
LOC107842378	LOC107842378	XM_016686186.2	protein_coding	0	0	0	65	0	0	0	0	24	0	0	0	0	5	0	0	0	0	0	0	0	0	0	0	0	36	0	0	0
LOC107842379	LOC107842379	XM_016686187.2	protein_coding	0	1	0	25	0	0	0	0	17	0	0	0	0	1	0	0	0	0	1	0	0	0	0	0	0	5	0	0	2
LOC107842379	LOC107842379	XM_016686190.2	protein_coding	0	0	0	25	0	0	0	0	17	0	0	0	0	2	0	0	0	0	0	0	0	0	0	0	0	5	0	0	1
LOC107842379	LOC107842379	XM_016686191.2	protein_coding	0	0	0	25	0	0	0	0	17	0	0	0	0	2	0	0	0	0	0	0	0	0	0	0	0	5	0	0	1
LOC107842379	LOC107842379	XM_016686192.2	protein_coding	0	0	0	25	0	0	0	0	17	0	0	0	0	2	0	0	0	0	0	0	0	0	0	0	0	5	0	0	1
LOC107842379	LOC107842379	XM_016686193.2	protein_coding	0	0	0	25	0	0	0	0	17	0	0	0	0	2	0	0	0	0	0	0	0	0	0	0	0	5	0	0	1
LOC107842379	LOC107842379	XM_047397102.1	protein_coding	0	1	0	25	0	0	0	0	17	0	0	0	0	1	0	0	0	0	1	0	0	0	0	0	0	5	0	0	2
LOC107842379	LOC107842379	XM_047397103.1	protein_coding	0	1	0	25	0	0	0	0	17	0	0	0	0	1	0	0	0	0	1	0	0	0	0	0	0	5	0	0	2
LOC107842379	LOC107842379	XM_047397104.1	protein_coding	0	1	0	25	0	0	0	0	17	0	0	0	0	1	0	0	0	0	1	0	0	0	0	0	0	5	0	0	2
LOC107842381	LOC107842381	XM_016686195.2	protein_coding	0	0	0	96	0	0	0	0	4	0	0	0	0	45	0	0	0	0	0	0	0	0	0	0	0	47	0	0	0
LOC107842381	LOC107842381	XM_016686196.2	protein_coding	0	0	0	78	0	0	0	0	2	0	0	0	0	43	0	0	0	0	0	0	0	0	0	0	0	33	0	0	0
LOC107842381	LOC107842381	XR_007044949.1		0	0	0	83	0	0	0	0	1	0	0	0	0	49	0	0	0	0	0	0	0	0	0	0	0	33	0	0	0
LOC107842381	LOC107842381	XR_007044950.1		0	0	0	83	0	0	0	0	1	4	0	0	0	45	0	0	0	0	0	0	0	0	0	0	0	33	0	0	0
LOC107842382	LOC107842382	XR_001665722.2		0	0	0	2	0	0	0	0	0	1	0	0	0	0	0	0	0	0	0	0	0	0	0	0	0	1	0	0	0
LOC107842384	LOC107842384	XM_016686198.2	protein_coding	0	0	0	21	0	0	0	0	10	0	0	0	0	0	0	0	0	0	0	0	0	0	0	0	0	11	0	0	0
LOC107842384	LOC107842384	XM_047396929.1	protein_coding	0	0	0	21	0	0	0	0	10	0	0	0	0	0	0	0	0	0	0	0	0	0	0	0	0	11	0	0	0
LOC107842388	LOC107842388	XM_016686203.2	protein_coding	0	10	9	203	0	0	0	0	44	0	0	0	0	102	9	0	0	0	0	0	0	0	10	0	0	53	1	0	3
LOC107842388	LOC107842388	XM_016686204.2	protein_coding	0	10	9	203	0	0	0	0	44	0	0	0	0	102	9	0	0	0	0	0	0	0	10	0	0	53	1	0	3
LOC107842388	LOC107842388	XM_016686205.2	protein_coding	0	10	9	203	0	0	0	0	44	0	0	0	0	102	9	0	0	0	0	0	0	0	10	0	0	53	1	0	3
LOC107842388	LOC107842388	XM_016686206.2	protein_coding	0	9	8	194	0	0	0	0	41	0	0	0	0	97	8	0	0	0	0	0	0	0	9	0	0	53	0	0	3
LOC107842388	LOC107842388	XM_047397085.1	protein_coding	0	10	8	200	0	0	0	0	43	0	0	0	0	101	8	0	0	0	0	0	0	0	10	0	0	53	0	0	3
LOC107842388	LOC107842388	XR_007045148.1		0	0	0	506	0	0	0	0	61	23	0	0	0	369	0	0	0	0	0	0	0	0	0	0	0	53	0	0	0
LOC107842389	LOC107842389	XM_016686208.2	protein_coding	0	1	1	61	0	0	0	0	37	0	0	0	0	19	1	0	0	0	0	0	0	0	1	0	0	4	1	0	0
LOC107842389	LOC107842389	XM_016686209.2	protein_coding	0	1	1	61	0	0	0	0	37	0	0	0	0	19	1	0	0	0	0	0	0	0	1	0	0	4	1	0	0
LOC107842389	LOC107842389	XM_016686210.2	protein_coding	0	1	1	61	0	0	0	0	37	0	0	0	0	19	1	0	0	0	0	0	0	0	1	0	0	4	1	0	0
LOC107842390	LOC107842390	XM_016686211.2	protein_coding	0	1	4	88	0	0	0	0	45	0	0	0	0	20	4	0	0	0	0	0	0	0	1	0	0	21	1	0	1
LOC107842390	LOC107842390	XM_047397086.1	protein_coding	0	1	4	228	0	0	0	0	45	0	0	0	0	116	4	0	0	0	0	0	0	0	1	0	0	63	1	0	3
LOC107842390	LOC107842390	XM_047397087.1	protein_coding	0	1	4	88	0	0	0	0	45	0	0	0	0	19	4	0	0	0	0	0	0	0	1	0	0	21	1	0	2
LOC107842390	LOC107842390	XM_047397088.1	protein_coding	0	1	4	80	0	0	0	0	45	0	0	0	0	11	4	0	0	0	0	0	0	0	1	0	0	22	1	0	1
LOC107842391	LOC107842391	XR_001665729.2		0	0	0	78	0	0	0	0	36	15	0	0	0	3	0	0	0	0	0	0	0	0	0	0	0	24	0	0	0
LOC107842391	LOC107842391	XR_001665730.2		0	0	0	79	0	0	0	0	36	12	0	0	0	8	0	0	0	0	0	0	0	0	0	0	0	23	0	0	0
LOC107842391	LOC107842391	XR_001665731.2		0	0	0	78	0	0	0	0	36	10	0	0	0	8	0	0	0	0	0	0	0	0	0	0	0	24	0	0	0
LOC107842392	LOC107842392	XM_016686213.2	protein_coding	0	0	1	141	0	0	0	0	22	0	0	0	0	84	1	0	0	0	0	0	0	0	0	0	0	31	1	0	3
LOC107842392	LOC107842392	XM_016686214.2	protein_coding	0	0	0	142	0	0	0	0	22	0	0	0	0	85	0	0	0	0	0	0	0	0	0	0	0	31	1	0	3
LOC107842393	LOC107842393	XM_016686216.2	protein_coding	0	0	0	129	0	0	0	0	9	0	0	0	0	117	0	0	0	0	0	0	0	0	0	0	0	3	0	0	0
LOC107842393	LOC107842393	XR_001665732.2		0	0	0	129	0	0	0	0	7	1	0	0	0	118	0	0	0	0	0	0	0	0	0	0	0	3	0	0	0
LOC107842394	LOC107842394	XM_016686218.2	protein_coding	0	0	0	4	0	0	0	0	1	0	0	0	0	0	0	0	0	0	0	0	0	0	0	0	0	3	0	0	0
LOC107842394	LOC107842394	XM_016686219.2	protein_coding	0	0	0	32	0	0	0	0	28	0	0	0	0	1	0	0	0	0	0	0	0	0	0	0	0	3	0	0	0
LOC107842394	LOC107842394	XM_016686220.2	protein_coding	0	0	0	32	0	0	0	0	28	0	0	0	0	1	0	0	0	0	0	0	0	0	0	0	0	3	0	0	0
LOC107842395	LOC107842395	XR_001665733.2		0	0	0	2	0	0	0	0	1	0	0	0	0	0	0	0	0	0	0	0	0	0	0	0	0	1	0	0	0
LOC107842396	LOC107842396	XM_047396928.1	protein_coding	0	0	0	285	0	0	0	0	0	0	0	0	0	273	0	0	0	0	0	0	0	0	0	0	0	12	0	0	0
LOC107842399	LOC107842399	XM_047396925.1	protein_coding	0	0	0	11	0	0	0	0	0	0	0	0	0	1	0	0	0	0	0	0	0	0	0	0	0	10	0	0	0
LOC107842399	LOC107842399	XM_047396926.1	protein_coding	0	0	0	11	0	0	0	0	0	0	0	0	0	1	0	0	0	0	0	0	0	0	0	0	0	10	0	0	0
LOC107842400	LOC107842400	XM_016686227.2	protein_coding	0	0	0	38	0	0	0	0	1	0	0	0	0	35	0	0	0	0	0	0	0	0	0	0	0	2	0	0	0
LOC107842401	LOC107842401	XM_016686228.2	protein_coding	0	0	0	10	0	0	0	0	5	0	0	0	0	0	0	0	0	0	0	0	0	0	0	0	0	5	0	0	0
LOC107842401	LOC107842401	XM_016686229.2	protein_coding	0	0	0	10	0	0	0	0	5	0	0	0	0	0	0	0	0	0	0	0	0	0	0	0	0	5	0	0	0
LOC107842401	LOC107842401	XM_016686230.2	protein_coding	0	0	0	10	0	0	0	0	5	0	0	0	0	0	0	0	0	0	0	0	0	0	0	0	0	5	0	0	0
LOC107842401	LOC107842401	XM_047397035.1	protein_coding	0	0	0	10	0	0	0	0	5	0	0	0	0	0	0	0	0	0	0	0	0	0	0	0	0	5	0	0	0
LOC107842402	LOC107842402	XR_007045048.1		1	0	0	119	0	0	0	0	13	9	0	0	0	97	0	0	1	0	0	0	0	0	0	0	0	1	0	0	0
LOC107842402	LOC107842402	XR_007045049.1		1	0	0	119	0	0	0	0	13	9	0	0	0	97	0	0	1	0	0	0	0	0	0	0	0	1	0	0	0
LOC107842402	LOC107842402	XR_007045050.1		1	0	0	119	0	0	0	0	13	13	0	0	0	93	0	0	1	0	0	0	0	0	0	0	0	1	0	0	0
LOC107842402	LOC107842402	XR_007045051.1		1	0	0	109	0	0	0	0	57	12	0	0	0	40	0	0	1	0	0	0	0	0	0	0	0	1	0	0	0
LOC107842402	LOC107842402	XR_007045052.1		1	0	0	119	0	0	0	0	13	12	0	0	0	94	0	0	1	0	0	0	0	0	0	0	0	1	0	0	0
LOC107842402	LOC107842402	XR_007045053.1		1	0	0	119	0	0	0	0	13	8	0	0	0	98	0	0	1	0	0	0	0	0	0	0	0	1	0	0	0
LOC107842402	LOC107842402	XR_007045054.1		1	0	0	119	0	0	0	0	13	9	0	0	0	97	0	0	1	0	0	0	0	0	0	0	0	1	0	0	0
LOC107842402	LOC107842402	XR_007045055.1		1	0	0	119	0	0	0	0	13	8	0	0	0	98	0	0	1	0	0	0	0	0	0	0	0	1	0	0	0
LOC107842403	LOC107842403	XM_016686231.2	protein_coding	0	0	0	20	0	0	0	0	2	0	0	0	0	0	0	0	0	0	0	0	0	0	0	0	0	18	0	0	0
LOC107842403	LOC107842403	XM_047397032.1	protein_coding	0	0	0	20	0	0	0	0	2	0	0	0	0	0	0	0	0	0	0	0	0	0	0	0	0	18	0	0	0
LOC107842403	LOC107842403	XM_047397033.1	protein_coding	0	0	0	20	0	0	0	0	2	0	0	0	0	0	0	0	0	0	0	0	0	0	0	0	0	18	0	0	0
LOC107842403	LOC107842403	XM_047397034.1	protein_coding	0	0	0	20	0	0	0	0	2	0	0	0	0	0	0	0	0	0	0	0	0	0	0	0	0	18	0	0	0
LOC107842403	LOC107842403	XR_001665747.2		0	0	0	20	0	0	0	0	2	0	0	0	0	0	0	0	0	0	0	0	0	0	0	0	0	18	0	0	0
LOC107842403	LOC107842403	XR_007045046.1		0	0	0	20	0	0	0	0	2	0	0	0	0	0	0	0	0	0	0	0	0	0	0	0	0	18	0	0	0
LOC107842403	LOC107842403	XR_007045047.1		0	0	0	20	0	0	0	0	2	0	0	0	0	0	0	0	0	0	0	0	0	0	0	0	0	18	0	0	0
LOC107842404	LOC107842404	XM_016686233.2	protein_coding	0	1	0	86	0	0	0	0	50	0	0	0	0	30	0	0	0	0	1	0	0	0	0	0	0	5	0	0	1
LOC107842404	LOC107842404	XM_016686234.2	protein_coding	0	1	0	86	0	0	0	0	50	0	0	0	0	30	0	0	0	0	1	0	0	0	0	0	0	5	0	0	1
LOC107842404	LOC107842404	XM_016686235.2	protein_coding	0	0	0	84	0	0	0	0	50	0	0	0	0	30	0	0	0	0	0	0	0	0	0	0	0	4	0	0	0
LOC107842404	LOC107842404	XM_016686237.2	protein_coding	0	1	0	86	0	0	0	0	50	0	0	0	0	30	0	0	0	0	1	0	0	0	0	0	0	5	0	0	1
LOC107842404	LOC107842404	XM_047396990.1	protein_coding	0	1	0	86	0	0	0	0	50	0	0	0	0	30	0	0	0	0	1	0	0	0	0	0	0	5	0	0	1
LOC107842404	LOC107842404	XM_047396991.1	protein_coding	0	1	0	86	0	0	0	0	50	0	0	0	0	30	0	0	0	0	1	0	0	0	0	0	0	5	0	0	1
LOC107842404	LOC107842404	XM_047396992.1	protein_coding	0	0	0	84	0	0	0	0	50	0	0	0	0	30	0	0	0	0	0	0	0	0	0	0	0	4	0	0	0
LOC107842405	LOC107842405	XM_016686238.2	protein_coding	0	1	0	10	0	0	0	0	8	0	0	0	0	0	0	0	0	0	0	0	0	0	1	0	0	2	0	0	0
LOC107842406	LOC107842406	XR_001665751.2		0	0	0	54	0	0	0	0	45	0	0	0	0	1	0	0	0	0	0	0	0	0	0	0	0	8	0	0	0
LOC107842406	LOC107842406	XR_001665752.2		0	0	0	54	0	0	0	0	45	0	0	0	0	1	0	0	0	0	0	0	0	0	0	0	0	8	0	0	0
LOC107842406	LOC107842406	XR_001665753.2		0	0	0	54	0	0	0	0	45	0	0	0	0	1	0	0	0	0	0	0	0	0	0	0	0	8	0	0	0
LOC107842407	LOC107842407	XM_016686243.2	protein_coding	0	1	0	34	0	0	0	0	9	0	0	0	0	6	0	0	0	0	0	0	0	0	1	0	0	18	0	0	1
LOC107842407	LOC107842407	XM_047397025.1	protein_coding	0	1	0	34	0	0	0	0	9	0	0	0	0	7	0	0	0	0	0	0	0	0	1	0	0	18	0	0	0
LOC107842409	LOC107842409	XM_047397026.1	protein_coding	0	0	1	45	0	0	0	0	32	0	0	0	0	10	1	0	0	0	0	0	0	0	0	0	0	2	0	0	1
LOC107842409	LOC107842409	XM_047397027.1	protein_coding	0	0	1	80	0	0	0	0	32	0	0	0	0	13	1	0	0	0	0	0	0	0	0	0	0	35	0	0	0
LOC107842409	LOC107842409	XM_047397028.1	protein_coding	0	0	1	80	0	0	0	0	32	0	0	0	0	13	1	0	0	0	0	0	0	0	0	0	0	35	0	0	0
LOC107842409	LOC107842409	XM_047397029.1	protein_coding	0	0	1	80	0	0	0	0	32	0	0	0	0	13	1	0	0	0	0	0	0	0	0	0	0	35	0	0	0
LOC107842409	LOC107842409	XR_001665755.2		0	0	0	81	0	0	0	0	32	4	0	0	0	10	0	0	0	0	0	0	0	0	0	0	0	35	0	0	0
LOC107842409	LOC107842409	XR_007045031.1		0	0	0	81	0	0	0	0	32	4	0	0	0	10	0	0	0	0	0	0	0	0	0	0	0	35	0	0	0
LOC107842409	LOC107842409	XR_007045032.1		0	0	0	61	0	0	0	0	24	2	0	0	0	0	0	0	0	0	0	0	0	0	0	0	0	35	0	0	0
LOC107842409	LOC107842409	XR_007045033.1		0	0	0	81	0	0	0	0	32	3	0	0	0	11	0	0	0	0	0	0	0	0	0	0	0	35	0	0	0
LOC107842409	LOC107842409	XR_007045034.1		0	0	0	81	0	0	0	0	32	3	0	0	0	11	0	0	0	0	0	0	0	0	0	0	0	35	0	0	0
LOC107842409	LOC107842409	XR_007045035.1		0	0	0	81	0	0	0	0	32	3	0	0	0	11	0	0	0	0	0	0	0	0	0	0	0	35	0	0	0
LOC107842409	LOC107842409	XR_007045036.1		0	0	0	81	0	0	0	0	32	3	0	0	0	11	0	0	0	0	0	0	0	0	0	0	0	35	0	0	0
LOC107842409	LOC107842409	XR_007045037.1		0	0	0	46	0	0	0	0	32	5	0	0	0	7	0	0	0	0	0	0	0	0	0	0	0	2	0	0	0
LOC107842409	LOC107842409	XR_007045038.1		0	0	0	81	0	0	0	0	32	4	0	0	0	10	0	0	0	0	0	0	0	0	0	0	0	35	0	0	0
LOC107842409	LOC107842409	XR_007045039.1		0	0	0	81	0	0	0	0	32	3	0	0	0	11	0	0	0	0	0	0	0	0	0	0	0	35	0	0	0
LOC107842409	LOC107842409	XR_007045040.1		0	0	0	81	0	0	0	0	38	0	0	0	0	8	0	0	0	0	0	0	0	0	0	0	0	35	0	0	0
LOC107842409	LOC107842409	XR_007045041.1		0	0	0	81	0	0	0	0	42	0	0	0	0	4	0	0	0	0	0	0	0	0	0	0	0	35	0	0	0
LOC107842409	LOC107842409	XR_007045042.1		0	0	0	81	0	0	0	0	32	3	0	0	0	11	0	0	0	0	0	0	0	0	0	0	0	35	0	0	0
LOC107842409	LOC107842409	XR_007045043.1		0	0	0	81	0	0	0	0	32	3	0	0	0	11	0	0	0	0	0	0	0	0	0	0	0	35	0	0	0
LOC107842409	LOC107842409	XR_007045044.1		0	0	0	81	0	0	0	0	32	3	0	0	0	11	0	0	0	0	0	0	0	0	0	0	0	35	0	0	0
LOC107842409	LOC107842409	XR_007045045.1		0	0	0	81	0	0	0	0	32	3	0	0	0	11	0	0	0	0	0	0	0	0	0	0	0	35	0	0	0
LOC107842410	LOC107842410	XM_016686245.2	protein_coding	0	0	0	19	0	0	0	0	1	0	0	0	0	0	0	0	0	0	0	0	0	0	0	0	0	18	0	0	0
LOC107842410	LOC107842410	XM_047396967.1	protein_coding	0	0	0	19	0	0	0	0	1	0	0	0	0	0	0	0	0	0	0	0	0	0	0	0	0	18	0	0	0
LOC107842414	LOC107842414	XM_016686247.2	protein_coding	0	0	0	40	0	0	0	0	6	0	0	0	0	31	0	0	0	0	0	0	0	0	0	0	0	3	0	0	0
LOC107842414	LOC107842414	XM_016686248.2	protein_coding	0	0	0	40	0	0	0	0	6	0	0	0	0	31	0	0	0	0	0	0	0	0	0	0	0	3	0	0	0
LOC107842414	LOC107842414	XM_047396930.1	protein_coding	0	0	0	40	0	0	0	0	6	0	0	0	0	31	0	0	0	0	0	0	0	0	0	0	0	3	0	0	0
LOC107842414	LOC107842414	XR_001665760.2		0	0	0	40	0	0	0	0	1	0	0	0	0	36	0	0	0	0	0	0	0	0	0	0	0	3	0	0	0
LOC107842414	LOC107842414	XR_001665761.2		0	0	0	40	0	0	0	0	0	1	0	0	0	36	0	0	0	0	0	0	0	0	0	0	0	3	0	0	0
LOC107842414	LOC107842414	XR_007044953.1		0	0	0	40	0	0	0	0	1	0	0	0	0	36	0	0	0	0	0	0	0	0	0	0	0	3	0	0	0
LOC107842415	LOC107842415	XM_016686250.2	protein_coding	0	0	0	26	0	0	0	0	0	0	0	0	0	15	0	0	0	0	0	0	0	0	0	0	0	11	0	0	0
LOC107842415	LOC107842415	XM_016686251.2	protein_coding	0	0	0	26	0	0	0	0	0	0	0	0	0	15	0	0	0	0	0	0	0	0	0	0	0	11	0	0	0
LOC107842415	LOC107842415	XR_001665762.2		0	0	0	26	0	0	0	0	0	0	0	0	0	15	0	0	0	0	0	0	0	0	0	0	0	11	0	0	0
LOC107842415	LOC107842415	XR_001665763.2		0	0	0	26	0	0	0	0	0	0	0	0	0	15	0	0	0	0	0	0	0	0	0	0	0	11	0	0	0
LOC107842415	LOC107842415	XR_001665764.2		0	0	0	26	0	0	0	0	0	0	0	0	0	15	0	0	0	0	0	0	0	0	0	0	0	11	0	0	0
LOC107842415	LOC107842415	XR_007044951.1		0	0	0	26	0	0	0	0	0	0	0	0	0	15	0	0	0	0	0	0	0	0	0	0	0	11	0	0	0
LOC107842416	LOC107842416	XM_016686252.2	protein_coding	0	0	0	75	0	0	0	0	0	0	0	0	0	74	0	0	0	0	0	0	0	0	0	0	0	1	0	0	0
LOC107842416	LOC107842416	XM_016686253.2	protein_coding	0	0	0	75	0	0	0	0	0	0	0	0	0	74	0	0	0	0	0	0	0	0	0	0	0	1	0	0	0
LOC107842417	LOC107842417	XM_016686255.2	protein_coding	0	0	0	7	0	0	0	0	5	0	0	0	0	1	0	0	0	0	0	0	0	0	0	0	0	1	0	0	0
LOC107842418	LOC107842418	XM_016686256.2	protein_coding	0	0	0	17	0	0	0	0	2	0	0	0	0	2	0	0	0	0	0	0	0	0	0	0	0	13	0	0	0
LOC107842418	LOC107842418	XM_047397059.1	protein_coding	0	0	0	18	0	0	0	0	3	0	0	0	0	2	0	0	0	0	0	0	0	0	0	0	0	13	0	0	0
LOC107842418	LOC107842418	XM_047397060.1	protein_coding	0	0	0	18	0	0	0	0	3	0	0	0	0	2	0	0	0	0	0	0	0	0	0	0	0	13	0	0	0
LOC107842418	LOC107842418	XM_047397061.1	protein_coding	0	0	0	18	0	0	0	0	3	0	0	0	0	2	0	0	0	0	0	0	0	0	0	0	0	13	0	0	0
LOC107842418	LOC107842418	XM_047397062.1	protein_coding	0	0	0	18	0	0	0	0	3	0	0	0	0	2	0	0	0	0	0	0	0	0	0	0	0	13	0	0	0
LOC107842418	LOC107842418	XR_001665770.2		0	0	0	17	0	0	0	0	2	0	0	0	0	2	0	0	0	0	0	0	0	0	0	0	0	13	0	0	0
LOC107842419	LOC107842419	XM_016686258.2	protein_coding	0	0	0	61	0	0	0	0	57	0	0	0	0	0	0	0	0	0	0	0	0	0	0	0	0	4	0	0	0
LOC107842423	LOC107842423	XM_016686260.2	protein_coding	0	0	1	8	0	0	0	0	3	0	0	0	0	0	1	0	0	0	0	0	0	0	0	0	0	4	0	0	1
LOC107842424	LOC107842424	XM_016686262.2	protein_coding	0	0	0	45	0	0	0	0	13	0	0	0	0	24	0	0	0	0	0	0	0	0	0	0	0	8	0	0	0
LOC107842424	LOC107842424	XM_047397022.1	protein_coding	0	0	0	45	0	0	0	0	13	0	0	0	0	24	0	0	0	0	0	0	0	0	0	0	0	8	0	0	0
LOC107842425	LOC107842425	XM_016686263.2	protein_coding	0	0	0	38	0	0	0	0	3	0	0	0	0	34	0	0	0	0	0	0	0	0	0	0	0	1	0	0	0
LOC107842425	LOC107842425	XM_016686264.2	protein_coding	0	0	0	38	0	0	0	0	3	0	0	0	0	34	0	0	0	0	0	0	0	0	0	0	0	1	0	0	0
LOC107842426	LOC107842426	XM_016686265.2	protein_coding	0	0	0	70	0	0	0	0	65	0	0	0	0	0	0	0	0	0	0	0	0	0	0	0	0	5	0	0	0
LOC107842427	LOC107842427	XM_016686266.2	protein_coding	0	3	0	129	0	0	0	0	85	0	0	0	0	1	0	0	0	0	2	0	0	0	1	0	0	36	1	0	6
LOC107842428	LOC107842428	XM_016686267.2	protein_coding	0	3	0	412	0	0	0	0	83	0	0	0	0	220	0	0	0	0	0	0	0	0	3	0	0	107	2	0	0
LOC107842428	LOC107842428	XM_016686268.2	protein_coding	0	3	0	412	0	0	0	0	83	0	0	0	0	220	0	0	0	0	0	0	0	0	3	0	0	107	2	0	0
LOC107842430	LOC107842430	XR_007045127.1		0	0	0	203	0	0	0	0	75	36	0	0	0	40	0	0	0	0	0	0	0	0	0	0	0	52	0	0	0
LOC107842431	LOC107842431	XM_016686271.2	protein_coding	0	2	3	200	0	0	0	0	120	0	0	0	0	21	3	0	0	0	1	0	0	0	1	0	0	55	2	0	2
LOC107842431	LOC107842431	XM_016686272.2	protein_coding	0	1	3	201	0	0	0	0	120	0	0	0	0	22	3	0	0	0	1	0	0	0	0	0	0	55	2	0	2
LOC107842432	LOC107842432	XM_016686273.2	protein_coding	0	3	5	238	0	0	0	0	43	0	0	0	0	81	5	0	0	0	1	0	0	0	2	0	0	109	2	0	3
LOC107842433	LOC107842433	XM_016686274.2	protein_coding	2	2	2	181	0	0	0	1	76	0	2	0	0	27	1	0	0	0	0	0	0	0	2	0	0	75	3	0	0
LOC107842434	LOC107842434	XM_016686276.2	protein_coding	0	0	1	122	0	0	0	0	63	0	0	0	0	9	1	0	0	0	0	0	0	0	0	0	0	49	0	0	1
LOC107842435	LOC107842435	NM_001324597.1	protein_coding	1	3	6	488	0	0	0	0	58	0	0	0	0	360	6	0	1	0	0	0	0	0	3	0	0	71	0	0	0
LOC107842435	LOC107842435	XM_047395879.1	protein_coding	1	3	7	449	0	0	0	0	26	0	0	0	0	349	7	0	1	0	0	0	0	0	3	0	1	71	2	0	1
LOC107842435	LOC107842435	XM_047395880.1	protein_coding	1	3	7	449	0	0	0	0	26	0	0	0	0	349	7	0	1	0	0	0	0	0	3	0	1	71	2	0	1
LOC107842436	LOC107842436	XM_016686278.2	protein_coding	0	0	8	117	0	1	0	0	40	0	0	0	0	14	7	0	0	0	0	0	0	0	0	0	0	56	2	0	5
LOC107842436	LOC107842436	XM_016686279.2	protein_coding	0	0	8	135	0	1	0	0	40	0	0	0	0	26	7	0	0	0	0	0	0	0	0	0	0	66	2	0	1
LOC107842437	LOC107842437	XR_001665778.2		0	0	0	268	0	0	0	0	70	8	0	0	0	32	0	0	0	0	0	0	0	0	0	0	0	158	0	0	0
LOC107842438	LOC107842438	XM_016686280.2	protein_coding	0	0	0	21	0	0	0	0	3	0	0	0	0	0	0	0	0	0	0	0	0	0	0	0	0	18	0	0	0
LOC107842441	LOC107842441	XR_001665780.2		0	0	0	147	0	0	0	0	74	6	0	0	0	12	0	0	0	0	0	0	0	0	0	0	0	55	0	0	0
LOC107842441	LOC107842441	XR_001665781.2		0	0	0	153	0	0	0	0	74	5	0	0	0	22	0	0	0	0	0	0	0	0	0	0	0	52	0	0	0
LOC107842441	LOC107842441	XR_001665783.2		0	0	0	144	0	0	0	0	73	7	0	0	0	9	0	0	0	0	0	0	0	0	0	0	0	55	0	0	0
LOC107842441	LOC107842441	XR_007045124.1		0	0	0	153	0	0	0	0	74	5	0	0	0	22	0	0	0	0	0	0	0	0	0	0	0	52	0	0	0
LOC107842441	LOC107842441	XR_007045125.1		0	0	0	144	0	0	0	0	73	7	0	0	0	9	0	0	0	0	0	0	0	0	0	0	0	55	0	0	0
LOC107842442	LOC107842442	XM_016686285.2	protein_coding	1	3	3	312	0	0	0	0	56	0	0	0	0	152	3	0	0	0	0	0	1	0	3	0	0	104	0	0	0
LOC107842443	LOC107842443	XM_016686288.2	protein_coding	0	3	1	219	0	0	0	0	22	0	0	0	0	77	1	0	0	0	0	0	0	0	3	0	0	118	0	0	2
LOC107842444	LOC107842444	XM_016686290.2	protein_coding	0	0	0	2	0	0	0	0	1	0	0	0	0	0	0	0	0	0	0	0	0	0	0	0	0	1	0	0	0
LOC107842445	LOC107842445	XM_016686291.1	protein_coding	0	0	0	31	0	0	0	0	9	0	0	0	0	11	0	0	0	0	0	0	0	0	0	0	0	11	0	0	0
LOC107842445	LOC107842445	XM_016686293.2	protein_coding	0	0	0	31	0	0	0	0	9	0	0	0	0	11	0	0	0	0	0	0	0	0	0	0	0	11	0	0	0
LOC107842445	LOC107842445	XM_047396969.1	protein_coding	0	0	0	31	0	0	0	0	9	0	0	0	0	11	0	0	0	0	0	0	0	0	0	0	0	11	0	0	0
LOC107842445	LOC107842445	XM_047396970.1	protein_coding	0	0	0	31	0	0	0	0	9	0	0	0	0	11	0	0	0	0	0	0	0	0	0	0	0	11	0	0	0
LOC107842446	LOC107842446	XM_047397020.1	protein_coding	0	0	0	67	0	0	0	0	40	0	0	0	0	0	0	0	0	0	0	0	0	0	0	0	0	25	2	0	0
LOC107842447	LOC107842447	XM_016686295.2	protein_coding	0	1	4	146	0	0	0	1	48	0	0	0	0	40	3	0	0	0	0	0	0	0	1	0	0	58	0	0	0
LOC107842447	LOC107842447	XM_016686296.2	protein_coding	0	1	3	147	0	0	0	1	48	0	0	0	0	40	2	0	0	0	0	0	0	0	1	0	0	58	0	0	1
LOC107842447	LOC107842447	XM_047397010.1	protein_coding	0	1	2	80	0	0	0	0	15	0	0	0	0	5	2	0	0	0	0	0	0	0	1	0	0	58	2	0	0
LOC107842447	LOC107842447	XM_047397012.1	protein_coding	0	1	3	144	0	0	0	1	48	0	0	0	0	41	2	0	0	0	0	0	0	0	1	0	0	55	0	0	0
LOC107842447	LOC107842447	XM_047397013.1	protein_coding	0	1	3	147	0	0	0	1	48	0	0	0	0	41	2	0	0	0	0	0	0	0	1	0	0	58	0	0	0
LOC107842450	LOC107842450	XM_016686298.2	protein_coding	0	0	0	25	0	0	0	0	3	0	0	0	0	21	0	0	0	0	0	0	0	0	0	0	0	0	0	0	1
LOC107842450	LOC107842450	XM_047396975.1	protein_coding	0	0	0	25	0	0	0	0	3	0	0	0	0	21	0	0	0	0	0	0	0	0	0	0	0	0	0	0	1
LOC107842451	LOC107842451	XR_001665787.2		0	0	0	17	0	0	0	0	14	0	0	0	0	0	0	0	0	0	0	0	0	0	0	0	0	3	0	0	0
LOC107842451	LOC107842451	XR_001665788.2		0	0	0	17	0	0	0	0	14	0	0	0	0	0	0	0	0	0	0	0	0	0	0	0	0	3	0	0	0
LOC107842451	LOC107842451	XR_001665789.2		0	0	0	17	0	0	0	0	14	0	0	0	0	0	0	0	0	0	0	0	0	0	0	0	0	3	0	0	0
LOC107842451	LOC107842451	XR_001665790.2		0	0	0	17	0	0	0	0	14	0	0	0	0	0	0	0	0	0	0	0	0	0	0	0	0	3	0	0	0
LOC107842451	LOC107842451	XR_001665791.2		0	0	0	17	0	0	0	0	14	0	0	0	0	0	0	0	0	0	0	0	0	0	0	0	0	3	0	0	0
LOC107842451	LOC107842451	XR_001665792.2		0	0	0	17	0	0	0	0	14	0	0	0	0	0	0	0	0	0	0	0	0	0	0	0	0	3	0	0	0
LOC107842451	LOC107842451	XR_007044940.1		0	0	0	17	0	0	0	0	14	0	0	0	0	0	0	0	0	0	0	0	0	0	0	0	0	3	0	0	0
LOC107842451	LOC107842451	XR_007044941.1		0	0	0	17	0	0	0	0	14	0	0	0	0	0	0	0	0	0	0	0	0	0	0	0	0	3	0	0	0
LOC107842452	LOC107842452	XM_047396918.1	protein_coding	0	0	0	99	0	0	0	0	1	0	0	0	0	97	0	0	0	0	0	0	0	0	0	0	0	1	0	0	0
LOC107842454	LOC107842454	XM_016686301.2	protein_coding	0	0	0	23	0	0	0	0	15	0	0	0	0	0	0	0	0	0	0	0	0	0	0	0	0	8	0	0	0
LOC107842454	LOC107842454	XM_016686302.2	protein_coding	0	0	0	32	0	0	0	0	0	0	0	0	0	24	0	0	0	0	0	0	0	0	0	0	0	8	0	0	0
LOC107842454	LOC107842454	XM_016686303.2	protein_coding	0	0	0	21	0	0	0	0	13	0	0	0	0	0	0	0	0	0	0	0	0	0	0	0	0	8	0	0	0
LOC107842456	LOC107842456	XM_016686304.2	protein_coding	0	0	0	19	0	0	0	0	2	0	0	0	0	16	0	0	0	0	0	0	0	0	0	0	0	1	0	0	0
LOC107842456	LOC107842456	XM_016686305.2	protein_coding	0	0	0	19	0	0	0	0	2	0	0	0	0	16	0	0	0	0	0	0	0	0	0	0	0	1	0	0	0
LOC107842456	LOC107842456	XM_047396919.1	protein_coding	0	0	0	19	0	0	0	0	2	0	0	0	0	16	0	0	0	0	0	0	0	0	0	0	0	1	0	0	0
LOC107842457	LOC107842457	XM_016686306.2	protein_coding	0	0	0	56	0	0	0	0	10	0	0	0	0	0	0	0	0	0	0	0	0	0	0	0	0	46	0	0	0
LOC107842457	LOC107842457	XM_047396920.1	protein_coding	0	0	0	56	0	0	0	0	10	0	0	0	0	0	0	0	0	0	0	0	0	0	0	0	0	46	0	0	0
LOC107842458	LOC107842458	XM_016686308.2	protein_coding	0	0	0	14	0	0	0	0	10	0	0	0	0	0	0	0	0	0	0	0	0	0	0	0	0	3	1	0	0
LOC107842458	LOC107842458	XM_047396921.1	protein_coding	0	0	0	14	0	0	0	0	10	0	0	0	0	0	0	0	0	0	0	0	0	0	0	0	0	3	1	0	0
LOC107842459	LOC107842459	XM_016686309.2	protein_coding	0	0	0	48	0	0	0	0	1	0	0	0	0	1	0	0	0	0	0	0	0	0	0	0	0	45	1	0	0
LOC107842460	LOC107842460	XM_016686310.2	protein_coding	0	0	0	21	0	0	0	0	2	0	0	0	0	15	0	0	0	0	0	0	0	0	0	0	0	4	0	0	0
LOC107842460	LOC107842460	XM_016686311.2	protein_coding	0	0	0	21	0	0	0	0	2	0	0	0	0	15	0	0	0	0	0	0	0	0	0	0	0	4	0	0	0
LOC107842460	LOC107842460	XM_016686312.2	protein_coding	0	0	0	28	0	0	0	0	7	0	0	0	0	17	0	0	0	0	0	0	0	0	0	0	0	4	0	0	0
LOC107842460	LOC107842460	XM_047396966.1	protein_coding	0	0	0	28	0	0	0	0	7	0	0	0	0	17	0	0	0	0	0	0	0	0	0	0	0	4	0	0	0
LOC107842461	LOC107842461	XM_016686313.2	protein_coding	0	0	0	3	0	0	0	0	2	0	0	0	0	0	0	0	0	0	0	0	0	0	0	0	0	1	0	0	0
LOC107842461	LOC107842461	XM_016686314.2	protein_coding	0	0	0	3	0	0	0	0	2	0	0	0	0	0	0	0	0	0	0	0	0	0	0	0	0	1	0	0	0
LOC107842461	LOC107842461	XM_016686315.2	protein_coding	0	0	0	3	0	0	0	0	2	0	0	0	0	0	0	0	0	0	0	0	0	0	0	0	0	1	0	0	0
LOC107842462	LOC107842462	XM_047396923.1	protein_coding	0	0	0	2	0	0	0	0	1	0	0	0	0	0	0	0	0	0	0	0	0	0	0	0	0	1	0	0	0
LOC107842462	LOC107842462	XM_047396924.1	protein_coding	0	0	0	2	0	0	0	0	1	0	0	0	0	0	0	0	0	0	0	0	0	0	0	0	0	1	0	0	0
LOC107842462	LOC107842462	XR_001665802.2		0	0	0	2	0	0	0	0	1	0	0	0	0	0	0	0	0	0	0	0	0	0	0	0	0	1	0	0	0
LOC107842462	LOC107842462	XR_007044945.1		0	0	0	2	0	0	0	0	1	0	0	0	0	0	0	0	0	0	0	0	0	0	0	0	0	1	0	0	0
LOC107842462	LOC107842462	XR_007044946.1		0	0	0	2	0	0	0	0	1	0	0	0	0	0	0	0	0	0	0	0	0	0	0	0	0	1	0	0	0
LOC107842463	LOC107842463	XM_016686317.2	protein_coding	0	0	1	107	0	1	0	0	39	0	0	0	0	8	0	0	0	0	0	0	0	0	0	0	0	59	0	0	1
LOC107842464	LOC107842464	XM_016686318.2	protein_coding	0	0	0	358	0	0	0	0	35	0	0	0	0	256	0	0	0	0	0	0	0	0	0	0	0	61	2	0	4
LOC107842464	LOC107842464	XM_016686319.2	protein_coding	0	0	0	358	0	0	0	0	35	0	0	0	0	256	0	0	0	0	0	0	0	0	0	0	0	61	2	0	4
LOC107842465	LOC107842465	XM_016686320.2	protein_coding	0	0	1	9	0	0	0	0	0	0	0	0	0	2	1	0	0	0	0	0	0	0	0	0	0	7	0	0	0
LOC107842466	LOC107842466	XM_016686322.2	protein_coding	0	0	0	35	0	0	0	0	14	0	0	0	0	19	0	0	0	0	0	0	0	0	0	0	0	2	0	0	0
LOC107842466	LOC107842466	XM_016686323.2	protein_coding	0	0	0	35	0	0	0	0	14	0	0	0	0	19	0	0	0	0	0	0	0	0	0	0	0	2	0	0	0
LOC107842466	LOC107842466	XM_016686325.2	protein_coding	0	0	0	35	0	0	0	0	14	0	0	0	0	19	0	0	0	0	0	0	0	0	0	0	0	2	0	0	0
LOC107842469	LOC107842469	XM_047396964.1	protein_coding	0	0	0	34	0	0	0	0	26	0	0	0	0	5	0	0	0	0	0	0	0	0	0	0	0	3	0	0	0
LOC107842470	LOC107842470	XM_016686328.2	protein_coding	0	0	0	139	0	0	0	0	5	0	0	0	0	118	0	0	0	0	0	0	0	0	0	0	0	15	0	0	1
LOC107842470	LOC107842470	XM_016686329.2	protein_coding	0	0	0	139	0	0	0	0	5	0	0	0	0	118	0	0	0	0	0	0	0	0	0	0	0	15	0	0	1
LOC107842470	LOC107842470	XM_016686330.2	protein_coding	0	0	0	139	0	0	0	0	5	0	0	0	0	118	0	0	0	0	0	0	0	0	0	0	0	16	0	0	0
LOC107842470	LOC107842470	XM_016686331.2	protein_coding	0	0	0	122	0	0	0	0	5	0	0	0	0	49	0	0	0	0	0	0	0	0	0	0	0	68	0	0	0
LOC107842470	LOC107842470	XM_047396962.1	protein_coding	0	0	0	139	0	0	0	0	5	0	0	0	0	118	0	0	0	0	0	0	0	0	0	0	0	15	0	0	1
LOC107842471	LOC107842471	XM_016686333.2	protein_coding	0	0	0	1	0	0	0	0	0	0	0	0	0	0	0	0	0	0	0	0	0	0	0	0	0	1	0	0	0
LOC107842472	LOC107842472	XM_016686334.2	protein_coding	0	0	0	37	0	0	0	0	26	0	0	0	0	11	0	0	0	0	0	0	0	0	0	0	0	0	0	0	0
LOC107842472	LOC107842472	XM_047396961.1	protein_coding	0	0	0	27	0	0	0	0	16	0	0	0	0	11	0	0	0	0	0	0	0	0	0	0	0	0	0	0	0
LOC107842473	LOC107842473	XM_016686335.2	protein_coding	0	0	0	96	0	0	0	0	2	0	0	0	0	93	0	0	0	0	0	0	0	0	0	0	0	1	0	0	0
LOC107842473	LOC107842473	XM_016686336.2	protein_coding	0	0	0	96	0	0	0	0	2	0	0	0	0	93	0	0	0	0	0	0	0	0	0	0	0	1	0	0	0
LOC107842474	LOC107842474	XM_016686339.2	protein_coding	0	1	3	91	0	0	0	0	33	0	0	0	0	4	3	0	0	0	0	0	0	0	1	0	0	47	5	0	2
LOC107842474	LOC107842474	XM_016686340.2	protein_coding	0	1	3	93	0	0	0	0	33	0	0	0	0	6	3	0	0	0	0	0	0	0	1	0	0	49	5	0	0
LOC107842474	LOC107842474	XM_016686341.2	protein_coding	0	1	3	91	0	0	0	0	33	0	0	0	0	4	3	0	0	0	0	0	0	0	1	0	0	47	5	0	2
LOC107842474	LOC107842474	XM_016686342.2	protein_coding	0	1	3	91	0	0	0	0	33	0	0	0	0	4	3	0	0	0	0	0	0	0	1	0	0	47	5	0	2
LOC107842476	LOC107842476	XM_016686343.2	protein_coding	0	1	0	132	0	0	0	0	53	0	0	0	0	30	0	0	0	0	0	0	0	0	1	0	0	43	0	0	6
LOC107842477	LOC107842477	XM_016686345.2	protein_coding	0	1	4	187	0	0	0	0	24	0	0	0	0	32	4	0	0	0	0	0	0	0	1	0	0	125	1	0	5
LOC107842477	LOC107842477	XM_016686346.2	protein_coding	0	2	4	187	0	0	0	0	24	0	0	0	0	29	4	0	0	0	1	0	0	0	1	0	0	125	1	0	8
LOC107842477	LOC107842477	XM_016686347.2	protein_coding	0	2	4	187	0	0	0	0	24	0	0	0	0	30	4	0	0	0	1	0	0	0	1	0	0	125	1	0	7
LOC107842477	LOC107842477	XM_016686348.2	protein_coding	0	1	4	187	0	0	0	0	24	0	0	0	0	32	4	0	0	0	0	0	0	0	1	0	0	125	1	0	5
LOC107842477	LOC107842477	XM_047397072.1	protein_coding	0	2	4	187	0	0	0	0	24	0	0	0	0	29	4	0	0	0	1	0	0	0	1	0	0	125	1	0	8
LOC107842478	LOC107842478	XM_016686349.2	protein_coding	0	0	0	48	0	0	0	0	2	0	0	0	0	0	0	0	0	0	0	0	0	0	0	0	0	46	0	0	0
LOC107842478	LOC107842478	XM_016686350.2	protein_coding	0	0	0	48	0	0	0	0	2	0	0	0	0	0	0	0	0	0	0	0	0	0	0	0	0	46	0	0	0
LOC107842478	LOC107842478	XR_007044897.1		0	0	0	48	0	0	0	0	2	0	0	0	0	0	0	0	0	0	0	0	0	0	0	0	0	46	0	0	0
LOC107842479	LOC107842479	XM_016686351.2	protein_coding	0	0	0	10	0	0	0	0	4	0	0	0	0	3	0	0	0	0	0	0	0	0	0	0	0	3	0	0	0
LOC107842482	LOC107842482	XM_016686354.2	protein_coding	0	0	2	86	0	0	0	0	24	0	0	0	0	10	2	0	0	0	0	0	0	0	0	0	0	49	1	0	2
LOC107842484	LOC107842484	XM_016686356.2	protein_coding	0	0	0	112	0	0	0	0	1	0	0	0	0	110	0	0	0	0	0	0	0	0	0	0	0	0	0	0	1
LOC107842484	LOC107842484	XM_016686357.2	protein_coding	0	0	0	112	0	0	0	0	1	0	0	0	0	109	0	0	0	0	0	0	0	0	0	0	0	2	0	0	0
LOC107842484	LOC107842484	XM_047397064.1	protein_coding	0	0	0	112	0	0	0	0	1	0	0	0	0	110	0	0	0	0	0	0	0	0	0	0	0	1	0	0	0
LOC107842484	LOC107842484	XM_047397065.1	protein_coding	0	0	0	112	0	0	0	0	1	0	0	0	0	110	0	0	0	0	0	0	0	0	0	0	0	1	0	0	0
LOC107842484	LOC107842484	XM_047397066.1	protein_coding	0	0	0	112	0	0	0	0	1	0	0	0	0	110	0	0	0	0	0	0	0	0	0	0	0	1	0	0	0
LOC107842484	LOC107842484	XM_047397067.1	protein_coding	0	0	0	112	0	0	0	0	1	0	0	0	0	110	0	0	0	0	0	0	0	0	0	0	0	1	0	0	0
LOC107842484	LOC107842484	XM_047397068.1	protein_coding	0	0	0	112	0	0	0	0	1	0	0	0	0	110	0	0	0	0	0	0	0	0	0	0	0	1	0	0	0
LOC107842484	LOC107842484	XR_007045122.1		0	0	0	112	0	0	0	0	1	0	0	0	0	110	0	0	0	0	0	0	0	0	0	0	0	1	0	0	0
LOC107842485	LOC107842485	XM_016686360.2	protein_coding	0	0	0	2	0	0	0	0	1	0	0	0	0	0	0	0	0	0	0	0	0	0	0	0	0	1	0	0	0
LOC107842485	LOC107842485	XM_016686361.2	protein_coding	0	0	0	2	0	0	0	0	1	0	0	0	0	0	0	0	0	0	0	0	0	0	0	0	0	1	0	0	0
LOC107842485	LOC107842485	XM_016686362.2	protein_coding	0	0	0	2	0	0	0	0	1	0	0	0	0	0	0	0	0	0	0	0	0	0	0	0	0	1	0	0	0
LOC107842485	LOC107842485	XM_016686363.2	protein_coding	0	0	0	2	0	0	0	0	1	0	0	0	0	0	0	0	0	0	0	0	0	0	0	0	0	1	0	0	0
LOC107842486	LOC107842486	XM_047397070.1	protein_coding	2	3	16	260	0	0	0	0	91	0	0	0	0	165	16	0	0	2	0	0	0	0	3	0	0	2	4	0	0
LOC107842487	LOC107842487	XM_016686366.2	protein_coding	0	0	0	48	0	0	0	0	23	0	0	0	0	0	0	0	0	0	0	0	0	0	0	0	0	24	0	0	1
LOC107842488	LOC107842488	XM_016686367.2	protein_coding	0	0	0	1	0	0	0	0	0	0	0	0	0	0	0	0	0	0	0	0	0	0	0	0	0	1	0	0	0
LOC107842488	LOC107842488	XM_016686368.2	protein_coding	0	0	0	1	0	0	0	0	0	0	0	0	0	0	0	0	0	0	0	0	0	0	0	0	0	1	0	0	0
LOC107842488	LOC107842488	XM_016686369.2	protein_coding	0	0	0	1	0	0	0	0	0	0	0	0	0	0	0	0	0	0	0	0	0	0	0	0	0	1	0	0	0
LOC107842488	LOC107842488	XM_047396974.1	protein_coding	0	0	0	1	0	0	0	0	0	0	0	0	0	0	0	0	0	0	0	0	0	0	0	0	0	1	0	0	0
LOC107842490	LOC107842490	XM_016686370.1	protein_coding	0	0	0	4	0	0	0	0	3	0	0	0	0	0	0	0	0	0	0	0	0	0	0	0	0	1	0	0	0
LOC107842493	LOC107842493	XR_001665803.2		0	0	0	2	0	0	0	0	1	0	0	0	0	0	0	0	0	0	0	0	0	0	0	0	0	1	0	0	0
LOC107842493	LOC107842493	XR_001665804.2		0	0	0	43	0	0	0	0	3	0	0	0	0	39	0	0	0	0	0	0	0	0	0	0	0	1	0	0	0
LOC107842494	LOC107842494	XM_016686371.2	protein_coding	0	0	0	97	0	0	0	0	0	0	0	0	0	97	0	0	0	0	0	0	0	0	0	0	0	0	0	0	0
LOC107842494	LOC107842494	XM_016686373.2	protein_coding	0	0	0	97	0	0	0	0	0	0	0	0	0	97	0	0	0	0	0	0	0	0	0	0	0	0	0	0	0
LOC107842494	LOC107842494	XM_047397030.1	protein_coding	0	0	0	97	0	0	0	0	0	0	0	0	0	97	0	0	0	0	0	0	0	0	0	0	0	0	0	0	0
LOC107842494	LOC107842494	XM_047397031.1	protein_coding	0	0	0	97	0	0	0	0	0	0	0	0	0	97	0	0	0	0	0	0	0	0	0	0	0	0	0	0	0
LOC107842495	LOC107842495	XR_001665805.2		0	0	0	80	0	0	0	0	1	2	0	0	0	22	0	0	0	0	0	0	0	0	0	0	0	55	0	0	0
LOC107842496	LOC107842496	XR_001665812.2		0	0	0	2	0	0	0	0	1	1	0	0	0	0	0	0	0	0	0	0	0	0	0	0	0	0	0	0	0
LOC107842496	LOC107842496	XR_001665814.2		0	0	0	2	0	0	0	0	1	1	0	0	0	0	0	0	0	0	0	0	0	0	0	0	0	0	0	0	0
LOC107842496	LOC107842496	XR_001665819.2		0	0	0	2	0	0	0	0	1	1	0	0	0	0	0	0	0	0	0	0	0	0	0	0	0	0	0	0	0
LOC107842496	LOC107842496	XR_007045059.1		0	0	0	2	0	0	0	0	1	1	0	0	0	0	0	0	0	0	0	0	0	0	0	0	0	0	0	0	0
LOC107842496	LOC107842496	XR_007045060.1		0	0	0	2	0	0	0	0	1	1	0	0	0	0	0	0	0	0	0	0	0	0	0	0	0	0	0	0	0
LOC107842496	LOC107842496	XR_007045061.1		0	0	0	2	0	0	0	0	1	1	0	0	0	0	0	0	0	0	0	0	0	0	0	0	0	0	0	0	0
LOC107842496	LOC107842496	XR_007045062.1		0	0	0	2	0	0	0	0	1	1	0	0	0	0	0	0	0	0	0	0	0	0	0	0	0	0	0	0	0
LOC107842496	LOC107842496	XR_007045063.1		0	0	0	2	0	0	0	0	1	1	0	0	0	0	0	0	0	0	0	0	0	0	0	0	0	0	0	0	0
LOC107842496	LOC107842496	XR_007045064.1		0	0	0	2	0	0	0	0	1	1	0	0	0	0	0	0	0	0	0	0	0	0	0	0	0	0	0	0	0
LOC107842496	LOC107842496	XR_007045065.1		0	0	0	2	0	0	0	0	1	1	0	0	0	0	0	0	0	0	0	0	0	0	0	0	0	0	0	0	0
LOC107842496	LOC107842496	XR_007045066.1		0	0	0	2	0	0	0	0	1	1	0	0	0	0	0	0	0	0	0	0	0	0	0	0	0	0	0	0	0
LOC107842496	LOC107842496	XR_007045067.1		0	0	0	2	0	0	0	0	1	1	0	0	0	0	0	0	0	0	0	0	0	0	0	0	0	0	0	0	0
LOC107842496	LOC107842496	XR_007045068.1		0	0	0	2	0	0	0	0	1	1	0	0	0	0	0	0	0	0	0	0	0	0	0	0	0	0	0	0	0
LOC107842496	LOC107842496	XR_007045069.1		0	0	0	2	0	0	0	0	1	1	0	0	0	0	0	0	0	0	0	0	0	0	0	0	0	0	0	0	0
LOC107842496	LOC107842496	XR_007045070.1		0	0	0	2	0	0	0	0	1	1	0	0	0	0	0	0	0	0	0	0	0	0	0	0	0	0	0	0	0
LOC107842496	LOC107842496	XR_007045071.1		0	0	0	2	0	0	0	0	1	1	0	0	0	0	0	0	0	0	0	0	0	0	0	0	0	0	0	0	0
LOC107842496	LOC107842496	XR_007045072.1		0	0	0	2	0	0	0	0	1	1	0	0	0	0	0	0	0	0	0	0	0	0	0	0	0	0	0	0	0
LOC107842497	LOC107842497	XM_016686375.2	protein_coding	0	0	0	16	0	0	0	0	3	0	0	0	0	10	0	0	0	0	0	0	0	0	0	0	0	3	0	0	0
LOC107842497	LOC107842497	XM_016686376.2	protein_coding	0	0	0	16	0	0	0	0	3	0	0	0	0	10	0	0	0	0	0	0	0	0	0	0	0	3	0	0	0
LOC107842500	LOC107842500	XM_016686379.2	protein_coding	0	0	0	7	0	0	0	0	4	0	0	0	0	0	0	0	0	0	0	0	0	0	0	0	0	3	0	0	0
LOC107842500	LOC107842500	XM_016686380.2	protein_coding	0	0	0	7	0	0	0	0	4	0	0	0	0	0	0	0	0	0	0	0	0	0	0	0	0	3	0	0	0
LOC107842501	LOC107842501	XM_016686384.2	protein_coding	0	0	0	98	0	0	0	0	5	0	0	0	0	23	0	0	0	0	0	0	0	0	0	0	0	70	0	0	0
LOC107842501	LOC107842501	XM_047397037.1	protein_coding	0	0	0	98	0	0	0	0	5	0	0	0	0	23	0	0	0	0	0	0	0	0	0	0	0	70	0	0	0
LOC107842501	LOC107842501	XM_047397038.1	protein_coding	0	0	0	98	0	0	0	0	5	0	0	0	0	23	0	0	0	0	0	0	0	0	0	0	0	70	0	0	0
LOC107842501	LOC107842501	XM_047397039.1	protein_coding	0	0	0	98	0	0	0	0	5	0	0	0	0	23	0	0	0	0	0	0	0	0	0	0	0	70	0	0	0
LOC107842501	LOC107842501	XM_047397040.1	protein_coding	0	0	0	98	0	0	0	0	5	0	0	0	0	23	0	0	0	0	0	0	0	0	0	0	0	70	0	0	0
LOC107842501	LOC107842501	XM_047397041.1	protein_coding	0	0	0	98	0	0	0	0	5	0	0	0	0	23	0	0	0	0	0	0	0	0	0	0	0	70	0	0	0
LOC107842502	LOC107842502	XR_007045073.1		0	0	0	8	0	0	0	0	6	0	0	0	0	0	0	0	0	0	0	0	0	0	0	0	0	2	0	0	0
LOC107842502	LOC107842502	XR_007045074.1		0	0	0	8	0	0	0	0	6	0	0	0	0	0	0	0	0	0	0	0	0	0	0	0	0	2	0	0	0
LOC107842502	LOC107842502	XR_007045075.1		0	0	0	8	0	0	0	0	6	0	0	0	0	0	0	0	0	0	0	0	0	0	0	0	0	2	0	0	0
LOC107842502	LOC107842502	XR_007045076.1		0	0	0	8	0	0	0	0	6	0	0	0	0	0	0	0	0	0	0	0	0	0	0	0	0	2	0	0	0
LOC107842502	LOC107842502	XR_007045077.1		0	0	0	8	0	0	0	0	6	0	0	0	0	0	0	0	0	0	0	0	0	0	0	0	0	2	0	0	0
LOC107842502	LOC107842502	XR_007045078.1		0	0	0	8	0	0	0	0	6	0	0	0	0	0	0	0	0	0	0	0	0	0	0	0	0	2	0	0	0
LOC107842502	LOC107842502	XR_007045079.1		0	0	0	8	0	0	0	0	6	0	0	0	0	0	0	0	0	0	0	0	0	0	0	0	0	2	0	0	0
LOC107842502	LOC107842502	XR_007045080.1		0	0	0	8	0	0	0	0	6	0	0	0	0	0	0	0	0	0	0	0	0	0	0	0	0	2	0	0	0
LOC107842502	LOC107842502	XR_007045081.1		0	0	0	8	0	0	0	0	6	0	0	0	0	0	0	0	0	0	0	0	0	0	0	0	0	2	0	0	0
LOC107842502	LOC107842502	XR_007045082.1		0	0	0	8	0	0	0	0	6	0	0	0	0	0	0	0	0	0	0	0	0	0	0	0	0	2	0	0	0
LOC107842503	LOC107842503	XM_016686386.2	protein_coding	0	0	0	33	0	0	0	0	8	0	0	0	0	22	0	0	0	0	0	0	0	0	0	0	0	1	0	0	2
LOC107842504	LOC107842504	XM_016686388.2	protein_coding	0	0	1	69	0	0	0	0	4	0	0	0	0	57	1	0	0	0	0	0	0	0	0	0	0	7	1	0	0
LOC107842504	LOC107842504	XM_016686389.2	protein_coding	0	0	1	69	0	0	0	0	4	0	0	0	0	57	1	0	0	0	0	0	0	0	0	0	0	7	1	0	0
LOC107842505	LOC107842505	XM_016686391.2	protein_coding	0	1	8	60	0	0	0	0	49	0	0	0	0	9	8	0	0	0	0	0	0	0	1	0	0	2	0	0	0
LOC107842505	LOC107842505	XM_016686392.2	protein_coding	0	1	8	60	0	0	0	0	49	0	0	0	0	9	8	0	0	0	0	0	0	0	1	0	0	2	0	0	0
LOC107842506	LOC107842506	XM_016686393.2	protein_coding	0	0	0	30	0	0	0	0	4	0	0	0	0	24	0	0	0	0	0	0	0	0	0	0	0	2	0	0	0
LOC107842506	LOC107842506	XM_047397044.1	protein_coding	0	0	0	30	0	0	0	0	4	0	0	0	0	24	0	0	0	0	0	0	0	0	0	0	0	2	0	0	0
LOC107842506	LOC107842506	XM_047397046.1	protein_coding	0	0	0	29	0	0	0	0	4	0	0	0	0	23	0	0	0	0	0	0	0	0	0	0	0	2	0	0	0
LOC107842507	LOC107842507	XM_016686395.2	protein_coding	0	1	1	62	0	0	0	0	39	0	0	0	0	3	1	0	0	0	0	0	0	0	1	0	0	12	2	0	6
LOC107842507	LOC107842507	XM_016686396.2	protein_coding	0	1	1	61	0	0	0	0	39	0	0	0	0	3	1	0	0	0	0	0	0	0	1	0	0	13	2	0	4
LOC107842507	LOC107842507	XM_016686397.2	protein_coding	0	1	1	61	0	0	0	0	39	0	0	0	0	2	1	0	0	0	0	0	0	0	1	0	0	13	3	0	4
LOC107842507	LOC107842507	XM_016686398.2	protein_coding	0	1	1	61	0	0	0	0	39	0	0	0	0	4	1	0	0	0	0	0	0	0	1	0	0	13	1	0	4
LOC107842507	LOC107842507	XM_016686399.2	protein_coding	0	1	1	61	0	0	0	0	39	0	0	0	0	4	1	0	0	0	0	0	0	0	1	0	0	13	1	0	4
LOC107842509	LOC107842509	XM_016686400.2	protein_coding	0	2	0	103	0	0	0	0	77	0	0	0	0	8	0	0	0	0	1	0	0	0	1	0	0	17	0	0	1
LOC107842510	LOC107842510	XM_016686401.2	protein_coding	0	2	2	476	0	0	0	0	61	0	0	0	0	346	2	0	0	0	0	0	0	0	2	0	0	63	5	0	1
LOC107842510	LOC107842510	XM_016686402.2	protein_coding	0	2	2	476	0	0	0	0	61	0	0	0	0	346	2	0	0	0	0	0	0	0	2	0	0	64	5	0	0
LOC107842510	LOC107842510	XM_016686403.2	protein_coding	0	2	2	483	0	0	0	0	61	0	0	0	0	347	2	0	0	0	0	0	0	0	2	0	0	70	5	0	0
LOC107842510	LOC107842510	XM_016686405.2	protein_coding	0	2	2	483	0	0	0	0	61	0	0	0	0	347	2	0	0	0	0	0	0	0	2	0	0	70	5	0	0
LOC107842510	LOC107842510	XM_047397047.1	protein_coding	0	2	2	483	0	0	0	0	61	0	0	0	0	347	2	0	0	0	0	0	0	0	2	0	0	70	5	0	0
LOC107842510	LOC107842510	XR_001665830.2		0	0	0	473	0	0	0	0	60	6	0	0	0	344	0	0	0	0	0	0	0	0	0	0	0	63	0	0	0
LOC107842510	LOC107842510	XR_001665831.2		0	0	0	473	0	0	0	0	60	6	0	0	0	344	0	0	0	0	0	0	0	0	0	0	0	63	0	0	0
LOC107842511	LOC107842511	XM_016686406.2	protein_coding	0	1	0	185	0	0	0	0	39	0	0	0	0	64	0	0	0	0	0	0	0	0	1	0	0	79	0	0	3
LOC107842511	LOC107842511	XM_016686407.2	protein_coding	0	1	0	184	0	0	0	0	39	0	0	0	0	64	0	0	0	0	0	0	0	0	1	0	0	80	0	0	1
LOC107842512	LOC107842512	XR_007045117.1		0	0	0	190	0	0	0	0	16	5	0	0	0	132	0	0	0	0	0	0	0	0	0	0	0	37	0	0	0
LOC107842512	LOC107842512	XR_007045118.1		0	0	0	190	0	0	0	0	16	5	0	0	0	132	0	0	0	0	0	0	0	0	0	0	0	37	0	0	0
LOC107842513	LOC107842513	XM_016686408.2	protein_coding	0	0	0	106	0	0	0	0	16	0	0	0	0	6	0	0	0	0	0	0	0	0	0	0	0	84	0	0	0
LOC107842513	LOC107842513	XM_016686409.2	protein_coding	0	0	0	106	0	0	0	0	16	0	0	0	0	6	0	0	0	0	0	0	0	0	0	0	0	84	0	0	0
LOC107842513	LOC107842513	XM_016686410.2	protein_coding	0	0	0	106	0	0	0	0	16	0	0	0	0	6	0	0	0	0	0	0	0	0	0	0	0	84	0	0	0
LOC107842514	LOC107842514	XM_016686412.2	protein_coding	0	0	0	11	0	0	0	0	2	0	0	0	0	5	0	0	0	0	0	0	0	0	0	0	0	4	0	0	0
LOC107842514	LOC107842514	XM_016686413.2	protein_coding	0	0	0	11	0	0	0	0	2	0	0	0	0	5	0	0	0	0	0	0	0	0	0	0	0	4	0	0	0
LOC107842514	LOC107842514	XR_007045116.1		0	0	0	11	0	0	0	0	2	0	0	0	0	5	0	0	0	0	0	0	0	0	0	0	0	4	0	0	0
LOC107842516	LOC107842516	XM_016686414.2	protein_coding	0	0	0	183	0	0	0	0	170	0	0	0	0	0	0	0	0	0	0	0	0	0	0	0	0	13	0	0	0
LOC107842517	LOC107842517	XM_016686415.2	protein_coding	0	0	0	11	0	0	0	0	7	0	0	0	0	0	0	0	0	0	0	0	0	0	0	0	0	4	0	0	0
LOC107842518	LOC107842518	XM_016686416.2	protein_coding	0	0	0	31	0	0	0	0	0	0	0	0	0	30	0	0	0	0	0	0	0	0	0	0	0	0	0	0	1
LOC107842518	LOC107842518	XM_016686417.2	protein_coding	0	0	0	31	0	0	0	0	0	0	0	0	0	30	0	0	0	0	0	0	0	0	0	0	0	0	0	0	1
LOC107842519	LOC107842519	XR_001665832.2		0	0	0	4	0	0	0	0	0	2	0	0	0	0	0	0	0	0	0	0	0	0	0	0	0	2	0	0	0
LOC107842519	LOC107842519	XR_007044966.1		0	0	0	4	0	0	0	0	0	1	0	0	0	1	0	0	0	0	0	0	0	0	0	0	0	2	0	0	0
LOC107842521	LOC107842521	XM_016686418.2	protein_coding	0	0	0	26	0	0	0	0	2	0	0	0	0	1	0	0	0	0	0	0	0	0	0	0	0	23	0	0	0
LOC107842521	LOC107842521	XM_016686419.2	protein_coding	0	0	0	26	0	0	0	0	2	0	0	0	0	1	0	0	0	0	0	0	0	0	0	0	0	23	0	0	0
LOC107842522	LOC107842522	XM_016686420.2	protein_coding	0	0	0	5	0	0	0	0	0	0	0	0	0	0	0	0	0	0	0	0	0	0	0	0	0	5	0	0	0
LOC107842523	LOC107842523	XM_016686421.2	protein_coding	0	0	0	4	0	0	0	0	1	0	0	0	0	0	0	0	0	0	0	0	0	0	0	0	0	3	0	0	0
LOC107842524	LOC107842524	XM_016686423.2	protein_coding	0	1	0	2	0	0	0	0	2	0	0	0	0	0	0	0	0	0	0	0	0	0	1	0	0	0	0	0	0
LOC107842526	LOC107842526	XR_007044843.1		0	0	0	136	0	0	0	0	29	19	0	0	0	2	0	0	0	0	0	0	0	0	0	0	0	86	0	0	0
LOC107842528	LOC107842528	XM_016686424.2	protein_coding	0	3	2	253	0	0	0	0	87	0	0	0	0	22	2	0	0	0	0	0	0	0	3	0	0	134	6	0	4
LOC107842528	LOC107842528	XM_047396817.1	protein_coding	0	3	3	245	0	0	0	0	87	0	0	0	0	21	3	0	0	0	0	0	0	0	3	0	0	128	6	0	3
LOC107842529	LOC107842529	XM_016686425.2	protein_coding	0	0	0	331	0	0	0	0	94	0	0	0	0	196	0	0	0	0	0	0	0	0	0	0	0	34	7	0	0
LOC107842531	LOC107842531	XM_016686428.2	protein_coding	0	3	0	276	0	0	0	0	87	0	0	0	0	16	0	0	0	0	1	0	0	0	2	0	0	168	3	0	2
LOC107842532	LOC107842532	XM_047396829.1	protein_coding	0	4	4	135	0	0	0	0	18	0	0	0	0	75	4	0	0	0	0	0	0	0	4	0	0	40	2	0	0
LOC107842532	LOC107842532	XM_047396830.1	protein_coding	0	4	4	135	0	0	0	0	20	0	0	0	0	75	4	0	0	0	0	0	0	0	4	0	0	40	0	0	0
LOC107842532	LOC107842532	XM_047396831.1	protein_coding	0	3	3	137	0	0	0	0	18	0	0	0	0	75	3	0	0	0	0	0	0	0	3	0	0	40	2	0	2
LOC107842532	LOC107842532	XR_007044857.1		0	0	0	143	0	0	0	0	20	9	0	0	0	74	0	0	0	0	0	0	0	0	0	0	0	40	0	0	0
LOC107842532	LOC107842532	XR_007044858.1		0	0	0	143	0	0	0	0	20	9	0	0	0	74	0	0	0	0	0	0	0	0	0	0	0	40	0	0	0
LOC107842532	LOC107842532	XR_007044859.1		0	0	0	143	0	0	0	0	20	9	0	0	0	74	0	0	0	0	0	0	0	0	0	0	0	40	0	0	0
LOC107842532	LOC107842532	XR_007044860.1		0	0	0	143	0	0	0	0	20	9	0	0	0	74	0	0	0	0	0	0	0	0	0	0	0	40	0	0	0
LOC107842532	LOC107842532	XR_007044861.1		0	0	0	143	0	0	0	0	20	9	0	0	0	74	0	0	0	0	0	0	0	0	0	0	0	40	0	0	0
LOC107842533	LOC107842533	XM_016686432.2	protein_coding	0	22	29	259	0	0	0	0	39	0	0	0	0	81	29	0	0	0	0	0	0	0	22	0	0	138	0	0	1
LOC107842533	LOC107842533	XM_016686433.2	protein_coding	0	22	29	256	0	0	0	0	39	0	0	0	0	79	29	0	0	0	0	0	0	0	22	0	0	136	0	0	2
LOC107842533	LOC107842533	XM_016686434.2	protein_coding	0	22	29	259	0	0	0	0	39	0	0	0	0	81	29	0	0	0	0	0	0	0	22	0	0	138	0	0	1
LOC107842533	LOC107842533	XM_016686435.2	protein_coding	0	22	29	231	0	0	0	0	39	0	0	0	0	53	29	0	0	0	0	0	0	0	22	0	0	130	0	0	9
LOC107842533	LOC107842533	XM_016686436.2	protein_coding	0	22	29	259	0	0	0	0	39	0	0	0	0	81	29	0	0	0	0	0	0	0	22	0	0	138	0	0	1
LOC107842533	LOC107842533	XM_047396833.1	protein_coding	0	22	29	256	0	0	0	0	39	0	0	0	0	79	29	0	0	0	0	0	0	0	22	0	0	136	0	0	2
LOC107842533	LOC107842533	XM_047396834.1	protein_coding	0	22	29	260	0	0	0	0	39	0	0	0	0	81	29	0	0	0	0	0	0	0	22	0	0	137	0	0	3
LOC107842534	LOC107842534	XM_016686437.2	protein_coding	0	2	4	125	0	0	0	0	70	0	0	0	0	34	4	0	0	0	1	0	0	0	1	0	0	16	1	0	4
LOC107842534	LOC107842534	XM_016686438.2	protein_coding	0	2	4	133	0	0	0	0	71	0	0	0	0	34	4	0	0	0	1	0	0	0	1	0	0	16	8	0	4
LOC107842534	LOC107842534	XM_016686439.2	protein_coding	0	2	4	125	0	0	0	0	70	0	0	0	0	34	4	0	0	0	1	0	0	0	1	0	0	16	1	0	4
LOC107842534	LOC107842534	XM_047396813.1	protein_coding	0	1	4	125	0	0	0	0	70	0	0	0	0	32	4	0	0	0	0	0	0	0	1	0	0	21	1	0	1
LOC107842535	LOC107842535	XR_001665840.2		0	0	0	312	0	0	0	0	162	19	0	0	0	6	0	0	0	0	0	0	0	0	0	0	0	125	0	0	0
LOC107842536	LOC107842536	XM_016686441.2	protein_coding	0	5	8	241	0	0	0	0	164	0	0	0	0	41	8	0	0	0	0	0	0	0	5	0	0	16	5	0	15
LOC107842536	LOC107842536	XM_047396862.1	protein_coding	0	5	8	193	0	0	0	0	122	0	0	0	0	37	8	0	0	0	0	0	0	0	5	0	0	16	3	0	15
LOC107842539	LOC107842539	XM_047396812.1	protein_coding	0	1	1	171	0	0	0	0	40	0	0	0	0	8	1	0	0	0	1	0	0	0	0	0	0	119	1	0	3
LOC107842540	LOC107842540	XM_016686443.2	protein_coding	0	6	3	149	0	0	0	0	110	0	0	0	0	9	3	0	0	0	0	0	0	0	6	0	0	22	4	0	4
LOC107842542	LOC107842542	XM_047396826.1	protein_coding	1	0	3	518	0	0	0	0	133	0	0	0	0	307	3	0	0	0	0	0	0	1	0	0	0	74	2	0	2
LOC107842544	LOC107842544	XM_016686451.2	protein_coding	0	10	17	249	0	0	0	0	88	0	0	0	0	19	17	0	0	0	1	0	0	0	9	0	0	129	1	0	12
LOC107842544	LOC107842544	XM_016686453.2	protein_coding	0	10	17	249	0	0	0	0	88	0	0	0	0	19	17	0	0	0	1	0	0	0	9	0	0	129	1	0	12
LOC107842544	LOC107842544	XM_016686454.2	protein_coding	0	10	17	249	0	0	0	0	88	0	0	0	0	20	17	0	0	0	1	0	0	0	9	0	0	129	1	0	11
LOC107842544	LOC107842544	XM_016686455.2	protein_coding	0	8	16	252	0	0	0	0	88	0	0	0	0	22	16	0	0	0	1	0	0	0	7	0	0	129	1	0	12
LOC107842544	LOC107842544	XM_047396822.1	protein_coding	0	10	17	249	0	0	0	0	88	0	0	0	0	20	17	0	0	0	1	0	0	0	9	0	0	129	1	0	11
LOC107842544	LOC107842544	XM_047396824.1	protein_coding	0	8	16	252	0	0	0	0	88	0	0	0	0	22	16	0	0	0	1	0	0	0	7	0	0	129	1	0	12
LOC107842544	LOC107842544	XM_047396825.1	protein_coding	0	8	16	252	0	0	0	0	88	0	0	0	0	23	16	0	0	0	1	0	0	0	7	0	0	129	1	0	11
LOC107842545	LOC107842545	XM_047396847.1	protein_coding	2	3	5	161	0	0	0	0	71	0	1	0	0	5	5	0	0	0	0	0	1	1	3	0	0	83	2	0	0
LOC107842546	LOC107842546	XM_047396848.1	protein_coding	3	4	12	534	0	0	0	0	67	0	0	0	0	368	12	0	1	0	1	0	0	2	3	0	0	94	3	0	3
LOC107842547	LOC107842547	XM_016686458.2	protein_coding	0	7	6	309	0	0	0	0	149	0	0	0	0	58	6	0	0	0	0	0	0	0	7	0	0	90	6	0	6
LOC107842553	LOC107842553	XM_016686462.2	protein_coding	0	4	10	278	0	0	0	0	1	0	0	0	0	246	10	0	0	0	0	0	0	0	4	0	0	29	2	0	0
LOC107842554	LOC107842554	XM_016686463.2	protein_coding	0	1	7	133	0	0	0	0	109	0	0	0	0	1	7	0	0	0	0	0	0	0	1	0	0	21	0	0	2
LOC107842555	LOC107842555	XM_047396261.1	protein_coding	0	3	6	138	0	0	0	0	5	0	0	0	0	10	6	0	0	0	1	0	0	0	2	0	0	120	0	0	3
LOC107842557	LOC107842557	XR_001665874.2		0	0	0	230	0	0	0	0	64	42	0	0	0	4	0	0	0	0	0	0	0	0	0	0	0	120	0	0	0
LOC107842557	LOC107842557	XR_007044864.1		0	0	0	268	0	0	0	0	94	42	0	0	0	12	0	0	0	0	0	0	0	0	0	0	0	120	0	0	0
LOC107842557	LOC107842557	XR_007044865.1		0	0	0	268	0	0	0	0	94	42	0	0	0	12	0	0	0	0	0	0	0	0	0	0	0	120	0	0	0
LOC107842557	LOC107842557	XR_007044866.1		1	0	0	210	0	0	0	0	45	44	0	0	0	3	0	0	1	0	0	0	0	0	0	0	0	120	0	0	0
LOC107842558	LOC107842558	XM_016686467.2	protein_coding	0	2	2	318	0	0	0	0	76	0	0	0	0	102	2	0	0	0	0	0	0	0	2	0	0	139	0	0	1
LOC107842558	LOC107842558	XM_047396846.1	protein_coding	0	1	2	229	0	0	0	0	76	0	0	0	0	19	2	0	0	0	0	0	0	0	1	0	0	132	0	0	2
LOC107842560	LOC107842560	XR_001665877.2		0	0	0	66	0	0	0	0	50	0	0	0	0	5	0	0	0	0	0	0	0	0	0	0	0	11	0	0	0
LOC107842564	LOC107842564	XM_016686481.2	protein_coding	0	2	4	216	0	0	0	0	1	0	0	0	0	30	4	0	0	0	2	0	0	0	0	0	0	168	5	0	12
LOC107842564	LOC107842564	XR_007044844.1		0	0	0	220	0	0	0	0	1	26	0	0	0	25	0	0	0	0	0	0	0	0	0	0	0	168	0	0	0
LOC107842564	LOC107842564	XR_007044845.1		0	0	0	224	0	0	0	0	1	30	0	0	0	29	0	0	0	0	0	0	0	0	0	0	0	164	0	0	0
LOC107842564	LOC107842564	XR_007044846.1		0	0	0	220	0	0	0	0	1	21	0	0	0	30	0	0	0	0	0	0	0	0	0	0	0	168	0	0	0
LOC107842564	LOC107842564	XR_007044847.1		0	0	0	220	0	0	0	0	1	27	0	0	0	24	0	0	0	0	0	0	0	0	0	0	0	168	0	0	0
LOC107842564	LOC107842564	XR_007044848.1		0	0	0	220	0	0	0	0	1	27	0	0	0	24	0	0	0	0	0	0	0	0	0	0	0	168	0	0	0
LOC107842566	LOC107842566	XM_016686484.2	protein_coding	0	4	5	171	0	0	0	0	97	0	0	0	0	26	5	0	0	0	0	0	0	0	4	0	0	45	2	0	1
LOC107842566	LOC107842566	XM_016686486.2	protein_coding	0	3	5	172	0	0	0	0	97	0	0	0	0	26	5	0	0	0	0	0	0	0	3	0	0	45	2	0	2
LOC107842566	LOC107842566	XM_047397076.1	protein_coding	0	5	6	171	0	0	0	0	97	0	0	0	0	15	6	0	0	0	2	0	0	0	3	0	0	45	2	0	12
LOC107842566	LOC107842566	XM_047397077.1	protein_coding	0	5	6	172	0	0	0	0	97	0	0	0	0	16	6	0	0	0	2	0	0	0	3	0	0	46	2	0	11
LOC107842566	LOC107842566	XM_047397079.1	protein_coding	0	3	5	173	0	0	0	0	97	0	0	0	0	27	5	0	0	0	0	0	0	0	3	0	0	46	2	0	1
LOC107842566	LOC107842566	XM_047397080.1	protein_coding	0	3	5	172	0	0	0	0	97	0	0	0	0	27	5	0	0	0	0	0	0	0	3	0	0	45	2	0	1
LOC107842569	LOC107842569	XM_016686488.2	protein_coding	0	1	4	97	0	0	0	0	46	0	0	0	0	32	4	0	0	0	0	0	0	0	1	0	0	9	3	0	7
LOC107842571	LOC107842571	XM_016686489.2	protein_coding	0	3	8	212	0	1	0	0	76	0	0	0	0	25	7	0	0	0	1	0	0	0	2	0	0	98	4	0	9
LOC107842571	LOC107842571	XM_016686490.2	protein_coding	0	3	8	212	0	1	0	0	76	0	0	0	0	26	7	0	0	0	1	0	0	0	2	0	0	98	3	0	9
LOC107842571	LOC107842571	XM_016686491.2	protein_coding	0	3	8	212	0	1	0	0	76	0	0	0	0	25	7	0	0	0	1	0	0	0	2	0	0	98	4	0	9
LOC107842571	LOC107842571	XM_016686492.2	protein_coding	0	3	7	213	0	1	0	0	76	0	0	0	0	26	6	0	0	0	1	0	0	0	2	0	0	98	4	0	9
LOC107842571	LOC107842571	XM_047396943.1	protein_coding	0	3	8	212	0	1	0	0	76	0	0	0	0	25	7	0	0	0	1	0	0	0	2	0	0	98	4	0	9
LOC107842571	LOC107842571	XM_047396944.1	protein_coding	0	3	8	212	0	1	0	0	76	0	0	0	0	26	7	0	0	0	1	0	0	0	2	0	0	98	3	0	9
LOC107842571	LOC107842571	XM_047396945.1	protein_coding	0	3	8	212	0	1	0	0	76	0	0	0	0	25	7	0	0	0	1	0	0	0	2	0	0	98	4	0	9
LOC107842571	LOC107842571	XM_047396946.1	protein_coding	0	3	7	213	0	1	0	0	76	0	0	0	0	26	6	0	0	0	1	0	0	0	2	0	0	98	4	0	9
LOC107842571	LOC107842571	XM_047396947.1	protein_coding	0	3	7	213	0	1	0	0	76	0	0	0	0	25	6	0	0	0	1	0	0	0	2	0	0	98	4	0	10
LOC107842571	LOC107842571	XM_047396948.1	protein_coding	0	2	7	214	0	1	0	0	76	0	0	0	0	26	6	0	0	0	1	0	0	0	1	0	0	98	5	0	9
LOC107842573	LOC107842573	XR_001665889.2		0	0	0	246	0	0	0	0	110	18	0	0	0	17	0	0	0	0	0	0	0	0	0	0	0	101	0	0	0
LOC107842573	LOC107842573	XR_001665892.2		0	0	0	246	0	0	0	0	110	18	0	0	0	17	0	0	0	0	0	0	0	0	0	0	0	101	0	0	0
LOC107842574	LOC107842574	XR_001665902.2		0	0	0	298	0	0	0	0	59	30	0	0	0	138	0	0	0	0	0	0	0	0	0	0	0	71	0	0	0
LOC107842574	LOC107842574	XR_007044890.1		0	0	0	299	0	0	0	0	59	29	0	0	0	142	0	0	0	0	0	0	0	0	0	0	0	69	0	0	0
LOC107842574	LOC107842574	XR_007044891.1		0	0	0	298	0	0	0	0	59	30	0	0	0	138	0	0	0	0	0	0	0	0	0	0	0	71	0	0	0
LOC107842574	LOC107842574	XR_007044892.1		0	0	0	300	0	0	0	0	59	40	0	0	0	132	0	0	0	0	0	0	0	0	0	0	0	69	0	0	0
LOC107842574	LOC107842574	XR_007044893.1		0	0	0	462	0	0	0	0	83	28	0	0	0	280	0	0	0	0	0	0	0	0	0	0	0	71	0	0	0
LOC107842574	LOC107842574	XR_007044894.1		0	0	0	345	0	0	0	0	73	26	0	0	0	175	0	0	0	0	0	0	0	0	0	0	0	71	0	0	0
LOC107842576	LOC107842576	XM_016686497.2	protein_coding	0	2	1	251	0	0	0	0	88	0	0	0	0	44	1	0	0	0	2	0	0	0	0	0	0	113	2	0	4
LOC107842577	LOC107842577	XM_016686498.2	protein_coding	0	11	12	435	0	0	0	0	191	0	0	0	0	96	12	0	0	0	0	0	0	0	11	0	0	133	8	0	7
LOC107842578	LOC107842578	XR_007044997.1		0	0	0	304	0	0	0	0	100	38	0	0	0	24	0	0	0	0	0	0	0	0	0	0	0	142	0	0	0
LOC107842578	LOC107842578	XR_007044998.1		0	0	0	304	0	0	0	0	100	37	0	0	0	25	0	0	0	0	0	0	0	0	0	0	0	142	0	0	0
LOC107842578	LOC107842578	XR_007044999.1		0	0	0	304	0	0	0	0	100	38	0	0	0	24	0	0	0	0	0	0	0	0	0	0	0	142	0	0	0
LOC107842578	LOC107842578	XR_007045000.1		0	0	0	304	0	0	0	0	100	55	0	0	0	7	0	0	0	0	0	0	0	0	0	0	0	142	0	0	0
LOC107842578	LOC107842578	XR_007045001.1		0	0	0	304	0	0	0	0	100	38	0	0	0	24	0	0	0	0	0	0	0	0	0	0	0	142	0	0	0
LOC107842578	LOC107842578	XR_007045002.1		0	0	0	304	0	0	0	0	100	44	0	0	0	18	0	0	0	0	0	0	0	0	0	0	0	142	0	0	0
LOC107842578	LOC107842578	XR_007045003.1		0	0	0	304	0	0	0	0	100	38	0	0	0	24	0	0	0	0	0	0	0	0	0	0	0	142	0	0	0
LOC107842578	LOC107842578	XR_007045004.1		0	0	0	304	0	0	0	0	100	54	0	0	0	8	0	0	0	0	0	0	0	0	0	0	0	142	0	0	0
LOC107842578	LOC107842578	XR_007045005.1		0	0	0	304	0	0	0	0	100	52	0	0	0	10	0	0	0	0	0	0	0	0	0	0	0	142	0	0	0
LOC107842578	LOC107842578	XR_007045006.1		0	0	0	304	0	0	0	0	100	42	0	0	0	20	0	0	0	0	0	0	0	0	0	0	0	142	0	0	0
LOC107842578	LOC107842578	XR_007045007.1		0	0	0	304	0	0	0	0	100	57	0	0	0	5	0	0	0	0	0	0	0	0	0	0	0	142	0	0	0
LOC107842578	LOC107842578	XR_007045008.1		0	0	0	304	0	0	0	0	100	52	0	0	0	10	0	0	0	0	0	0	0	0	0	0	0	142	0	0	0
LOC107842578	LOC107842578	XR_007045009.1		0	0	0	304	0	0	0	0	100	43	0	0	0	19	0	0	0	0	0	0	0	0	0	0	0	142	0	0	0
LOC107842578	LOC107842578	XR_007045010.1		0	0	0	304	0	0	0	0	100	42	0	0	0	20	0	0	0	0	0	0	0	0	0	0	0	142	0	0	0
LOC107842578	LOC107842578	XR_007045011.1		0	0	0	304	0	0	0	0	100	51	0	0	0	11	0	0	0	0	0	0	0	0	0	0	0	142	0	0	0
LOC107842578	LOC107842578	XR_007045012.1		0	0	0	304	0	0	0	0	100	52	0	0	0	10	0	0	0	0	0	0	0	0	0	0	0	142	0	0	0
LOC107842578	LOC107842578	XR_007045013.1		0	0	0	304	0	0	0	0	100	51	0	0	0	11	0	0	0	0	0	0	0	0	0	0	0	142	0	0	0
LOC107842578	LOC107842578	XR_007045014.1		0	0	0	304	0	0	0	0	100	51	0	0	0	11	0	0	0	0	0	0	0	0	0	0	0	142	0	0	0
LOC107842580	LOC107842580	XR_007044684.1		0	0	0	139	0	0	0	0	1	6	0	0	0	12	0	0	0	0	0	0	0	0	0	0	0	120	0	0	0
LOC107842581	LOC107842581	XM_016686513.2	protein_coding	0	3	0	133	0	0	0	0	61	0	0	0	0	5	0	0	0	0	0	0	0	0	3	0	0	65	0	0	2
LOC107842583	LOC107842583	XR_001665910.2		0	0	0	123	0	0	0	0	46	7	0	0	0	14	0	0	0	0	0	0	0	0	0	0	0	56	0	0	0
LOC107842583	LOC107842583	XR_007044910.1		0	0	0	149	0	0	0	0	59	12	0	0	0	22	0	0	0	0	0	0	0	0	0	0	0	56	0	0	0
LOC107842584	LOC107842584	XM_016686514.2	protein_coding	0	7	2	148	0	0	0	0	59	0	0	0	0	19	2	0	0	0	0	0	0	0	7	0	0	69	0	0	1
LOC107842584	LOC107842584	XM_016686515.2	protein_coding	0	7	2	152	0	0	0	0	61	0	0	0	0	19	2	0	0	0	0	0	0	0	7	0	0	69	2	0	1
LOC107842585	LOC107842585	XM_016686518.2	protein_coding	0	2	0	504	0	0	0	0	78	0	0	0	0	359	0	0	0	0	0	0	0	0	2	0	0	66	0	0	1
LOC107842585	LOC107842585	XM_047396888.1	protein_coding	0	2	0	504	0	0	0	0	78	0	0	0	0	357	0	0	0	0	0	0	0	0	2	0	0	66	0	0	3
LOC107842585	LOC107842585	XM_047396889.1	protein_coding	0	2	0	504	0	0	0	0	78	0	0	0	0	356	0	0	0	0	0	0	0	0	2	0	0	66	0	0	4
LOC107842586	LOC107842586	XM_047396867.1	protein_coding	0	2	1	296	0	0	0	0	52	0	0	0	0	199	1	0	0	0	0	0	0	0	2	0	0	44	1	0	0
LOC107842587	LOC107842587	XM_016686520.2	protein_coding	0	3	3	339	0	0	0	0	119	0	0	0	0	97	3	0	0	0	2	0	0	0	1	0	0	116	2	0	5
LOC107842587	LOC107842587	XM_016686521.2	protein_coding	0	1	2	337	0	0	0	0	119	0	0	0	0	93	2	0	0	0	1	0	0	0	0	0	0	117	2	0	6
LOC107842587	LOC107842587	XM_047396868.1	protein_coding	0	3	4	338	0	0	0	0	119	0	0	0	0	96	4	0	0	0	2	0	0	0	1	0	0	116	2	0	5
LOC107842588	LOC107842588	XM_016686523.2	protein_coding	0	2	0	90	0	0	0	0	0	0	0	0	0	27	0	0	0	0	0	0	0	0	2	0	0	59	4	0	0
LOC107842590	LOC107842590	XM_047396861.1	protein_coding	0	2	1	186	0	0	0	0	39	0	0	0	0	11	1	0	0	0	1	0	0	0	1	0	0	132	0	0	4
LOC107842591	LOC107842591	XM_016686529.2	protein_coding	0	2	0	419	0	0	0	0	56	0	0	0	0	164	0	0	0	0	0	0	0	0	2	0	0	190	0	0	9
LOC107842596	LOC107842596	XM_016686532.2	protein_coding	0	1	5	221	0	0	0	1	116	0	0	0	0	53	4	0	0	0	0	0	0	0	1	0	0	46	5	0	1
LOC107842598	LOC107842598	XM_016686533.2	protein_coding	0	9	6	695	0	0	0	0	120	0	0	0	0	471	6	0	0	0	0	0	0	0	8	1	0	98	3	0	3
LOC107842598	LOC107842598	XM_016686535.2	protein_coding	1	8	6	672	0	0	0	0	103	0	0	0	0	466	6	0	0	0	0	0	1	0	8	0	0	100	2	0	1
LOC107842598	LOC107842598	XM_016686536.2	protein_coding	0	4	6	700	0	0	0	0	120	0	0	0	0	471	6	0	0	0	0	0	0	0	3	1	0	100	3	0	6
LOC107842598	LOC107842598	XM_047396849.1	protein_coding	0	8	6	673	0	0	0	0	103	0	0	0	0	469	6	0	0	0	0	0	0	0	8	0	0	100	0	0	1
LOC107842599	LOC107842599	XM_047396863.1	protein_coding	0	3	5	911	0	0	0	0	102	0	0	0	0	771	5	0	0	0	0	0	0	0	3	0	0	35	3	0	0
LOC107842599	LOC107842599	XM_047396864.1	protein_coding	0	3	5	911	0	0	0	0	102	0	0	0	0	771	5	0	0	0	0	0	0	0	3	0	0	35	3	0	0
LOC107842601	LOC107842601	XM_016686541.2	protein_coding	0	7	7	675	0	0	0	0	73	0	0	0	0	546	7	0	0	0	1	0	0	0	6	0	0	50	4	0	2
LOC107842601	LOC107842601	XM_016686542.2	protein_coding	0	7	7	675	0	0	0	0	73	0	0	0	0	546	7	0	0	0	1	0	0	0	6	0	0	50	4	0	2
LOC107842601	LOC107842601	XM_047396820.1	protein_coding	0	6	7	357	0	0	0	0	73	0	0	0	0	203	7	0	0	0	0	0	0	0	6	0	0	77	4	0	0
LOC107842601	LOC107842601	XM_047396821.1	protein_coding	0	7	7	357	0	0	0	0	73	0	0	0	0	203	7	0	0	0	1	0	0	0	6	0	0	76	4	0	1
LOC107842603	LOC107842603	XM_016686543.2	protein_coding	0	0	1	144	0	1	0	0	71	0	0	0	0	28	0	0	0	0	0	0	0	0	0	0	0	42	0	0	3
LOC107842605	LOC107842605	NM_001324599.1	protein_coding	0	8	5	170	0	0	0	0	42	0	0	0	0	45	5	0	0	0	0	0	0	0	8	0	0	76	6	0	1
LOC107842606	LOC107842606	XM_016686546.2	protein_coding	1	2	3	156	0	0	0	0	86	0	1	0	0	4	3	0	0	0	0	0	0	0	2	0	0	58	1	0	7
LOC107842607	LOC107842607	XM_016686547.2	protein_coding	0	8	2	353	0	0	0	0	139	0	0	0	0	175	2	0	0	0	0	0	0	0	8	0	0	36	0	0	3
LOC107842607	LOC107842607	XR_007044871.1		0	0	0	246	0	0	0	0	57	12	0	0	0	141	0	0	0	0	0	0	0	0	0	0	0	36	0	0	0
LOC107842608	LOC107842608	XM_016686548.2	protein_coding	0	2	0	197	0	0	0	0	86	0	0	0	0	7	0	0	0	0	0	0	0	0	2	0	0	98	6	0	0
LOC107842609	LOC107842609	XM_047396865.1	protein_coding	1	3	1	205	0	0	0	0	106	0	0	0	0	10	1	0	0	0	3	1	0	0	0	0	0	62	5	0	22
LOC107842609	LOC107842609	XR_001665921.2		0	0	0	323	0	0	0	0	106	29	0	0	0	84	0	0	0	0	0	0	0	0	0	0	0	104	0	0	0
LOC107842609	LOC107842609	XR_001665924.2		0	0	0	323	0	0	0	0	106	23	0	0	0	90	0	0	0	0	0	0	0	0	0	0	0	104	0	0	0
LOC107842609	LOC107842609	XR_007044872.1		0	0	0	323	0	0	0	0	106	28	0	0	0	85	0	0	0	0	0	0	0	0	0	0	0	104	0	0	0
LOC107842609	LOC107842609	XR_007044873.1		0	0	0	323	0	0	0	0	106	23	0	0	0	90	0	0	0	0	0	0	0	0	0	0	0	104	0	0	0
LOC107842609	LOC107842609	XR_007044874.1		0	0	0	323	0	0	0	0	106	29	0	0	0	84	0	0	0	0	0	0	0	0	0	0	0	104	0	0	0
LOC107842609	LOC107842609	XR_007044875.1		0	0	0	323	0	0	0	0	106	29	0	0	0	84	0	0	0	0	0	0	0	0	0	0	0	104	0	0	0
LOC107842609	LOC107842609	XR_007044876.1		0	0	0	324	0	0	0	0	106	24	0	0	0	91	0	0	0	0	0	0	0	0	0	0	0	103	0	0	0
LOC107842609	LOC107842609	XR_007044877.1		0	0	0	323	0	0	0	0	106	22	0	0	0	91	0	0	0	0	0	0	0	0	0	0	0	104	0	0	0
LOC107842609	LOC107842609	XR_007044878.1		0	0	0	323	0	0	0	0	106	22	0	0	0	91	0	0	0	0	0	0	0	0	0	0	0	104	0	0	0
LOC107842609	LOC107842609	XR_007044879.1		0	0	0	324	0	0	0	0	106	31	0	0	0	84	0	0	0	0	0	0	0	0	0	0	0	103	0	0	0
LOC107842609	LOC107842609	XR_007044880.1		0	0	0	324	0	0	0	0	106	30	0	0	0	85	0	0	0	0	0	0	0	0	0	0	0	103	0	0	0
LOC107842613	LOC107842613	XR_007044868.1		0	0	0	213	0	0	0	0	76	29	0	0	0	63	0	0	0	0	0	0	0	0	0	0	0	45	0	0	0
LOC107842615	LOC107842615	XM_016686554.2	protein_coding	1	5	11	209	0	0	0	0	17	0	1	0	0	26	11	0	0	0	3	0	0	0	2	0	0	146	0	0	20
LOC107842616	LOC107842616	XR_001665941.2		2	0	0	351	0	0	0	0	173	53	0	0	0	74	0	0	1	1	0	0	0	0	0	0	0	53	0	0	0
LOC107842617	LOC107842617	XM_047396910.1	protein_coding	0	4	5	479	0	0	0	0	123	0	0	0	0	199	5	0	0	0	2	0	0	0	2	0	0	125	2	0	30
LOC107842617	LOC107842617	XM_047396911.1	protein_coding	0	6	5	479	0	0	0	0	123	0	0	0	0	182	5	0	0	0	4	0	0	0	2	0	0	125	2	0	47
LOC107842618	LOC107842618	XM_016686556.2	protein_coding	0	0	4	319	0	0	0	0	160	0	0	0	0	56	4	0	0	0	0	0	0	0	0	0	0	94	9	0	0
LOC107842618	LOC107842618	XM_016686557.2	protein_coding	0	0	4	319	0	0	0	0	160	0	0	0	0	58	4	0	0	0	0	0	0	0	0	0	0	94	7	0	0
LOC107842618	LOC107842618	XM_016686559.2	protein_coding	0	0	4	319	0	0	0	0	160	0	0	0	0	56	4	0	0	0	0	0	0	0	0	0	0	94	9	0	0
LOC107842618	LOC107842618	XM_016686561.2	protein_coding	0	2	3	320	0	0	0	0	160	0	0	0	0	53	3	0	0	0	2	0	0	0	0	0	0	94	9	0	4
LOC107842618	LOC107842618	XM_047396894.1	protein_coding	1	0	4	784	0	0	0	0	94	0	0	0	0	553	4	0	1	0	0	0	0	0	0	0	0	94	44	0	0
LOC107842618	LOC107842618	XM_047396895.1	protein_coding	1	0	4	784	0	0	0	0	94	0	0	0	0	553	4	0	1	0	0	0	0	0	0	0	0	94	44	0	0
LOC107842618	LOC107842618	XM_047396896.1	protein_coding	0	0	4	319	0	0	0	0	160	0	0	0	0	58	4	0	0	0	0	0	0	0	0	0	0	94	7	0	0
LOC107842618	LOC107842618	XM_047396897.1	protein_coding	0	0	4	319	0	0	0	0	160	0	0	0	0	58	4	0	0	0	0	0	0	0	0	0	0	94	7	0	0
LOC107842618	LOC107842618	XM_047396898.1	protein_coding	0	1	3	320	0	0	0	0	160	0	0	0	0	47	3	0	0	0	1	0	0	0	0	0	0	102	9	0	2
LOC107842618	LOC107842618	XM_047396899.1	protein_coding	0	1	3	320	0	0	0	0	160	0	0	0	0	56	3	0	0	0	1	0	0	0	0	0	0	94	9	0	1
LOC107842618	LOC107842618	XR_001665943.2		1	0	0	788	0	0	0	0	94	50	0	0	0	551	0	0	1	0	0	0	0	0	0	0	0	94	0	0	0
LOC107842618	LOC107842618	XR_007044916.1		1	0	0	788	0	0	0	0	94	48	0	0	0	553	0	0	1	0	0	0	0	0	0	0	0	94	0	0	0
LOC107842619	LOC107842619	XR_001665944.2		0	0	0	372	0	0	0	0	116	21	0	0	0	94	0	0	0	0	0	0	0	0	0	0	0	141	0	0	0
LOC107842619	LOC107842619	XR_001665945.2		0	0	0	368	0	0	0	0	116	14	0	0	0	95	0	0	0	0	0	0	0	0	0	0	0	143	0	0	0
LOC107842619	LOC107842619	XR_007045128.1		0	0	0	372	0	0	0	0	116	27	0	0	0	88	0	0	0	0	0	0	0	0	0	0	0	141	0	0	0
LOC107842622	LOC107842622	XM_016686562.2	protein_coding	0	2	7	332	0	0	0	0	111	0	0	0	0	110	7	0	0	0	0	0	0	0	2	0	0	89	17	0	5
LOC107842622	LOC107842622	XM_047397081.1	protein_coding	0	2	7	363	0	0	0	0	95	0	0	0	0	123	7	0	0	0	0	0	0	0	2	0	0	89	51	0	5
LOC107842623	LOC107842623	XM_016686563.2	protein_coding	0	0	1	198	0	0	0	0	48	0	0	0	0	34	1	0	0	0	0	0	0	0	0	0	0	111	4	0	1
LOC107842623	LOC107842623	XM_016686564.2	protein_coding	0	0	1	199	0	0	0	0	48	0	0	0	0	34	1	0	0	0	0	0	0	0	0	0	0	112	4	0	1
LOC107842623	LOC107842623	XM_016686566.2	protein_coding	0	0	1	199	0	0	0	0	48	0	0	0	0	34	1	0	0	0	0	0	0	0	0	0	0	112	4	0	1
LOC107842623	LOC107842623	XM_047396996.1	protein_coding	0	0	1	199	0	0	0	0	48	0	0	0	0	34	1	0	0	0	0	0	0	0	0	0	0	112	4	0	1
LOC107842625	LOC107842625	XM_016686567.2	protein_coding	0	2	0	192	0	0	0	0	41	0	0	0	0	0	0	0	0	0	0	0	0	0	2	0	0	145	0	0	6
LOC107842627	LOC107842627	XM_016686569.2	protein_coding	0	6	1	170	0	0	0	0	67	0	0	0	0	0	1	0	0	0	5	0	0	0	1	0	0	84	1	0	18
LOC107842628	LOC107842628	XM_016686570.2	protein_coding	1	3	3	297	2	0	0	0	139	0	0	0	0	59	1	0	1	0	1	0	0	0	2	0	0	89	6	0	5
LOC107842628	LOC107842628	XM_016686572.2	protein_coding	0	3	3	298	2	0	0	0	139	0	0	0	0	59	1	0	0	0	1	0	0	0	2	0	0	89	6	0	5
LOC107842628	LOC107842628	XM_016686573.2	protein_coding	0	3	4	297	2	0	0	0	139	0	0	0	0	59	2	0	0	0	1	0	0	0	2	0	0	89	5	0	5
LOC107842628	LOC107842628	XM_016686574.2	protein_coding	0	3	5	276	2	0	0	0	138	0	0	0	0	37	3	0	0	0	1	0	0	0	2	0	0	89	7	0	5
LOC107842628	LOC107842628	XM_016686576.2	protein_coding	0	3	3	278	2	0	0	0	138	0	0	0	0	40	1	0	0	0	1	0	0	0	2	0	0	89	6	0	5
LOC107842628	LOC107842628	XM_047396958.1	protein_coding	0	3	4	285	2	0	0	0	134	0	0	0	0	57	2	0	0	0	1	0	0	0	2	0	0	89	0	0	5
LOC107842629	LOC107842629	XM_016686577.2	protein_coding	0	4	3	196	0	0	0	0	77	0	0	0	0	11	3	0	0	0	1	0	0	0	3	0	0	97	5	0	6
LOC107842630	LOC107842630	XR_007044973.1		0	0	0	282	0	0	0	0	78	67	0	0	0	7	0	0	0	0	0	0	0	0	0	0	0	130	0	0	0
LOC107842630	LOC107842630	XR_007044974.1		0	0	0	282	0	0	0	0	78	5	0	0	0	69	0	0	0	0	0	0	0	0	0	0	0	130	0	0	0
LOC107842632	LOC107842632	XM_016686578.2	protein_coding	0	2	2	232	0	0	0	0	22	0	0	0	0	66	2	0	0	0	0	0	0	0	2	0	0	141	1	0	2
LOC107842632	LOC107842632	XM_016686579.2	protein_coding	0	2	2	232	0	0	0	0	22	0	0	0	0	66	2	0	0	0	0	0	0	0	2	0	0	141	1	0	2
LOC107842633	LOC107842633	XR_007044904.1		0	0	0	489	0	0	0	0	157	95	0	0	0	15	0	0	0	0	0	0	0	0	0	0	0	222	0	0	0
LOC107842633	LOC107842633	XR_007044905.1		0	0	0	489	0	0	0	0	157	95	0	0	0	15	0	0	0	0	0	0	0	0	0	0	0	222	0	0	0
LOC107842633	LOC107842633	XR_007044906.1		0	0	0	489	0	0	0	0	157	91	0	0	0	19	0	0	0	0	0	0	0	0	0	0	0	222	0	0	0
LOC107842633	LOC107842633	XR_007044907.1		1	0	0	488	0	0	0	0	157	90	0	0	0	20	0	0	1	0	0	0	0	0	0	0	0	222	0	0	0
LOC107842633	LOC107842633	XR_007044908.1		0	0	0	489	0	0	0	0	157	41	0	0	0	69	0	0	0	0	0	0	0	0	0	0	0	222	0	0	0
LOC107842633	LOC107842633	XR_007044909.1		0	0	0	491	0	0	0	0	157	85	0	0	0	25	0	0	0	0	0	0	0	0	0	0	0	224	0	0	0
LOC107842635	LOC107842635	XM_016686582.2	protein_coding	1	2	2	359	0	0	0	0	94	0	0	0	0	154	2	0	0	0	1	1	0	0	1	0	0	103	1	0	7
LOC107842635	LOC107842635	XM_016686583.2	protein_coding	0	2	1	361	0	0	0	0	94	0	0	0	0	152	1	0	0	0	1	0	0	0	1	0	0	103	1	0	11
LOC107842636	LOC107842636	XR_001665964.2		0	0	0	59	0	0	0	0	22	1	0	0	0	13	0	0	0	0	0	0	0	0	0	0	0	23	0	0	0
LOC107842636	LOC107842636	XR_001665965.2		0	0	0	59	0	0	0	0	22	1	0	0	0	13	0	0	0	0	0	0	0	0	0	0	0	23	0	0	0
LOC107842636	LOC107842636	XR_001665966.2		0	0	0	265	0	0	0	0	109	5	0	0	0	128	0	0	0	0	0	0	0	0	0	0	0	23	0	0	0
LOC107842636	LOC107842636	XR_001665967.2		0	0	0	265	0	0	0	0	109	5	0	0	0	128	0	0	0	0	0	0	0	0	0	0	0	23	0	0	0
LOC107842637	LOC107842637	XM_047396934.1	protein_coding	0	5	3	756	0	0	0	0	84	0	0	0	0	533	3	0	0	0	2	0	0	0	3	0	0	128	5	0	6
LOC107842637	LOC107842637	XM_047396935.1	protein_coding	1	2	5	663	0	0	0	0	62	0	0	0	0	465	5	0	0	0	2	0	1	0	0	0	0	128	2	0	6
LOC107842638	LOC107842638	XM_016686585.2	protein_coding	6	6	14	437	0	0	0	0	90	0	3	0	0	218	14	0	0	0	0	0	3	0	6	0	0	115	8	0	6
LOC107842641	LOC107842641	XM_016686590.2	protein_coding	0	6	5	216	0	0	0	0	36	0	0	0	0	12	5	0	0	0	0	0	0	0	6	0	0	165	0	0	3
LOC107842644	LOC107842644	XM_047396885.1	protein_coding	0	4	9	153	0	0	0	0	65	0	0	0	0	25	9	0	0	0	0	0	0	0	4	0	0	61	1	0	1
LOC107842644	LOC107842644	XM_047396886.1	protein_coding	0	4	9	149	0	0	0	0	65	0	0	0	0	25	9	0	0	0	0	0	0	0	4	0	0	58	1	0	0
LOC107842644	LOC107842644	XM_047396887.1	protein_coding	0	4	9	149	0	0	0	0	65	0	0	0	0	25	9	0	0	0	0	0	0	0	4	0	0	58	1	0	0
LOC107842644	LOC107842644	XR_007044902.1		0	0	0	189	0	0	0	0	84	17	0	0	0	27	0	0	0	0	0	0	0	0	0	0	0	61	0	0	0
LOC107842644	LOC107842644	XR_007044903.1		0	0	0	208	0	0	0	0	92	28	0	0	0	27	0	0	0	0	0	0	0	0	0	0	0	61	0	0	0
LOC107842645	LOC107842645	XM_016686601.2	protein_coding	0	4	1	223	0	0	0	0	91	0	0	0	0	0	1	0	0	0	1	0	0	0	3	0	0	120	8	0	4
LOC107842646	LOC107842646	XM_047396872.1	protein_coding	0	5	3	1086	0	0	0	0	48	0	0	0	0	1005	3	0	0	0	0	0	0	0	5	0	0	27	6	0	0
LOC107842646	LOC107842646	XR_007044882.1		0	0	0	1079	0	0	0	0	43	4	0	0	0	1005	0	0	0	0	0	0	0	0	0	0	0	27	0	0	0
LOC107842648	LOC107842648	XM_016686604.2	protein_coding	0	2	2	109	0	0	0	0	55	0	0	0	0	0	2	0	0	0	0	0	0	0	2	0	0	47	2	0	5
LOC107842649	LOC107842649	XM_016686605.2	protein_coding	0	2	0	135	0	0	0	0	42	0	0	0	0	1	0	0	0	0	2	0	0	0	0	0	0	77	5	0	10
LOC107842650	LOC107842650	XM_016686606.2	protein_coding	3	1	3	255	0	0	0	0	114	0	0	0	0	51	3	0	3	0	0	0	0	0	1	0	0	85	3	0	5
LOC107842650	LOC107842650	XM_016686607.2	protein_coding	3	1	2	256	0	0	0	0	114	0	0	0	0	52	2	0	3	0	0	0	0	0	1	0	0	85	3	0	5
LOC107842650	LOC107842650	XM_047396876.1	protein_coding	4	1	2	255	0	0	0	0	114	0	0	0	0	51	2	0	3	0	0	0	1	0	1	0	0	85	3	0	5
LOC107842650	LOC107842650	XR_001665975.2		3	0	0	259	0	0	0	0	114	15	0	0	0	48	0	0	3	0	0	0	0	0	0	0	0	85	0	0	0
LOC107842650	LOC107842650	XR_001665976.2		3	0	0	259	0	0	0	0	114	26	0	0	0	37	0	0	3	0	0	0	0	0	0	0	0	85	0	0	0
LOC107842650	LOC107842650	XR_007044884.1		3	0	0	259	0	0	0	0	114	25	0	0	0	38	0	0	3	0	0	0	0	0	0	0	0	85	0	0	0
LOC107842650	LOC107842650	XR_007044885.1		3	0	0	259	0	0	0	0	114	15	0	0	0	48	0	0	3	0	0	0	0	0	0	0	0	85	0	0	0
LOC107842650	LOC107842650	XR_007044886.1		3	0	0	259	0	0	0	0	114	25	0	0	0	38	0	0	3	0	0	0	0	0	0	0	0	85	0	0	0
LOC107842650	LOC107842650	XR_007044887.1		3	0	0	259	0	0	0	0	114	14	0	0	0	49	0	0	3	0	0	0	0	0	0	0	0	85	0	0	0
LOC107842650	LOC107842650	XR_007044888.1		3	0	0	259	0	0	0	0	114	12	0	0	0	51	0	0	3	0	0	0	0	0	0	0	0	85	0	0	0
LOC107842650	LOC107842650	XR_007044889.1		3	0	0	262	0	0	0	0	117	33	0	0	0	30	0	0	3	0	0	0	0	0	0	0	0	85	0	0	0
LOC107842651	LOC107842651	XR_001665977.2		0	0	0	16	0	0	0	0	0	0	0	0	0	0	0	0	0	0	0	0	0	0	0	0	0	16	0	0	0
LOC107842652	LOC107842652	XR_007044934.1		1	0	0	218	0	0	0	0	40	21	0	0	0	126	0	0	1	0	0	0	0	0	0	0	0	32	0	0	0
LOC107842652	LOC107842652	XR_007044935.1		1	0	0	177	0	0	0	0	57	13	0	0	0	76	0	0	1	0	0	0	0	0	0	0	0	32	0	0	0
LOC107842652	LOC107842652	XR_007044936.1		0	0	0	220	0	0	0	0	40	21	0	0	0	126	0	0	0	0	0	0	0	0	0	0	0	33	0	0	0
LOC107842652	LOC107842652	XR_007044937.1		0	0	0	221	0	0	0	0	40	20	0	0	0	127	0	0	0	0	0	0	0	0	0	0	0	34	0	0	0
LOC107842652	LOC107842652	XR_007044938.1		1	0	0	218	0	0	0	0	40	11	0	0	0	136	0	0	1	0	0	0	0	0	0	0	0	32	0	0	0
LOC107842653	LOC107842653	XM_047396917.1	protein_coding	0	3	1	482	0	0	0	0	45	0	0	0	0	411	1	0	0	0	0	0	0	0	3	0	0	26	0	0	0
LOC107842654	LOC107842654	XM_016686610.2	protein_coding	0	4	3	231	0	0	0	0	84	0	0	0	0	4	3	0	0	0	0	0	0	0	4	0	0	120	21	0	2
LOC107842654	LOC107842654	XR_001665980.2		0	0	0	238	0	0	0	0	84	30	0	0	0	4	0	0	0	0	0	0	0	0	0	0	0	120	0	0	0
LOC107842657	LOC107842657	XM_047397009.1	protein_coding	0	2	3	528	0	0	0	0	107	0	0	0	0	327	3	0	0	0	0	0	0	0	2	0	0	86	8	0	0
LOC107842662	LOC107842662	XM_016686613.2	protein_coding	0	0	2	176	0	0	0	0	89	0	0	0	0	37	2	0	0	0	0	0	0	0	0	0	0	48	2	0	0
LOC107842662	LOC107842662	XM_016686614.2	protein_coding	0	0	2	176	0	0	0	0	89	0	0	0	0	37	2	0	0	0	0	0	0	0	0	0	0	48	2	0	0
LOC107842663	LOC107842663	XM_016686615.2	protein_coding	0	4	3	177	0	0	0	0	38	0	0	0	0	35	3	0	0	0	1	0	0	0	3	0	0	97	2	0	5
LOC107842664	LOC107842664	XM_016686617.2	protein_coding	0	0	2	165	0	0	0	0	47	0	0	0	0	8	2	0	0	0	0	0	0	0	0	0	0	107	2	0	1
LOC107842665	LOC107842665	XR_001665988.2		1	0	0	132	0	0	0	0	18	3	0	0	0	38	0	0	0	1	0	0	0	0	0	0	0	74	0	0	0
LOC107842666	LOC107842666	XM_016686618.2	protein_coding	0	5	4	157	0	0	0	0	44	0	0	0	0	55	4	0	0	0	0	0	0	0	5	0	0	55	1	0	2
LOC107842666	LOC107842666	XM_016686619.2	protein_coding	0	5	4	157	0	0	0	0	44	0	0	0	0	55	4	0	0	0	0	0	0	0	5	0	0	55	1	0	2
LOC107842666	LOC107842666	XM_016686620.2	protein_coding	0	5	4	157	0	0	0	0	44	0	0	0	0	55	4	0	0	0	0	0	0	0	5	0	0	55	1	0	2
LOC107842667	LOC107842667	XM_016686621.2	protein_coding	0	2	0	327	0	0	0	0	76	0	0	0	0	155	0	0	0	0	0	0	0	0	2	0	0	91	3	0	2
LOC107842668	LOC107842668	XM_016686622.2	protein_coding	0	2	3	426	1	0	0	0	105	0	0	0	0	144	2	0	0	0	0	0	0	0	2	0	0	176	0	0	1
LOC107842673	LOC107842673	XM_016686625.2	protein_coding	0	1	1	274	0	0	0	0	121	0	0	0	0	76	1	0	0	0	0	0	0	0	1	0	0	70	5	0	2
LOC107842674	LOC107842674	XR_007044863.1		1	0	0	355	0	0	0	0	73	97	0	0	0	80	0	0	0	1	0	0	0	0	0	0	0	106	0	0	0
LOC107842675	LOC107842675	XR_001665990.2		1	0	0	338	0	0	0	0	84	10	0	0	0	64	0	0	0	1	0	0	0	0	0	0	0	182	0	0	0
LOC107842676	LOC107842676	XM_016686627.2	protein_coding	1	3	3	351	0	0	0	0	146	0	0	0	0	32	3	0	0	0	2	0	1	0	1	0	0	121	29	0	23
LOC107842677	LOC107842677	XR_007044914.1		0	0	0	159	0	0	0	0	72	30	0	0	0	12	0	0	0	0	0	0	0	0	0	0	0	45	0	0	0
LOC107842677	LOC107842677	XR_007044915.1		0	0	0	156	0	0	0	0	72	14	0	0	0	19	0	0	0	0	0	0	0	0	0	0	0	51	0	0	0
LOC107842678	LOC107842678	XM_016686628.2	protein_coding	0	5	9	207	0	0	0	0	61	0	0	0	0	86	9	0	0	0	0	0	0	0	5	0	0	49	3	0	8
LOC107842678	LOC107842678	XM_016686629.2	protein_coding	0	4	7	209	0	0	0	0	66	0	0	0	0	84	7	0	0	0	0	0	0	0	4	0	0	48	3	0	8
LOC107842678	LOC107842678	XM_047396893.1	protein_coding	0	5	9	206	0	0	0	0	61	0	0	0	0	86	9	0	0	0	0	0	0	0	5	0	0	48	3	0	8
LOC107842679	LOC107842679	XM_016686630.2	protein_coding	0	2	0	229	0	0	0	0	73	0	0	0	0	45	0	0	0	0	0	0	0	0	2	0	0	101	4	0	6
LOC107842681	LOC107842681	XM_047396908.1	protein_coding	3	1	5	199	0	0	0	0	109	0	0	0	0	19	5	0	0	0	0	0	2	1	1	0	0	64	5	0	2
LOC107842681	LOC107842681	XM_047396909.1	protein_coding	3	1	4	200	0	0	0	0	109	0	0	0	0	20	4	0	0	0	0	0	2	1	1	0	0	64	5	0	2
LOC107842681	LOC107842681	XR_001665993.2		0	0	0	208	0	0	0	0	109	13	0	0	0	22	0	0	0	0	0	0	0	0	0	0	0	64	0	0	0
LOC107842681	LOC107842681	XR_001665995.2		0	0	0	208	0	0	0	0	109	15	0	0	0	20	0	0	0	0	0	0	0	0	0	0	0	64	0	0	0
LOC107842681	LOC107842681	XR_007044930.1		0	0	0	208	0	0	0	0	109	17	0	0	0	18	0	0	0	0	0	0	0	0	0	0	0	64	0	0	0
LOC107842681	LOC107842681	XR_007044931.1		0	0	0	208	0	0	0	0	109	18	0	0	0	18	0	0	0	0	0	0	0	0	0	0	0	63	0	0	0
LOC107842681	LOC107842681	XR_007044932.1		0	0	0	208	0	0	0	0	109	15	0	0	0	21	0	0	0	0	0	0	0	0	0	0	0	63	0	0	0
LOC107842682	LOC107842682	XM_016686634.2	protein_coding	3	0	0	135	0	0	1	0	18	0	2	0	0	21	0	0	0	0	0	3	0	0	0	0	0	91	0	0	5
LOC107842682	LOC107842682	XM_047396912.1	protein_coding	3	2	0	215	0	0	1	0	66	0	2	0	0	43	0	0	0	0	0	3	0	0	2	0	0	91	10	0	5
LOC107842682	LOC107842682	XM_047396913.1	protein_coding	3	2	0	215	0	0	1	0	66	0	2	0	0	42	0	0	0	0	0	3	0	0	2	0	0	91	11	0	5
LOC107842682	LOC107842682	XM_047396914.1	protein_coding	3	2	0	133	0	0	1	0	18	0	2	0	0	19	0	0	0	0	0	3	0	0	2	0	0	91	0	0	5
LOC107842682	LOC107842682	XM_047396915.1	protein_coding	3	0	0	135	0	0	1	0	18	0	2	0	0	21	0	0	0	0	0	3	0	0	0	0	0	91	0	0	5
LOC107842682	LOC107842682	XM_047396916.1	protein_coding	3	2	0	133	0	0	1	0	19	0	2	0	0	18	0	0	0	0	0	3	0	0	2	0	0	91	0	0	5
LOC107842683	LOC107842683	XM_016686635.2	protein_coding	0	1	3	94	0	0	0	0	45	0	0	0	0	30	3	0	0	0	1	0	0	0	0	0	0	15	1	0	3
LOC107842685	LOC107842685	XM_016686639.2	protein_coding	0	0	0	168	0	0	0	0	26	0	0	0	0	24	0	0	0	0	0	0	0	0	0	0	0	115	1	0	2
LOC107842686	LOC107842686	XM_047396959.1	protein_coding	2	14	23	425	0	1	0	1	47	0	0	0	0	258	22	0	0	0	2	0	2	0	12	0	0	112	4	0	4
LOC107842687	LOC107842687	XM_016686645.2	protein_coding	1	1	3	776	0	0	0	0	183	0	0	0	0	445	3	0	0	0	0	0	0	1	1	0	0	140	5	0	3
LOC107842691	LOC107842691	XM_016686647.2	protein_coding	0	5	3	316	1	0	0	0	75	0	0	0	0	25	2	0	0	0	1	0	0	0	4	0	0	210	2	0	4
LOC107842692	LOC107842692	XM_016686649.2	protein_coding	0	3	2	302	0	0	0	0	78	0	0	0	0	189	2	0	0	0	0	0	0	0	3	0	0	27	6	0	2
LOC107842693	LOC107842693	XM_016686650.2	protein_coding	0	2	1	377	0	0	0	0	59	0	0	0	0	190	1	0	0	0	0	0	0	0	2	0	0	122	6	0	0
LOC107842694	LOC107842694	XR_001666013.2		0	0	0	139	0	0	0	0	75	23	0	0	0	22	0	0	0	0	0	0	0	0	0	0	0	19	0	0	0
LOC107842694	LOC107842694	XR_001666014.2		0	0	0	139	0	0	0	0	75	21	0	0	0	24	0	0	0	0	0	0	0	0	0	0	0	19	0	0	0
LOC107842695	LOC107842695	XM_016686651.2	protein_coding	0	8	5	240	0	0	0	0	118	0	0	0	0	61	5	0	0	0	0	0	0	0	8	0	0	59	2	0	0
LOC107842697	LOC107842697	XM_016686652.2	protein_coding	2	5	1	108	0	0	0	0	36	0	2	0	0	0	1	0	0	0	0	0	0	0	5	0	0	67	4	0	1
LOC107842698	LOC107842698	XM_016686653.2	protein_coding	0	3	3	176	0	0	0	0	43	0	0	0	0	17	3	0	0	0	0	0	0	0	3	0	0	113	3	0	0
LOC107842698	LOC107842698	XM_016686654.2	protein_coding	0	3	3	173	0	0	0	0	43	0	0	0	0	17	3	0	0	0	0	0	0	0	3	0	0	110	3	0	0
LOC107842699	LOC107842699	XM_016686656.2	protein_coding	0	2	3	176	0	1	0	0	38	0	0	0	0	17	2	0	0	0	0	0	0	0	2	0	0	119	1	0	1
LOC107842700	LOC107842700	XM_016686657.2	protein_coding	0	0	5	121	1	0	0	0	44	0	0	0	0	32	4	0	0	0	0	0	0	0	0	0	0	45	0	0	0
LOC107842700	LOC107842700	XR_001666020.2		0	0	0	127	0	0	0	0	44	12	0	0	0	28	0	0	0	0	0	0	0	0	0	0	0	43	0	0	0
LOC107842700	LOC107842700	XR_001666022.2		0	0	0	127	0	0	0	0	44	9	0	0	0	28	0	0	0	0	0	0	0	0	0	0	0	46	0	0	0
LOC107842700	LOC107842700	XR_007045130.1		0	0	0	179	0	0	0	0	55	30	0	0	0	51	0	0	0	0	0	0	0	0	0	0	0	43	0	0	0
LOC107842700	LOC107842700	XR_007045131.1		0	0	0	127	0	0	0	0	44	38	0	0	0	2	0	0	0	0	0	0	0	0	0	0	0	43	0	0	0
LOC107842701	LOC107842701	XM_047397082.1	protein_coding	0	2	0	103	0	0	0	0	53	0	0	0	0	14	0	0	0	0	0	0	0	0	2	0	0	34	2	0	0
LOC107842702	LOC107842702	XR_001666024.2		0	0	0	319	0	0	0	0	113	26	0	0	0	67	0	0	0	0	0	0	0	0	0	0	0	113	0	0	0
LOC107842703	LOC107842703	XM_016686659.2	protein_coding	0	1	3	418	0	0	0	0	177	0	0	0	0	32	3	0	0	0	0	0	0	0	1	0	0	201	7	0	1
LOC107842703	LOC107842703	XM_016686660.2	protein_coding	0	1	3	417	0	0	0	0	177	0	0	0	0	32	3	0	0	0	0	0	0	0	1	0	0	200	7	0	1
LOC107842703	LOC107842703	XM_047396998.1	protein_coding	0	3	3	410	0	0	0	0	177	0	0	0	0	17	3	0	0	0	2	0	0	0	1	0	0	195	7	0	14
LOC107842703	LOC107842703	XR_001666025.2		0	0	0	421	0	0	0	0	177	10	0	0	0	34	0	0	0	0	0	0	0	0	0	0	0	200	0	0	0
LOC107842705	LOC107842705	XM_016686661.2	protein_coding	0	7	9	324	0	0	0	0	133	0	0	0	0	22	9	0	0	0	0	0	0	0	7	0	0	109	59	0	1
LOC107842707	LOC107842707	XR_001666027.2		0	0	0	381	0	0	0	0	127	30	0	0	0	43	0	0	0	0	0	0	0	0	0	0	0	181	0	0	0
LOC107842709	LOC107842709	XR_001666028.2		0	0	0	285	0	0	0	0	146	14	0	0	0	49	0	0	0	0	0	0	0	0	0	0	0	76	0	0	0
LOC107842709	LOC107842709	XR_007044900.1		0	0	0	281	0	0	0	0	146	9	0	0	0	46	0	0	0	0	0	0	0	0	0	0	0	80	0	0	0
LOC107842710	LOC107842710	XM_016686666.2	protein_coding	0	4	1	310	0	0	0	0	101	0	0	0	0	88	1	0	0	0	0	0	0	0	4	0	0	120	1	0	0
LOC107842710	LOC107842710	XM_016686667.2	protein_coding	0	4	0	327	0	0	0	0	101	0	0	0	0	90	0	0	0	0	0	0	0	0	4	0	0	128	7	0	1
LOC107842711	LOC107842711	XM_016686668.2	protein_coding	0	6	4	643	0	0	0	0	177	0	0	0	0	239	4	0	0	0	1	0	0	0	5	0	0	222	2	0	3
LOC107842712	LOC107842712	XM_016686669.2	protein_coding	0	7	6	330	0	0	0	0	95	0	0	0	0	57	6	0	0	0	3	0	0	0	4	0	0	163	5	0	10
LOC107842713	LOC107842713	XM_016686671.2	protein_coding	3	3	5	449	0	0	0	0	123	0	3	0	0	138	5	0	0	0	0	0	0	0	3	0	0	181	0	0	7
LOC107842716	LOC107842716	XM_016686673.2	protein_coding	0	3	2	157	0	0	0	0	87	0	0	0	0	48	2	0	0	0	2	0	0	0	1	0	0	11	6	0	5
LOC107842716	LOC107842716	XM_047396983.1	protein_coding	0	1	3	156	0	0	0	0	87	0	0	0	0	47	3	0	0	0	0	0	0	0	1	0	0	16	6	0	0
LOC107842716	LOC107842716	XM_047396984.1	protein_coding	0	2	2	157	0	0	0	0	87	0	0	0	0	44	2	0	0	0	1	0	0	0	1	0	0	17	6	0	3
LOC107842716	LOC107842716	XM_047396985.1	protein_coding	0	3	2	157	0	0	0	0	87	0	0	0	0	40	2	0	0	0	2	0	0	0	1	0	0	20	6	0	4
LOC107842716	LOC107842716	XM_047396986.1	protein_coding	0	2	2	157	0	0	0	0	87	0	0	0	0	45	2	0	0	0	1	0	0	0	1	0	0	17	6	0	2
LOC107842716	LOC107842716	XM_047396987.1	protein_coding	0	1	2	157	0	0	0	0	87	0	0	0	0	43	2	0	0	0	0	0	0	0	1	0	0	19	6	0	2
LOC107842717	LOC107842717	XM_016686674.2	protein_coding	1	3	1	141	0	0	0	0	84	0	1	0	0	18	1	0	0	1	1	0	0	0	2	0	0	33	1	0	6
LOC107842717	LOC107842717	XM_047396988.1	protein_coding	1	3	1	141	0	0	0	0	84	0	1	0	0	18	1	0	0	1	1	0	0	0	2	0	0	33	1	0	6
LOC107842717	LOC107842717	XR_001666029.2		1	0	0	144	0	0	0	0	64	17	0	0	0	32	0	0	0	1	0	0	0	0	0	0	0	33	0	0	0
LOC107842717	LOC107842717	XR_001666030.2		1	0	0	144	0	0	0	0	64	17	0	0	0	32	0	0	0	1	0	0	0	0	0	0	0	33	0	0	0
LOC107842717	LOC107842717	XR_001666031.2		1	0	0	144	0	0	0	0	64	16	0	0	0	33	0	0	0	1	0	0	0	0	0	0	0	33	0	0	0
LOC107842717	LOC107842717	XR_001666032.2		1	0	0	144	0	0	0	0	64	17	0	0	0	32	0	0	0	1	0	0	0	0	0	0	0	33	0	0	0
LOC107842717	LOC107842717	XR_001666033.2		1	0	0	144	0	0	0	0	64	16	0	0	0	33	0	0	0	1	0	0	0	0	0	0	0	33	0	0	0
LOC107842717	LOC107842717	XR_001666034.2		1	0	0	144	0	0	0	0	64	15	0	0	0	34	0	0	0	1	0	0	0	0	0	0	0	33	0	0	0
LOC107842717	LOC107842717	XR_001666035.2		0	0	0	145	0	0	0	0	64	14	0	0	0	34	0	0	0	0	0	0	0	0	0	0	0	33	0	0	0
LOC107842717	LOC107842717	XR_001666036.2		1	0	0	144	0	0	0	0	64	15	0	0	0	34	0	0	0	1	0	0	0	0	0	0	0	33	0	0	0
LOC107842717	LOC107842717	XR_007044987.1		1	0	0	144	0	0	0	0	64	17	0	0	0	32	0	0	0	1	0	0	0	0	0	0	0	33	0	0	0
LOC107842717	LOC107842717	XR_007044988.1		1	0	0	144	0	0	0	0	64	16	0	0	0	33	0	0	0	1	0	0	0	0	0	0	0	33	0	0	0
LOC107842717	LOC107842717	XR_007044989.1		0	0	0	145	0	0	0	0	64	16	0	0	0	32	0	0	0	0	0	0	0	0	0	0	0	33	0	0	0
LOC107842717	LOC107842717	XR_007044990.1		0	0	0	145	0	0	0	0	64	16	0	0	0	32	0	0	0	0	0	0	0	0	0	0	0	33	0	0	0
LOC107842717	LOC107842717	XR_007044991.1		1	0	0	144	0	0	0	0	64	15	0	0	0	34	0	0	0	1	0	0	0	0	0	0	0	33	0	0	0
LOC107842717	LOC107842717	XR_007044992.1		1	0	0	144	0	0	0	0	64	17	0	0	0	32	0	0	0	1	0	0	0	0	0	0	0	33	0	0	0
LOC107842717	LOC107842717	XR_007044993.1		1	0	0	144	0	0	0	0	64	17	0	0	0	32	0	0	0	1	0	0	0	0	0	0	0	33	0	0	0
LOC107842718	LOC107842718	XM_047396989.1	protein_coding	1	1	6	266	0	0	0	0	111	0	0	0	0	60	6	0	0	0	0	0	1	0	1	0	0	87	5	0	3
LOC107842719	LOC107842719	XM_016686676.2	protein_coding	0	5	8	226	0	0	0	0	140	0	0	0	0	3	8	0	0	0	0	0	0	0	5	0	0	80	3	0	0
LOC107842720	LOC107842720	XM_016686677.2	protein_coding	0	4	6	160	0	0	0	0	28	0	0	0	0	69	6	0	0	0	0	0	0	0	4	0	0	61	1	0	1
LOC107842722	LOC107842722	XM_016686678.2	protein_coding	0	2	2	331	0	0	0	0	113	0	0	0	0	103	2	0	0	0	0	0	0	0	2	0	0	113	0	0	2
LOC107842723	LOC107842723	XR_007044981.1		1	0	0	306	0	0	0	0	81	22	0	0	0	63	0	0	0	1	0	0	0	0	0	0	0	141	0	0	0
LOC107842723	LOC107842723	XR_007044982.1		1	0	0	306	0	0	0	0	81	24	0	0	0	61	0	0	0	1	0	0	0	0	0	0	0	141	0	0	0
LOC107842723	LOC107842723	XR_007044983.1		1	0	0	306	0	0	0	0	81	21	0	0	0	64	0	0	0	1	0	0	0	0	0	0	0	141	0	0	0
LOC107842723	LOC107842723	XR_007044984.1		1	0	0	306	0	0	0	0	81	22	0	0	0	63	0	0	0	1	0	0	0	0	0	0	0	141	0	0	0
LOC107842723	LOC107842723	XR_007044985.1		1	0	0	306	0	0	0	0	81	29	0	0	0	56	0	0	0	1	0	0	0	0	0	0	0	141	0	0	0
LOC107842723	LOC107842723	XR_007044986.1		1	0	0	306	0	0	0	0	81	20	0	0	0	65	0	0	0	1	0	0	0	0	0	0	0	141	0	0	0
LOC107842724	LOC107842724	XM_047397083.1	protein_coding	3	20	6	584	0	0	0	0	44	0	1	0	0	406	6	0	0	0	15	1	1	0	5	0	0	65	0	0	69
LOC107842724	LOC107842724	XM_047397084.1	protein_coding	2	18	6	603	0	0	0	0	52	0	0	0	0	413	6	0	0	0	15	1	1	0	3	0	0	65	4	0	69
LOC107842724	LOC107842724	XR_001666044.2		0	0	0	614	0	0	0	0	52	48	0	0	0	449	0	0	0	0	0	0	0	0	0	0	0	65	0	0	0
LOC107842724	LOC107842724	XR_007045132.1		0	0	0	600	0	0	0	0	52	56	0	0	0	359	0	0	0	0	0	0	0	0	0	0	0	133	0	0	0
LOC107842724	LOC107842724	XR_007045133.1		0	0	0	614	0	0	0	0	52	90	0	0	0	407	0	0	0	0	0	0	0	0	0	0	0	65	0	0	0
LOC107842724	LOC107842724	XR_007045134.1		0	0	0	614	0	0	0	0	52	86	0	0	0	411	0	0	0	0	0	0	0	0	0	0	0	65	0	0	0
LOC107842724	LOC107842724	XR_007045135.1		0	0	0	614	0	0	0	0	52	88	0	0	0	409	0	0	0	0	0	0	0	0	0	0	0	65	0	0	0
LOC107842724	LOC107842724	XR_007045136.1		0	0	0	614	0	0	0	0	52	91	0	0	0	406	0	0	0	0	0	0	0	0	0	0	0	65	0	0	0
LOC107842724	LOC107842724	XR_007045137.1		0	0	0	614	0	0	0	0	52	111	0	0	0	386	0	0	0	0	0	0	0	0	0	0	0	65	0	0	0
LOC107842724	LOC107842724	XR_007045138.1		0	0	0	614	0	0	0	0	52	89	0	0	0	408	0	0	0	0	0	0	0	0	0	0	0	65	0	0	0
LOC107842724	LOC107842724	XR_007045139.1		0	0	0	614	0	0	0	0	52	110	0	0	0	387	0	0	0	0	0	0	0	0	0	0	0	65	0	0	0
LOC107842724	LOC107842724	XR_007045140.1		0	0	0	614	0	0	0	0	52	90	0	0	0	407	0	0	0	0	0	0	0	0	0	0	0	65	0	0	0
LOC107842724	LOC107842724	XR_007045141.1		0	0	0	614	0	0	0	0	52	45	0	0	0	452	0	0	0	0	0	0	0	0	0	0	0	65	0	0	0
LOC107842724	LOC107842724	XR_007045142.1		0	0	0	614	0	0	0	0	52	90	0	0	0	407	0	0	0	0	0	0	0	0	0	0	0	65	0	0	0
LOC107842724	LOC107842724	XR_007045143.1		0	0	0	614	0	0	0	0	52	89	0	0	0	408	0	0	0	0	0	0	0	0	0	0	0	65	0	0	0
LOC107842724	LOC107842724	XR_007045144.1		0	0	0	614	0	0	0	0	52	91	0	0	0	406	0	0	0	0	0	0	0	0	0	0	0	65	0	0	0
LOC107842724	LOC107842724	XR_007045145.1		0	0	0	614	0	0	0	0	52	90	0	0	0	407	0	0	0	0	0	0	0	0	0	0	0	65	0	0	0
LOC107842725	LOC107842725	XM_016686681.2	protein_coding	1	4	1	485	0	0	0	0	30	0	0	0	0	339	1	0	0	0	0	1	0	0	4	0	0	109	7	0	0
LOC107842725	LOC107842725	XM_047397007.1	protein_coding	0	4	1	472	0	0	0	0	30	0	0	0	0	337	1	0	0	0	0	0	0	0	4	0	0	98	7	0	0
LOC107842726	LOC107842726	XM_047397008.1	protein_coding	0	2	1	1159	0	0	0	0	101	0	0	0	0	974	1	0	0	0	0	0	0	0	2	0	0	82	2	0	0
LOC107842727	LOC107842727	XM_016686684.2	protein_coding	0	3	4	767	0	0	0	0	73	0	0	0	0	558	4	0	0	0	0	0	0	0	3	0	0	130	2	0	4
LOC107842727	LOC107842727	XM_016686686.2	protein_coding	0	3	3	777	0	0	0	0	77	0	0	0	0	559	3	0	0	0	0	0	0	0	3	0	0	130	5	0	6
LOC107842727	LOC107842727	XM_016686687.2	protein_coding	0	3	3	572	0	0	0	0	94	0	0	0	0	344	3	0	0	0	0	0	0	0	3	0	0	129	0	0	5
LOC107842727	LOC107842727	XM_016686688.2	protein_coding	0	3	2	776	0	0	0	0	77	0	0	0	0	560	2	0	0	0	0	0	0	0	3	0	0	130	5	0	4
LOC107842727	LOC107842727	XM_047396938.1	protein_coding	1	3	4	447	0	0	0	0	75	0	1	0	0	232	4	0	0	0	0	0	0	0	3	0	0	129	5	0	6
LOC107842727	LOC107842727	XM_047396939.1	protein_coding	1	3	4	446	0	0	0	0	80	0	1	0	0	232	4	0	0	0	0	0	0	0	3	0	0	131	0	0	3
LOC107842727	LOC107842727	XM_047396940.1	protein_coding	1	3	5	765	0	0	0	0	73	0	0	0	0	557	5	0	1	0	0	0	0	0	3	0	0	130	2	0	4
LOC107842727	LOC107842727	XM_047396941.1	protein_coding	0	3	3	775	0	0	0	0	77	0	0	0	0	559	3	0	0	0	0	0	0	0	3	0	0	131	5	0	3
LOC107842727	LOC107842727	XM_047396942.1	protein_coding	0	3	3	572	0	0	0	0	94	0	0	0	0	344	3	0	0	0	0	0	0	0	3	0	0	131	0	0	3
LOC107842727	LOC107842727	XR_001666054.2		1	0	0	773	0	0	0	0	73	14	0	0	0	557	0	0	1	0	0	0	0	0	0	0	0	130	0	0	0
LOC107842727	LOC107842727	XR_007044969.1		1	0	0	773	0	0	0	0	73	15	0	0	0	556	0	0	1	0	0	0	0	0	0	0	0	130	0	0	0
LOC107842727	LOC107842727	XR_007044970.1		1	0	0	773	0	0	0	0	73	15	0	0	0	556	0	0	1	0	0	0	0	0	0	0	0	130	0	0	0
LOC107842728	LOC107842728	XM_047396892.1	protein_coding	0	1	0	914	0	0	0	0	83	0	0	0	0	730	0	0	0	0	0	0	0	0	1	0	0	98	3	0	0
LOC107842733	LOC107842733	XM_047396879.1	protein_coding	1	1	1	122	0	0	0	0	55	0	0	0	0	20	1	0	0	0	1	0	0	1	0	0	0	42	3	0	2
LOC107842733	LOC107842733	XM_047396880.1	protein_coding	0	1	1	113	0	0	0	0	55	0	0	0	0	12	1	0	0	0	1	0	0	0	0	0	0	42	2	0	2
LOC107842733	LOC107842733	XM_047396881.1	protein_coding	0	1	0	114	0	0	0	0	55	0	0	0	0	12	0	0	0	0	1	0	0	0	0	0	0	42	3	0	2
LOC107842733	LOC107842733	XM_047396882.1	protein_coding	0	1	0	114	0	0	0	0	58	0	0	0	0	12	0	0	0	0	1	0	0	0	0	0	0	42	0	0	2
LOC107842734	LOC107842734	XM_047396878.1	protein_coding	0	0	3	397	0	0	0	0	58	0	0	0	0	177	3	0	0	0	0	0	0	0	0	0	0	158	2	0	2
LOC107842735	LOC107842735	XM_047396883.1	protein_coding	0	4	5	769	0	0	0	0	122	0	0	0	0	479	5	0	0	0	1	0	0	0	3	0	0	164	1	0	3
LOC107842735	LOC107842735	XM_047396884.1	protein_coding	0	3	4	713	0	0	0	0	122	0	0	0	0	468	4	0	0	0	0	0	0	0	3	0	0	121	1	0	1
LOC107842736	LOC107842736	XM_016686702.2	protein_coding	0	9	6	492	0	0	0	0	124	0	0	0	0	262	6	0	0	0	0	0	0	0	9	0	0	102	0	0	4
LOC107842736	LOC107842736	XM_047396905.1	protein_coding	1	9	6	491	0	0	0	0	124	0	1	0	0	261	6	0	0	0	0	0	0	0	9	0	0	102	0	0	4
LOC107842736	LOC107842736	XM_047396906.1	protein_coding	0	8	6	493	0	0	0	0	124	0	0	0	0	263	6	0	0	0	0	0	0	0	8	0	0	102	0	0	4
LOC107842736	LOC107842736	XM_047396907.1	protein_coding	1	7	6	483	0	0	0	0	124	0	1	0	0	261	6	0	0	0	0	0	0	0	7	0	0	97	0	0	1
LOC107842737	LOC107842737	XM_016686704.2	protein_coding	1	6	4	390	0	0	0	0	148	0	0	0	0	54	4	0	1	0	5	0	0	0	1	0	0	161	3	0	25
LOC107842737	LOC107842737	XM_016686705.2	protein_coding	1	6	4	390	0	0	0	0	148	0	0	0	0	54	4	0	1	0	5	0	0	0	1	0	0	161	3	0	25
LOC107842737	LOC107842737	XM_016686708.2	protein_coding	0	6	4	391	0	0	0	0	148	0	0	0	0	56	4	0	0	0	5	0	0	0	1	0	0	162	1	0	24
LOC107842737	LOC107842737	XM_016686711.2	protein_coding	1	6	5	580	0	0	0	0	67	0	0	0	0	319	5	0	1	0	5	0	0	0	1	0	0	161	9	0	25
LOC107842737	LOC107842737	XM_016686712.2	protein_coding	1	6	4	390	0	0	0	0	148	0	0	0	0	56	4	0	1	0	5	0	0	0	1	0	0	161	1	0	25
LOC107842737	LOC107842737	XM_047396900.1	protein_coding	1	5	5	580	0	0	0	0	69	0	0	0	0	322	5	0	1	0	4	0	0	0	1	0	0	161	7	0	22
LOC107842737	LOC107842737	XM_047396901.1	protein_coding	1	6	5	580	0	0	0	0	67	0	0	0	0	319	5	0	1	0	5	0	0	0	1	0	0	161	9	0	25
LOC107842737	LOC107842737	XM_047396902.1	protein_coding	1	5	5	580	0	0	0	0	67	0	0	0	0	322	5	0	1	0	4	0	0	0	1	0	0	161	9	0	22
LOC107842737	LOC107842737	XM_047396903.1	protein_coding	1	5	4	390	0	0	0	0	148	0	0	0	0	59	4	0	1	0	4	0	0	0	1	0	0	162	1	0	21
LOC107842737	LOC107842737	XM_047396904.1	protein_coding	1	6	4	390	0	0	0	0	148	0	0	0	0	56	4	0	1	0	5	0	0	0	1	0	0	161	1	0	25
LOC107842737	LOC107842737	XR_001666060.2		1	0	0	395	0	0	0	0	148	31	0	0	0	55	0	0	1	0	0	0	0	0	0	0	0	162	0	0	0
LOC107842737	LOC107842737	XR_001666062.2		1	0	0	395	0	0	0	0	148	31	0	0	0	55	0	0	1	0	0	0	0	0	0	0	0	162	0	0	0
LOC107842737	LOC107842737	XR_001666063.2		1	0	0	395	0	0	0	0	148	30	0	0	0	56	0	0	1	0	0	0	0	0	0	0	0	162	0	0	0
LOC107842737	LOC107842737	XR_001666064.2		1	0	0	395	0	0	0	0	148	30	0	0	0	56	0	0	1	0	0	0	0	0	0	0	0	162	0	0	0
LOC107842737	LOC107842737	XR_001666067.2		1	0	0	586	0	0	0	0	67	39	0	0	0	319	0	0	1	0	0	0	0	0	0	0	0	162	0	0	0
LOC107842737	LOC107842737	XR_007044918.1		1	0	0	395	0	0	0	0	148	27	0	0	0	59	0	0	1	0	0	0	0	0	0	0	0	162	0	0	0
LOC107842737	LOC107842737	XR_007044919.1		1	0	0	395	0	0	0	0	148	30	0	0	0	56	0	0	1	0	0	0	0	0	0	0	0	162	0	0	0
LOC107842737	LOC107842737	XR_007044920.1		1	0	0	395	0	0	0	0	148	31	0	0	0	57	0	0	1	0	0	0	0	0	0	0	0	160	0	0	0
LOC107842737	LOC107842737	XR_007044921.1		1	0	0	586	0	0	0	0	69	34	0	0	0	322	0	0	1	0	0	0	0	0	0	0	0	162	0	0	0
LOC107842737	LOC107842737	XR_007044922.1		1	0	0	395	0	0	0	0	148	27	0	0	0	59	0	0	1	0	0	0	0	0	0	0	0	162	0	0	0
LOC107842737	LOC107842737	XR_007044923.1		0	0	0	396	0	0	0	0	148	30	0	0	0	56	0	0	0	0	0	0	0	0	0	0	0	162	0	0	0
LOC107842737	LOC107842737	XR_007044924.1		0	0	0	396	0	0	0	0	148	32	0	0	0	55	0	0	0	0	0	0	0	0	0	0	0	161	0	0	0
LOC107842737	LOC107842737	XR_007044925.1		1	0	0	395	0	0	0	0	148	29	0	0	0	57	0	0	1	0	0	0	0	0	0	0	0	162	0	0	0
LOC107842737	LOC107842737	XR_007044926.1		1	0	0	586	0	0	0	0	67	39	0	0	0	319	0	0	1	0	0	0	0	0	0	0	0	162	0	0	0
LOC107842738	LOC107842738	XM_016686713.2	protein_coding	0	5	0	160	0	0	0	0	104	0	0	0	0	38	0	0	0	0	1	0	0	0	4	0	0	10	1	0	7
LOC107842739	LOC107842739	XM_016686714.2	protein_coding	0	0	2	314	0	0	0	0	113	0	0	0	0	75	2	0	0	0	0	0	0	0	0	0	0	122	4	0	0
LOC107842739	LOC107842739	XM_016686715.2	protein_coding	0	0	1	320	0	0	0	0	113	0	0	0	0	79	1	0	0	0	0	0	0	0	0	0	0	124	4	0	0
LOC107842739	LOC107842739	XM_047396181.1	protein_coding	0	0	2	320	0	0	0	0	113	0	0	0	0	78	2	0	0	0	0	0	0	0	0	0	0	125	4	0	0
LOC107842739	LOC107842739	XM_047396182.1	protein_coding	0	0	1	320	0	0	0	0	113	0	0	0	0	79	1	0	0	0	0	0	0	0	0	0	0	124	4	0	0
LOC107842741	LOC107842741	XM_016686716.2	protein_coding	0	4	0	346	0	0	0	0	166	0	0	0	0	44	0	0	0	0	0	0	0	0	4	0	0	133	2	0	1
LOC107842742	LOC107842742	XM_016686717.2	protein_coding	0	2	4	565	0	0	0	0	114	0	0	0	0	307	4	0	0	0	0	0	0	0	2	0	0	140	1	0	3
LOC107842742	LOC107842742	XM_016686718.2	protein_coding	0	2	3	533	0	0	0	0	110	0	0	0	0	280	3	0	0	0	0	0	0	0	2	0	0	140	0	0	3
LOC107842742	LOC107842742	XM_047396184.1	protein_coding	0	2	3	530	0	0	0	0	107	0	0	0	0	280	3	0	0	0	0	0	0	0	2	0	0	140	0	0	3
LOC107842745	LOC107842745	XM_016686721.2	protein_coding	0	6	5	376	0	0	0	0	107	0	0	0	0	183	5	0	0	0	1	0	0	0	5	0	0	80	2	0	4
LOC107842745	LOC107842745	XM_016686722.2	protein_coding	0	6	5	376	0	0	0	0	107	0	0	0	0	183	5	0	0	0	1	0	0	0	5	0	0	76	2	0	8
LOC107842745	LOC107842745	XM_016686723.2	protein_coding	0	6	5	376	0	0	0	0	107	0	0	0	0	183	5	0	0	0	1	0	0	0	5	0	0	80	2	0	4
LOC107842745	LOC107842745	XM_016686724.2	protein_coding	0	6	4	377	0	0	0	0	107	0	0	0	0	184	4	0	0	0	1	0	0	0	5	0	0	80	2	0	4
LOC107842745	LOC107842745	XM_016686725.2	protein_coding	0	6	4	377	0	0	0	0	107	0	0	0	0	184	4	0	0	0	1	0	0	0	5	0	0	80	2	0	4
LOC107842745	LOC107842745	XM_047396856.1	protein_coding	0	6	5	376	0	0	0	0	107	0	0	0	0	183	5	0	0	0	1	0	0	0	5	0	0	80	2	0	4
LOC107842745	LOC107842745	XM_047396857.1	protein_coding	0	6	4	377	0	0	0	0	107	0	0	0	0	184	4	0	0	0	1	0	0	0	5	0	0	80	2	0	4
LOC107842749	LOC107842749	XM_047396811.1	protein_coding	0	4	5	188	0	0	0	0	145	0	0	0	0	20	5	0	0	0	0	0	0	0	4	0	0	21	2	0	0
LOC107842753	LOC107842753	XM_016686729.2	protein_coding	0	1	1	186	0	0	0	0	64	0	0	0	0	36	1	0	0	0	0	0	0	0	1	0	0	80	4	0	2
LOC107842753	LOC107842753	XM_016686730.2	protein_coding	0	1	1	186	0	0	0	0	64	0	0	0	0	36	1	0	0	0	0	0	0	0	1	0	0	80	4	0	2
LOC107842753	LOC107842753	XM_016686734.2	protein_coding	0	1	1	186	0	0	0	0	64	0	0	0	0	36	1	0	0	0	0	0	0	0	1	0	0	80	4	0	2
LOC107842753	LOC107842753	XM_047396808.1	protein_coding	0	1	1	173	0	0	0	0	56	0	0	0	0	35	1	0	0	0	0	0	0	0	1	0	0	80	0	0	2
LOC107842755	LOC107842755	XM_016686736.2	protein_coding	0	3	4	207	0	0	0	0	52	0	0	0	0	33	4	0	0	0	0	0	0	0	3	0	0	115	1	0	6
LOC107842755	LOC107842755	XM_016686737.2	protein_coding	0	2	4	210	0	0	0	0	52	0	0	0	0	34	4	0	0	0	0	0	0	0	2	0	0	116	1	0	7
LOC107842756	LOC107842756	XR_001666073.2		0	0	0	367	0	0	0	0	77	48	0	0	0	81	0	0	0	0	0	0	0	0	0	0	0	161	0	0	0
LOC107842757	LOC107842757	XM_016686739.2	protein_coding	0	0	0	32	0	0	0	0	15	0	0	0	0	1	0	0	0	0	0	0	0	0	0	0	0	16	0	0	0
LOC107842757	LOC107842757	XM_047396809.1	protein_coding	0	0	0	32	0	0	0	0	15	0	0	0	0	1	0	0	0	0	0	0	0	0	0	0	0	16	0	0	0
LOC107842757	LOC107842757	XM_047396810.1	protein_coding	0	0	0	32	0	0	0	0	15	0	0	0	0	1	0	0	0	0	0	0	0	0	0	0	0	16	0	0	0
LOC107842758	LOC107842758	XM_016686740.2	protein_coding	0	3	2	65	0	0	0	0	24	0	0	0	0	7	2	0	0	0	1	0	0	0	2	0	0	31	1	0	2
LOC107842759	LOC107842759	XR_007044840.1		0	0	0	263	0	0	0	0	152	10	0	0	0	2	0	0	0	0	0	0	0	0	0	0	0	99	0	0	0
LOC107842760	LOC107842760	XR_001666078.2		0	0	0	287	0	0	0	0	186	1	0	0	0	62	0	0	0	0	0	0	0	0	0	0	0	38	0	0	0
LOC107842762	LOC107842762	XM_016686744.2	protein_coding	0	0	2	102	0	0	0	0	38	0	0	0	0	18	2	0	0	0	0	0	0	0	0	0	0	44	1	0	1
LOC107842763	LOC107842763	XM_016686748.2	protein_coding	0	0	0	5	0	0	0	0	1	0	0	0	0	0	0	0	0	0	0	0	0	0	0	0	0	4	0	0	0
LOC107842763	LOC107842763	XM_016686749.2	protein_coding	0	0	0	5	0	0	0	0	1	0	0	0	0	0	0	0	0	0	0	0	0	0	0	0	0	4	0	0	0
LOC107842763	LOC107842763	XR_007044828.1		0	0	0	5	0	0	0	0	1	0	0	0	0	0	0	0	0	0	0	0	0	0	0	0	0	4	0	0	0
LOC107842763	LOC107842763	XR_007044829.1		0	0	0	5	0	0	0	0	1	0	0	0	0	0	0	0	0	0	0	0	0	0	0	0	0	4	0	0	0
LOC107842763	LOC107842763	XR_007044830.1		0	0	0	5	0	0	0	0	1	0	0	0	0	0	0	0	0	0	0	0	0	0	0	0	0	4	0	0	0
LOC107842763	LOC107842763	XR_007044831.1		0	0	0	5	0	0	0	0	1	0	0	0	0	0	0	0	0	0	0	0	0	0	0	0	0	4	0	0	0
LOC107842763	LOC107842763	XR_007044832.1		0	0	0	5	0	0	0	0	1	0	0	0	0	0	0	0	0	0	0	0	0	0	0	0	0	4	0	0	0
LOC107842763	LOC107842763	XR_007044833.1		0	0	0	10	0	0	0	0	5	1	0	0	0	0	0	0	0	0	0	0	0	0	0	0	0	4	0	0	0
LOC107842763	LOC107842763	XR_007044834.1		0	0	0	5	0	0	0	0	1	0	0	0	0	0	0	0	0	0	0	0	0	0	0	0	0	4	0	0	0
LOC107842763	LOC107842763	XR_007044835.1		0	0	0	5	0	0	0	0	1	0	0	0	0	0	0	0	0	0	0	0	0	0	0	0	0	4	0	0	0
LOC107842765	LOC107842765	XM_016686751.2	protein_coding	0	0	0	64	0	0	0	0	56	0	0	0	0	3	0	0	0	0	0	0	0	0	0	0	0	5	0	0	0
LOC107842765	LOC107842765	XM_016686752.2	protein_coding	0	0	0	64	0	0	0	0	56	0	0	0	0	3	0	0	0	0	0	0	0	0	0	0	0	5	0	0	0
LOC107842765	LOC107842765	XM_016686753.2	protein_coding	0	0	0	64	0	0	0	0	56	0	0	0	0	3	0	0	0	0	0	0	0	0	0	0	0	5	0	0	0
LOC107842765	LOC107842765	XM_047396804.1	protein_coding	0	0	0	64	0	0	0	0	56	0	0	0	0	3	0	0	0	0	0	0	0	0	0	0	0	5	0	0	0
LOC107842767	LOC107842767	XM_016686754.2	protein_coding	0	2	1	167	0	0	0	0	53	0	0	0	0	43	1	0	0	0	0	0	0	0	2	0	0	61	4	0	6
LOC107842767	LOC107842767	XM_016686755.2	protein_coding	0	2	1	167	0	0	0	0	53	0	0	0	0	42	1	0	0	0	0	0	0	0	2	0	0	61	5	0	6
LOC107842767	LOC107842767	XM_016686757.2	protein_coding	0	2	1	167	0	0	0	0	53	0	0	0	0	42	1	0	0	0	0	0	0	0	2	0	0	61	5	0	6
LOC107842769	LOC107842769	XM_016686768.2	protein_coding	0	0	0	111	0	0	0	0	24	0	0	0	0	32	0	0	0	0	0	0	0	0	0	0	0	53	1	0	1
LOC107842769	LOC107842769	XM_047396800.1	protein_coding	0	0	0	110	0	0	0	0	24	0	0	0	0	32	0	0	0	0	0	0	0	0	0	0	0	52	1	0	1
LOC107842769	LOC107842769	XM_047396801.1	protein_coding	0	0	0	110	0	0	0	0	24	0	0	0	0	32	0	0	0	0	0	0	0	0	0	0	0	52	1	0	1
LOC107842771	LOC107842771	XM_016686790.2	protein_coding	0	3	1	177	0	0	0	0	70	0	0	0	0	76	1	0	0	0	0	0	0	0	3	0	0	27	2	0	2
LOC107842771	LOC107842771	XM_016686791.2	protein_coding	0	2	1	178	0	0	0	0	70	0	0	0	0	76	1	0	0	0	0	0	0	0	2	0	0	27	3	0	2
LOC107842771	LOC107842771	XM_016686792.2	protein_coding	0	3	0	179	0	0	0	0	70	0	0	0	0	73	0	0	0	0	1	0	0	0	2	0	0	27	2	0	7
LOC107842771	LOC107842771	XM_016686793.2	protein_coding	0	3	1	177	0	0	0	0	70	0	0	0	0	76	1	0	0	0	0	0	0	0	3	0	0	27	2	0	2
LOC107842771	LOC107842771	XM_016686795.2	protein_coding	0	2	1	178	0	0	0	0	70	0	0	0	0	76	1	0	0	0	0	0	0	0	2	0	0	27	3	0	2
LOC107842771	LOC107842771	XM_016686796.2	protein_coding	0	3	0	179	0	0	0	0	70	0	0	0	0	73	0	0	0	0	1	0	0	0	2	0	0	27	2	0	7
LOC107842771	LOC107842771	XR_007044824.1		0	0	0	181	0	0	0	0	70	16	0	0	0	68	0	0	0	0	0	0	0	0	0	0	0	27	0	0	0
LOC107842771	LOC107842771	XR_007044825.1		0	0	0	181	0	0	0	0	70	16	0	0	0	68	0	0	0	0	0	0	0	0	0	0	0	27	0	0	0
LOC107842771	LOC107842771	XR_007044826.1		0	0	0	181	0	0	0	0	70	16	0	0	0	68	0	0	0	0	0	0	0	0	0	0	0	27	0	0	0
LOC107842771	LOC107842771	XR_007044827.1		0	0	0	184	0	0	0	0	65	16	0	0	0	76	0	0	0	0	0	0	0	0	0	0	0	27	0	0	0
LOC107842773	LOC107842773	XM_016686797.2	protein_coding	0	3	1	233	0	0	0	0	75	0	0	0	0	20	1	0	0	0	0	0	0	0	3	0	0	130	5	0	3
LOC107842775	LOC107842775	XM_016686799.2	protein_coding	0	2	0	167	0	0	0	0	62	0	0	0	0	0	0	0	0	0	0	0	0	0	2	0	0	105	0	0	0
LOC107842776	LOC107842776	XM_016686800.2	protein_coding	0	0	0	14	0	0	0	0	7	0	0	0	0	2	0	0	0	0	0	0	0	0	0	0	0	5	0	0	0
LOC107842777	LOC107842777	XM_016686801.2	protein_coding	0	0	0	132	0	0	0	0	126	0	0	0	0	3	0	0	0	0	0	0	0	0	0	0	0	3	0	0	0
LOC107842778	LOC107842778	XM_016686802.2	protein_coding	0	1	0	124	0	0	0	0	93	0	0	0	0	2	0	0	0	0	0	0	0	0	1	0	0	29	0	0	0
LOC107842779	LOC107842779	XR_001666087.2		0	0	0	134	0	0	0	0	31	8	0	0	0	41	0	0	0	0	0	0	0	0	0	0	0	54	0	0	0
LOC107842780	LOC107842780	XM_047396792.1	protein_coding	0	0	1	153	0	0	0	0	53	0	0	0	0	72	1	0	0	0	0	0	0	0	0	0	0	25	3	0	0
LOC107842781	LOC107842781	XM_016686804.2	protein_coding	0	3	2	131	0	0	0	0	60	0	0	0	0	16	2	0	0	0	0	0	0	0	3	0	0	55	0	0	0
LOC107842781	LOC107842781	XM_016686805.2	protein_coding	0	3	2	590	0	0	0	0	81	0	0	0	0	453	2	0	0	0	0	0	0	0	3	0	0	55	1	0	0
LOC107842781	LOC107842781	XM_047396793.1	protein_coding	0	2	2	130	0	0	0	0	60	0	0	0	0	16	2	0	0	0	0	0	0	0	2	0	0	54	0	0	0
LOC107842783	LOC107842783	XM_016686807.2	protein_coding	0	1	5	232	0	0	0	0	87	0	0	0	0	14	5	0	0	0	0	0	0	0	1	0	0	129	2	0	0
LOC107842784	LOC107842784	XR_007044804.1		0	0	0	364	0	0	0	0	171	24	0	0	0	41	0	0	0	0	0	0	0	0	0	0	0	128	0	0	0
LOC107842784	LOC107842784	XR_007044805.1		0	0	0	365	0	0	0	0	166	25	0	0	0	45	0	0	0	0	0	0	0	0	0	0	0	129	0	0	0
LOC107842784	LOC107842784	XR_007044806.1		0	0	0	365	0	0	0	0	166	25	0	0	0	45	0	0	0	0	0	0	0	0	0	0	0	129	0	0	0
LOC107842784	LOC107842784	XR_007044807.1		0	0	0	364	0	0	0	0	171	26	0	0	0	39	0	0	0	0	0	0	0	0	0	0	0	128	0	0	0
LOC107842784	LOC107842784	XR_007044808.1		0	0	0	364	0	0	0	0	171	25	0	0	0	40	0	0	0	0	0	0	0	0	0	0	0	128	0	0	0
LOC107842785	LOC107842785	XM_047396794.1	protein_coding	0	4	5	420	0	0	0	0	116	0	0	0	0	192	5	0	0	0	0	0	0	0	4	0	0	109	0	0	3
LOC107842786	LOC107842786	XM_016686811.2	protein_coding	0	7	11	219	0	0	0	0	71	0	0	0	0	41	11	0	0	0	1	0	0	0	6	0	0	105	1	0	1
LOC107842787	LOC107842787	XM_047396787.1	protein_coding	0	0	3	252	0	0	0	0	109	0	0	0	0	29	3	0	0	0	0	0	0	0	0	0	0	111	0	0	3
LOC107842787	LOC107842787	XM_047396788.1	protein_coding	0	1	3	252	0	0	0	0	109	0	0	0	0	28	3	0	0	0	1	0	0	0	0	0	0	111	0	0	4
LOC107842787	LOC107842787	XM_047396789.1	protein_coding	0	0	3	255	0	0	0	0	109	0	0	0	0	29	3	0	0	0	0	0	0	0	0	0	0	113	0	0	4
LOC107842787	LOC107842787	XR_001666090.2		0	0	0	255	0	0	0	0	109	7	0	0	0	28	0	0	0	0	0	0	0	0	0	0	0	111	0	0	0
LOC107842787	LOC107842787	XR_007044799.1		0	0	0	255	0	0	0	0	109	23	0	0	0	12	0	0	0	0	0	0	0	0	0	0	0	111	0	0	0
LOC107842788	LOC107842788	XM_047396785.1	protein_coding	1	3	5	149	0	0	0	0	92	0	0	0	0	19	5	0	0	0	0	0	0	1	3	0	0	33	2	0	3
LOC107842788	LOC107842788	XM_047396786.1	protein_coding	1	3	3	152	0	0	0	0	92	0	0	0	0	20	3	0	0	0	1	0	0	1	2	0	0	33	2	0	5
LOC107842789	LOC107842789	XM_016686813.2	protein_coding	0	5	4	278	0	0	0	0	46	0	0	0	0	116	4	0	0	0	0	0	0	0	5	0	0	105	9	0	2
LOC107842789	LOC107842789	XM_016686814.2	protein_coding	0	5	4	277	0	0	0	0	46	0	0	0	0	116	4	0	0	0	0	0	0	0	5	0	0	106	9	0	0
LOC107842791	LOC107842791	XM_016686815.2	protein_coding	0	1	0	160	0	0	0	0	81	0	0	0	0	1	0	0	0	0	0	0	0	0	1	0	0	75	1	0	2
LOC107842792	LOC107842792	XM_016686816.2	protein_coding	0	1	1	229	0	0	0	0	91	0	0	0	0	30	1	0	0	0	0	0	0	0	1	0	0	107	0	0	1
LOC107842792	LOC107842792	XM_047396784.1	protein_coding	0	1	1	205	0	0	0	0	91	0	0	0	0	16	1	0	0	0	0	0	0	0	1	0	0	96	0	0	2
LOC107842793	LOC107842793	XR_001666093.2		1	0	0	252	0	0	0	0	127	9	0	0	0	14	0	0	1	0	0	0	0	0	0	0	0	103	0	0	0
LOC107842793	LOC107842793	XR_001666094.2		1	0	0	252	0	0	0	0	127	9	0	0	0	14	0	0	1	0	0	0	0	0	0	0	0	103	0	0	0
LOC107842794	LOC107842794	XM_016686819.2	protein_coding	0	2	4	279	0	0	0	0	127	0	0	0	0	103	4	0	0	0	0	0	0	0	2	0	0	47	2	0	0
LOC107842794	LOC107842794	XM_047396783.1	protein_coding	0	2	4	269	0	0	0	0	119	0	0	0	0	97	4	0	0	0	0	0	0	0	2	0	0	47	6	0	0
LOC107842795	LOC107842795	XM_016686820.2	protein_coding	0	2	4	395	0	0	0	1	101	0	0	0	0	166	3	0	0	0	0	0	0	0	2	0	0	119	1	0	8
LOC107842796	LOC107842796	XM_016686821.2	protein_coding	0	2	5	189	0	0	0	0	61	0	0	0	0	16	5	0	0	0	0	0	0	0	2	0	0	103	1	0	8
LOC107842796	LOC107842796	XM_016686822.2	protein_coding	0	1	5	189	0	0	0	0	61	0	0	0	0	17	5	0	0	0	0	0	0	0	1	0	0	110	1	0	0
LOC107842796	LOC107842796	XM_047396782.1	protein_coding	1	1	4	189	0	0	0	0	61	0	0	0	0	16	4	0	0	0	0	1	0	0	1	0	0	110	1	0	1
LOC107842797	LOC107842797	NM_001324600.1	protein_coding	0	0	0	9	0	0	0	0	6	0	0	0	0	0	0	0	0	0	0	0	0	0	0	0	0	3	0	0	0
LOC107842797	LOC107842797	XM_016686823.2	protein_coding	0	0	0	9	0	0	0	0	6	0	0	0	0	0	0	0	0	0	0	0	0	0	0	0	0	2	0	0	1
LOC107842797	LOC107842797	XM_016686824.2	protein_coding	0	0	0	9	0	0	0	0	6	0	0	0	0	1	0	0	0	0	0	0	0	0	0	0	0	2	0	0	0
LOC107842797	LOC107842797	XM_016686825.2	protein_coding	0	0	0	9	0	0	0	0	6	0	0	0	0	1	0	0	0	0	0	0	0	0	0	0	0	2	0	0	0
LOC107842797	LOC107842797	XM_047395882.1	protein_coding	0	0	0	9	0	0	0	0	6	0	0	0	0	0	0	0	0	0	0	0	0	0	0	0	0	3	0	0	0
LOC107842800	LOC107842800	XR_001666097.2		0	0	0	185	0	0	0	0	43	25	0	0	0	56	0	0	0	0	0	0	0	0	0	0	0	61	0	0	0
LOC107842801	LOC107842801	XM_016686829.2	protein_coding	0	1	6	133	0	0	0	0	47	0	0	0	0	12	6	0	0	0	0	0	0	0	1	0	0	67	4	0	3
LOC107842802	LOC107842802	XM_016686830.2	protein_coding	0	9	11	161	0	1	0	0	69	0	0	0	0	9	10	0	0	0	3	0	0	0	6	0	0	56	0	0	27
LOC107842803	LOC107842803	XM_016686833.2	protein_coding	0	2	3	79	0	0	0	0	21	0	0	0	0	0	3	0	0	0	1	0	0	0	1	0	0	54	0	0	4
LOC107842806	LOC107842806	XR_001666099.2		0	0	0	164	0	0	0	0	48	36	0	0	0	5	0	0	0	0	0	0	0	0	0	0	0	75	0	0	0
LOC107842806	LOC107842806	XR_001666100.2		0	0	0	165	0	0	0	0	49	36	0	0	0	5	0	0	0	0	0	0	0	0	0	0	0	75	0	0	0
LOC107842806	LOC107842806	XR_001666101.2		0	0	0	164	0	0	0	0	48	23	0	0	0	17	0	0	0	0	0	0	0	0	0	0	0	76	0	0	0
LOC107842806	LOC107842806	XR_001666104.2		0	0	0	164	0	0	0	0	48	20	0	0	0	21	0	0	0	0	0	0	0	0	0	0	0	75	0	0	0
LOC107842806	LOC107842806	XR_007044821.1		0	0	0	165	0	0	0	0	49	20	0	0	0	21	0	0	0	0	0	0	0	0	0	0	0	75	0	0	0
LOC107842806	LOC107842806	XR_007044822.1		0	0	0	164	0	0	0	0	48	24	0	0	0	17	0	0	0	0	0	0	0	0	0	0	0	75	0	0	0
LOC107842807	LOC107842807	XR_001666107.2		0	0	0	420	0	0	0	0	49	29	0	0	0	310	0	0	0	0	0	0	0	0	0	0	0	32	0	0	0
LOC107842808	LOC107842808	XM_016686837.2	protein_coding	0	8	3	415	0	0	0	0	169	0	0	0	0	0	3	0	0	0	2	0	0	0	6	0	0	228	7	0	11
LOC107842809	LOC107842809	XR_007044800.1		0	0	0	317	0	0	0	0	113	17	0	0	0	69	0	0	0	0	0	0	0	0	0	0	0	118	0	0	0
LOC107842810	LOC107842810	XM_016686838.2	protein_coding	0	4	3	275	0	0	0	0	96	0	0	0	0	101	3	0	0	0	1	0	0	0	3	0	0	68	6	0	4
LOC107842810	LOC107842810	XM_047396790.1	protein_coding	0	4	3	270	0	0	0	0	96	0	0	0	0	101	3	0	0	0	1	0	0	0	3	0	0	66	6	0	1
LOC107842812	LOC107842812	XM_016686839.2	protein_coding	0	1	0	97	0	0	0	0	17	0	0	0	0	19	0	0	0	0	0	0	0	0	1	0	0	54	4	0	3
LOC107842813	LOC107842813	XM_016686840.2	protein_coding	0	0	1	280	0	0	0	0	53	0	0	0	0	170	1	0	0	0	0	0	0	0	0	0	0	55	1	0	1
LOC107842813	LOC107842813	XR_001666110.2		0	0	0	281	0	0	0	0	53	2	0	0	0	170	0	0	0	0	0	0	0	0	0	0	0	56	0	0	0
LOC107842813	LOC107842813	XR_007044819.1		0	0	0	281	0	0	0	0	53	3	0	0	0	170	0	0	0	0	0	0	0	0	0	0	0	55	0	0	0
LOC107842813	LOC107842813	XR_007044820.1		0	0	0	281	0	0	0	0	53	2	0	0	0	170	0	0	0	0	0	0	0	0	0	0	0	56	0	0	0
LOC107842814	LOC107842814	XM_016686842.2	protein_coding	0	0	1	134	0	0	0	0	82	0	0	0	0	43	1	0	0	0	0	0	0	0	0	0	0	9	0	0	0
LOC107842814	LOC107842814	XM_016686843.2	protein_coding	0	0	1	134	0	0	0	0	82	0	0	0	0	42	1	0	0	0	0	0	0	0	0	0	0	9	0	0	1
LOC107842816	LOC107842816	XR_001666111.2		0	0	0	30	0	0	0	0	20	0	0	0	0	8	0	0	0	0	0	0	0	0	0	0	0	2	0	0	0
LOC107842816	LOC107842816	XR_007044790.1		0	0	0	30	0	0	0	0	20	0	0	0	0	8	0	0	0	0	0	0	0	0	0	0	0	2	0	0	0
LOC107842816	LOC107842816	XR_007044791.1		0	0	0	30	0	0	0	0	20	0	0	0	0	8	0	0	0	0	0	0	0	0	0	0	0	2	0	0	0
LOC107842816	LOC107842816	XR_007044792.1		0	0	0	30	0	0	0	0	20	0	0	0	0	8	0	0	0	0	0	0	0	0	0	0	0	2	0	0	0
LOC107842816	LOC107842816	XR_007044793.1		0	0	0	29	0	0	0	0	20	0	0	0	0	7	0	0	0	0	0	0	0	0	0	0	0	2	0	0	0
LOC107842816	LOC107842816	XR_007044794.1		0	0	0	29	0	0	0	0	20	0	0	0	0	7	0	0	0	0	0	0	0	0	0	0	0	2	0	0	0
LOC107842816	LOC107842816	XR_007044795.1		0	0	0	29	0	0	0	0	20	0	0	0	0	7	0	0	0	0	0	0	0	0	0	0	0	2	0	0	0
LOC107842817	LOC107842817	XM_016686845.2	protein_coding	0	2	0	184	0	0	0	0	78	0	0	0	0	70	0	0	0	0	1	0	0	0	1	0	0	35	0	0	1
LOC107842818	LOC107842818	XM_016686846.2	protein_coding	0	2	0	134	0	0	0	0	77	0	0	0	0	17	0	0	0	0	1	0	0	0	1	0	0	33	1	0	6
LOC107842818	LOC107842818	XM_016686847.2	protein_coding	0	2	0	134	0	0	0	0	77	0	0	0	0	17	0	0	0	0	1	0	0	0	1	0	0	33	1	0	6
LOC107842818	LOC107842818	XR_001666115.2		0	0	0	130	0	0	0	0	73	9	0	0	0	15	0	0	0	0	0	0	0	0	0	0	0	33	0	0	0
LOC107842819	LOC107842819	XM_016686848.2	protein_coding	0	0	1	86	0	0	0	0	32	0	0	0	0	1	1	0	0	0	0	0	0	0	0	0	0	52	1	0	0
LOC107842821	LOC107842821	XM_016686849.2	protein_coding	0	1	2	139	0	0	0	0	76	0	0	0	0	0	2	0	0	0	0	0	0	0	1	0	0	58	2	0	3
LOC107842822	LOC107842822	XM_016686850.2	protein_coding	0	0	1	30	0	0	0	0	23	0	0	0	0	0	1	0	0	0	0	0	0	0	0	0	0	5	2	0	0
LOC107842822	LOC107842822	XR_001666117.2		0	0	0	31	0	0	0	0	23	3	0	0	0	0	0	0	0	0	0	0	0	0	0	0	0	5	0	0	0
LOC107842822	LOC107842822	XR_007044757.1		0	0	0	33	0	0	0	0	20	1	0	0	0	7	0	0	0	0	0	0	0	0	0	0	0	5	0	0	0
LOC107842822	LOC107842822	XR_007044758.1		0	0	0	42	0	0	0	0	3	1	0	0	0	33	0	0	0	0	0	0	0	0	0	0	0	5	0	0	0
LOC107842822	LOC107842822	XR_007044759.1		0	0	0	31	0	0	0	0	23	3	0	0	0	0	0	0	0	0	0	0	0	0	0	0	0	5	0	0	0
LOC107842822	LOC107842822	XR_007044760.1		0	0	0	31	0	0	0	0	23	3	0	0	0	0	0	0	0	0	0	0	0	0	0	0	0	5	0	0	0
LOC107842822	LOC107842822	XR_007044761.1		0	0	0	31	0	0	0	0	23	3	0	0	0	0	0	0	0	0	0	0	0	0	0	0	0	5	0	0	0
LOC107842822	LOC107842822	XR_007044762.1		0	0	0	31	0	0	0	0	23	3	0	0	0	0	0	0	0	0	0	0	0	0	0	0	0	5	0	0	0
LOC107842823	LOC107842823	XR_007044763.1		0	0	0	116	0	0	0	0	31	5	0	0	0	21	0	0	0	0	0	0	0	0	0	0	0	59	0	0	0
LOC107842823	LOC107842823	XR_007044764.1		0	0	0	116	0	0	0	0	31	10	0	0	0	16	0	0	0	0	0	0	0	0	0	0	0	59	0	0	0
LOC107842823	LOC107842823	XR_007044765.1		0	0	0	116	0	0	0	0	31	11	0	0	0	15	0	0	0	0	0	0	0	0	0	0	0	59	0	0	0
LOC107842823	LOC107842823	XR_007044766.1		0	0	0	116	0	0	0	0	31	11	0	0	0	15	0	0	0	0	0	0	0	0	0	0	0	59	0	0	0
LOC107842823	LOC107842823	XR_007044767.1		0	0	0	116	0	0	0	0	31	6	0	0	0	20	0	0	0	0	0	0	0	0	0	0	0	59	0	0	0
LOC107842823	LOC107842823	XR_007044768.1		0	0	0	116	0	0	0	0	31	10	0	0	0	16	0	0	0	0	0	0	0	0	0	0	0	59	0	0	0
LOC107842825	LOC107842825	XM_016686852.2	protein_coding	0	0	0	48	0	0	0	0	6	0	0	0	0	3	0	0	0	0	0	0	0	0	0	0	0	34	2	0	3
LOC107842825	LOC107842825	XM_047396750.1	protein_coding	0	0	0	48	0	0	0	0	6	0	0	0	0	2	0	0	0	0	0	0	0	0	0	0	0	34	2	0	4
LOC107842826	LOC107842826	XM_016686853.2	protein_coding	0	0	0	9	0	0	0	0	6	0	0	0	0	0	0	0	0	0	0	0	0	0	0	0	0	3	0	0	0
LOC107842826	LOC107842826	XM_016686854.2	protein_coding	0	0	0	9	0	0	0	0	6	0	0	0	0	0	0	0	0	0	0	0	0	0	0	0	0	3	0	0	0
LOC107842826	LOC107842826	XM_016686855.2	protein_coding	0	0	0	9	0	0	0	0	6	0	0	0	0	0	0	0	0	0	0	0	0	0	0	0	0	3	0	0	0
LOC107842826	LOC107842826	XM_016686856.2	protein_coding	0	0	0	9	0	0	0	0	6	0	0	0	0	0	0	0	0	0	0	0	0	0	0	0	0	3	0	0	0
LOC107842826	LOC107842826	XM_016686857.2	protein_coding	0	0	0	9	0	0	0	0	6	0	0	0	0	0	0	0	0	0	0	0	0	0	0	0	0	3	0	0	0
LOC107842826	LOC107842826	XM_047396755.1	protein_coding	0	0	0	9	0	0	0	0	6	0	0	0	0	0	0	0	0	0	0	0	0	0	0	0	0	3	0	0	0
LOC107842826	LOC107842826	XM_047396756.1	protein_coding	0	0	0	9	0	0	0	0	6	0	0	0	0	0	0	0	0	0	0	0	0	0	0	0	0	3	0	0	0
LOC107842826	LOC107842826	XM_047396757.1	protein_coding	0	0	0	9	0	0	0	0	6	0	0	0	0	0	0	0	0	0	0	0	0	0	0	0	0	3	0	0	0
LOC107842826	LOC107842826	XM_047396758.1	protein_coding	0	0	0	9	0	0	0	0	6	0	0	0	0	0	0	0	0	0	0	0	0	0	0	0	0	3	0	0	0
LOC107842826	LOC107842826	XM_047396759.1	protein_coding	0	0	0	9	0	0	0	0	6	0	0	0	0	0	0	0	0	0	0	0	0	0	0	0	0	3	0	0	0
LOC107842826	LOC107842826	XM_047396760.1	protein_coding	0	0	0	9	0	0	0	0	6	0	0	0	0	0	0	0	0	0	0	0	0	0	0	0	0	3	0	0	0
LOC107842826	LOC107842826	XR_001666123.2		0	0	0	9	0	0	0	0	6	0	0	0	0	0	0	0	0	0	0	0	0	0	0	0	0	3	0	0	0
LOC107842827	LOC107842827	XM_047396754.1	protein_coding	0	0	0	54	0	0	0	0	7	0	0	0	0	12	0	0	0	0	0	0	0	0	0	0	0	35	0	0	0
LOC107842828	LOC107842828	XM_016686859.2	protein_coding	0	0	0	69	0	0	0	0	6	0	0	0	0	60	0	0	0	0	0	0	0	0	0	0	0	3	0	0	0
LOC107842829	LOC107842829	XR_001666124.2		0	0	0	31	0	0	0	0	27	0	0	0	0	0	0	0	0	0	0	0	0	0	0	0	0	4	0	0	0
LOC107842832	LOC107842832	XM_016686861.2	protein_coding	0	0	0	14	0	0	0	0	3	0	0	0	0	1	0	0	0	0	0	0	0	0	0	0	0	10	0	0	0
LOC107842832	LOC107842832	XM_016686862.2	protein_coding	0	0	0	14	0	0	0	0	3	0	0	0	0	1	0	0	0	0	0	0	0	0	0	0	0	10	0	0	0
LOC107842832	LOC107842832	XM_047396761.1	protein_coding	0	0	0	14	0	0	0	0	3	0	0	0	0	1	0	0	0	0	0	0	0	0	0	0	0	10	0	0	0
LOC107842832	LOC107842832	XM_047396762.1	protein_coding	0	0	0	13	0	0	0	0	3	0	0	0	0	1	0	0	0	0	0	0	0	0	0	0	0	9	0	0	0
LOC107842832	LOC107842832	XM_047396763.1	protein_coding	0	0	0	12	0	0	0	0	3	0	0	0	0	1	0	0	0	0	0	0	0	0	0	0	0	8	0	0	0
LOC107842832	LOC107842832	XM_047396764.1	protein_coding	0	0	0	14	0	0	0	0	3	0	0	0	0	1	0	0	0	0	0	0	0	0	0	0	0	10	0	0	0
LOC107842835	LOC107842835	XM_016686864.2	protein_coding	0	1	0	7	0	0	0	0	1	0	0	0	0	1	0	0	0	0	0	0	0	0	1	0	0	3	0	0	2
LOC107842836	LOC107842836	XM_016686866.2	protein_coding	0	1	0	166	0	0	0	0	75	0	0	0	0	33	0	0	0	0	0	0	0	0	1	0	0	56	1	0	1
LOC107842837	LOC107842837	XM_016686867.2	protein_coding	0	0	0	5	0	0	0	0	0	0	0	0	0	1	0	0	0	0	0	0	0	0	0	0	0	4	0	0	0
LOC107842838	LOC107842838	XM_016686868.2	protein_coding	0	0	0	3	0	0	0	0	1	0	0	0	0	0	0	0	0	0	0	0	0	0	0	0	0	1	0	0	1
LOC107842839	LOC107842839	XM_016686869.2	protein_coding	0	0	1	75	0	0	0	0	34	0	0	0	0	4	1	0	0	0	0	0	0	0	0	0	0	37	0	0	0
LOC107842840	LOC107842840	XM_016686870.2	protein_coding	0	0	0	27	0	0	0	0	18	0	0	0	0	0	0	0	0	0	0	0	0	0	0	0	0	9	0	0	0
LOC107842841	LOC107842841	XM_047396765.1	protein_coding	1	7	9	184	0	0	0	0	19	0	0	0	0	137	9	0	1	0	1	0	0	0	6	0	0	25	0	0	4
LOC107842841	LOC107842841	XM_047396766.1	protein_coding	1	7	9	184	0	0	0	0	19	0	0	0	0	137	9	0	1	0	1	0	0	0	6	0	0	25	0	0	4
LOC107842841	LOC107842841	XM_047396767.1	protein_coding	1	5	10	186	0	0	0	0	19	0	0	0	0	142	10	0	1	0	0	0	0	0	5	0	0	26	0	0	0
LOC107842843	LOC107842843	XM_016686874.2	protein_coding	0	0	3	230	0	0	0	0	30	0	0	0	0	120	3	0	0	0	0	0	0	0	0	0	0	80	0	0	0
LOC107842844	LOC107842844	XM_016686875.2	protein_coding	0	1	0	134	0	0	0	0	29	0	0	0	0	38	0	0	0	0	0	0	0	0	1	0	0	64	0	0	3
LOC107842844	LOC107842844	XM_016686876.2	protein_coding	0	1	0	127	0	0	0	0	29	0	0	0	0	38	0	0	0	0	0	0	0	0	1	0	0	58	0	0	2
LOC107842845	LOC107842845	XM_016686877.2	protein_coding	0	1	0	156	0	0	0	0	56	0	0	0	0	38	0	0	0	0	0	0	0	0	1	0	0	58	2	0	2
LOC107842845	LOC107842845	XM_016686878.2	protein_coding	0	1	0	167	0	0	0	0	57	0	0	0	0	48	0	0	0	0	0	0	0	0	1	0	0	58	2	0	2
LOC107842845	LOC107842845	XM_016686879.2	protein_coding	0	1	0	156	0	0	0	0	56	0	0	0	0	38	0	0	0	0	0	0	0	0	1	0	0	58	2	0	2
LOC107842845	LOC107842845	XM_016686880.2	protein_coding	0	0	0	146	0	0	0	0	56	0	0	0	0	36	0	0	0	0	0	0	0	0	0	0	0	52	2	0	0
LOC107842846	LOC107842846	XM_016686881.2	protein_coding	0	2	2	71	0	0	0	0	2	0	0	0	0	0	2	0	0	0	0	0	0	0	2	0	0	69	0	0	0
LOC107842847	LOC107842847	XM_016686882.2	protein_coding	0	0	0	49	0	0	0	0	2	0	0	0	0	1	0	0	0	0	0	0	0	0	0	0	0	45	1	0	0
LOC107842848	LOC107842848	XM_016686883.2	protein_coding	0	1	0	95	0	0	0	0	24	0	0	0	0	2	0	0	0	0	1	0	0	0	0	0	0	63	2	0	4
LOC107842849	LOC107842849	XM_016686884.2	protein_coding	0	0	0	104	0	0	0	0	2	0	0	0	0	0	0	0	0	0	0	0	0	0	0	0	0	102	0	0	0
LOC107842849	LOC107842849	XM_016686885.2	protein_coding	0	0	0	104	0	0	0	0	2	0	0	0	0	0	0	0	0	0	0	0	0	0	0	0	0	102	0	0	0
LOC107842849	LOC107842849	XM_047396768.1	protein_coding	0	0	0	104	0	0	0	0	2	0	0	0	0	0	0	0	0	0	0	0	0	0	0	0	0	102	0	0	0
LOC107842851	LOC107842851	XM_016686887.2	protein_coding	0	1	0	120	0	0	0	0	46	0	0	0	0	14	0	0	0	0	1	0	0	0	0	0	0	57	0	0	3
LOC107842852	LOC107842852	XM_016686889.2	protein_coding	0	1	2	83	0	0	0	0	43	0	0	0	0	2	2	0	0	0	0	0	0	0	1	0	0	36	1	0	1
LOC107842853	LOC107842853	XM_016686890.2	protein_coding	0	0	0	35	0	0	0	0	26	0	0	0	0	0	0	0	0	0	0	0	0	0	0	0	0	9	0	0	0
LOC107842854	LOC107842854	XM_016686891.2	protein_coding	0	0	1	68	0	0	0	0	1	0	0	0	0	16	1	0	0	0	0	0	0	0	0	0	0	49	0	0	2
LOC107842855	LOC107842855	XM_016686892.2	protein_coding	0	0	0	24	0	0	0	0	5	0	0	0	0	5	0	0	0	0	0	0	0	0	0	0	0	14	0	0	0
LOC107842856	LOC107842856	XM_016686893.2	protein_coding	0	0	0	14	0	0	0	0	2	0	0	0	0	8	0	0	0	0	0	0	0	0	0	0	0	4	0	0	0
LOC107842856	LOC107842856	XM_016686894.2	protein_coding	0	0	0	14	0	0	0	0	2	0	0	0	0	8	0	0	0	0	0	0	0	0	0	0	0	4	0	0	0
LOC107842856	LOC107842856	XM_047396778.1	protein_coding	0	0	0	14	0	0	0	0	2	0	0	0	0	8	0	0	0	0	0	0	0	0	0	0	0	4	0	0	0
LOC107842858	LOC107842858	XM_016686895.2	protein_coding	0	0	0	20	0	0	0	0	14	0	0	0	0	0	0	0	0	0	0	0	0	0	0	0	0	6	0	0	0
LOC107842860	LOC107842860	XM_016686896.2	protein_coding	0	1	1	106	0	0	0	0	44	0	0	0	0	3	1	0	0	0	0	0	0	0	1	0	0	57	1	0	1
LOC107842860	LOC107842860	XM_016686897.2	protein_coding	0	1	1	106	0	0	0	0	44	0	0	0	0	3	1	0	0	0	0	0	0	0	1	0	0	57	1	0	1
LOC107842861	LOC107842861	XM_016686898.2	protein_coding	0	0	0	120	0	0	0	0	53	0	0	0	0	6	0	0	0	0	0	0	0	0	0	0	0	61	0	0	0
LOC107842862	LOC107842862	XM_016686900.2	protein_coding	0	0	0	46	0	0	0	0	3	0	0	0	0	1	0	0	0	0	0	0	0	0	0	0	0	41	1	0	0
LOC107842862	LOC107842862	XM_047396779.1	protein_coding	0	0	0	45	0	0	0	0	3	0	0	0	0	0	0	0	0	0	0	0	0	0	0	0	0	41	1	0	0
LOC107842863	LOC107842863	XM_016686901.2	protein_coding	0	0	1	60	0	0	0	0	6	0	0	0	0	0	1	0	0	0	0	0	0	0	0	0	0	53	1	0	0
LOC107842864	LOC107842864	XM_016686902.2	protein_coding	0	1	2	17	0	0	0	0	4	0	0	0	0	0	2	0	0	0	0	0	0	0	1	0	0	13	0	0	0
LOC107842865	LOC107842865	NM_001324601.1	protein_coding	2	1	3	22	0	1	0	0	2	0	1	0	0	0	2	0	0	0	0	1	0	0	1	0	0	19	0	0	1
LOC107842867	LOC107842867	XM_016686904.2	protein_coding	0	1	9	122	0	0	0	0	36	0	0	0	0	10	9	0	0	0	0	0	0	0	1	0	0	72	0	0	4
LOC107842867	LOC107842867	XM_016686905.2	protein_coding	0	1	9	122	0	0	0	0	36	0	0	0	0	10	9	0	0	0	0	0	0	0	1	0	0	72	0	0	4
LOC107842867	LOC107842867	XM_016686906.2	protein_coding	0	1	9	94	0	0	0	0	36	0	0	0	0	3	9	0	0	0	0	0	0	0	1	0	0	54	0	0	1
LOC107842867	LOC107842867	XM_016686907.2	protein_coding	0	1	9	108	0	0	0	0	36	0	0	0	0	4	9	0	0	0	0	0	0	0	1	0	0	66	0	0	2
LOC107842867	LOC107842867	XM_047396772.1	protein_coding	0	1	9	122	0	0	0	0	36	0	0	0	0	9	9	0	0	0	0	0	0	0	1	0	0	72	0	0	5
LOC107842867	LOC107842867	XM_047396773.1	protein_coding	0	1	9	108	0	0	0	0	36	0	0	0	0	4	9	0	0	0	0	0	0	0	1	0	0	66	0	0	2
LOC107842867	LOC107842867	XM_047396774.1	protein_coding	0	1	9	108	0	0	0	0	36	0	0	0	0	4	9	0	0	0	0	0	0	0	1	0	0	66	0	0	2
LOC107842867	LOC107842867	XM_047396775.1	protein_coding	0	1	9	94	0	0	0	0	36	0	0	0	0	4	9	0	0	0	0	0	0	0	1	0	0	54	0	0	0
LOC107842867	LOC107842867	XM_047396776.1	protein_coding	0	1	9	97	0	0	0	0	36	0	0	0	0	4	9	0	0	0	0	0	0	0	1	0	0	57	0	0	0
LOC107842869	LOC107842869	XM_016686908.2	protein_coding	0	2	5	171	0	0	0	0	19	0	0	0	0	84	5	0	0	0	0	0	0	0	2	0	0	66	2	0	0
LOC107842869	LOC107842869	XM_016686909.2	protein_coding	0	2	5	166	0	0	0	0	19	0	0	0	0	84	5	0	0	0	0	0	0	0	2	0	0	61	2	0	0
LOC107842869	LOC107842869	XM_016686910.2	protein_coding	0	2	5	153	0	0	0	0	19	0	0	0	0	80	5	0	0	0	0	0	0	0	2	0	0	52	2	0	0
LOC107842869	LOC107842869	XM_016686911.2	protein_coding	0	2	3	173	0	0	0	0	19	0	0	0	0	86	3	0	0	0	0	0	0	0	2	0	0	66	2	0	0
LOC107842870	LOC107842870	XM_016686913.2	protein_coding	0	1	0	137	0	0	0	0	64	0	0	0	0	13	0	0	0	0	0	0	0	0	1	0	0	58	0	0	2
LOC107842871	LOC107842871	XM_016686914.2	protein_coding	0	1	0	106	0	0	0	0	9	0	0	0	0	8	0	0	0	0	0	0	0	0	1	0	0	84	0	0	5
LOC107842872	LOC107842872	XM_016686915.2	protein_coding	0	0	0	138	0	0	0	0	51	0	0	0	0	27	0	0	0	0	0	0	0	0	0	0	0	60	0	0	0
LOC107842874	LOC107842874	XR_001666137.2		0	0	0	47	0	0	0	0	4	0	0	0	0	0	0	0	0	0	0	0	0	0	0	0	0	43	0	0	0
LOC107842875	LOC107842875	XM_016686917.2	protein_coding	0	1	1	3	0	0	0	0	1	0	0	0	0	0	1	0	0	0	0	0	0	0	1	0	0	2	0	0	0
LOC107842876	LOC107842876	XM_016686918.2	protein_coding	0	0	0	28	0	0	0	0	19	0	0	0	0	0	0	0	0	0	0	0	0	0	0	0	0	9	0	0	0
LOC107842877	LOC107842877	XM_016686920.2	protein_coding	0	0	0	11	0	0	0	0	6	0	0	0	0	1	0	0	0	0	0	0	0	0	0	0	0	4	0	0	0
LOC107842877	LOC107842877	XM_047396752.1	protein_coding	0	0	0	11	0	0	0	0	6	0	0	0	0	1	0	0	0	0	0	0	0	0	0	0	0	4	0	0	0
LOC107842877	LOC107842877	XM_047396753.1	protein_coding	0	0	0	11	0	0	0	0	6	0	0	0	0	1	0	0	0	0	0	0	0	0	0	0	0	4	0	0	0
LOC107842879	LOC107842879	XM_016686921.2	protein_coding	0	0	1	43	0	0	0	0	11	0	0	0	0	0	1	0	0	0	0	0	0	0	0	0	0	31	0	0	1
LOC107842880	LOC107842880	XM_047396751.1	protein_coding	0	0	0	12	0	0	0	0	2	0	0	0	0	0	0	0	0	0	0	0	0	0	0	0	0	10	0	0	0
LOC107842881	LOC107842881	XM_016686923.2	protein_coding	0	2	0	9	0	0	0	0	2	0	0	0	0	3	0	0	0	0	1	0	0	0	1	0	0	3	0	0	1
LOC107842882	LOC107842882	XM_016686924.2	protein_coding	0	0	1	146	0	0	0	0	63	0	0	0	0	45	1	0	0	0	0	0	0	0	0	0	0	38	0	0	0
LOC107842883	LOC107842883	XM_016686925.2	protein_coding	0	3	1	138	0	0	0	0	52	0	0	0	0	16	1	0	0	0	0	0	0	0	3	0	0	70	0	0	0
LOC107842885	LOC107842885	XM_016686926.2	protein_coding	0	1	1	153	0	0	0	0	63	0	0	0	0	38	1	0	0	0	0	0	0	0	1	0	0	46	4	0	2
LOC107842886	LOC107842886	XM_047396745.1	protein_coding	0	8	2	172	0	0	0	0	67	0	0	0	0	12	2	0	0	0	3	0	0	0	5	0	0	70	6	0	17
LOC107842886	LOC107842886	XM_047396746.1	protein_coding	0	6	2	182	0	0	0	0	67	0	0	0	0	28	2	0	0	0	1	0	0	0	5	0	0	78	6	0	3
LOC107842886	LOC107842886	XM_047396747.1	protein_coding	0	6	2	180	0	0	0	0	67	0	0	0	0	27	2	0	0	0	1	0	0	0	5	0	0	77	6	0	3
LOC107842887	LOC107842887	XR_001666141.2		0	0	0	242	0	0	0	0	76	111	0	0	0	1	0	0	0	0	0	0	0	0	0	0	0	54	0	0	0
LOC107842887	LOC107842887	XR_001666142.2		0	0	0	242	0	0	0	0	76	98	0	0	0	14	0	0	0	0	0	0	0	0	0	0	0	54	0	0	0
LOC107842887	LOC107842887	XR_001666145.2		0	0	0	242	0	0	0	0	76	11	0	0	0	101	0	0	0	0	0	0	0	0	0	0	0	54	0	0	0
LOC107842887	LOC107842887	XR_007044752.1		0	0	0	242	0	0	0	0	76	98	0	0	0	14	0	0	0	0	0	0	0	0	0	0	0	54	0	0	0
LOC107842887	LOC107842887	XR_007044753.1		0	0	0	242	0	0	0	0	76	11	0	0	0	101	0	0	0	0	0	0	0	0	0	0	0	54	0	0	0
LOC107842888	LOC107842888	XM_016686929.2	protein_coding	0	0	2	305	0	0	0	0	60	0	0	0	0	203	2	0	0	0	0	0	0	0	0	0	0	35	7	0	0
LOC107842888	LOC107842888	XM_016686930.2	protein_coding	0	0	2	264	0	0	0	0	57	0	0	0	0	153	2	0	0	0	0	0	0	0	0	0	0	35	19	0	0
LOC107842889	LOC107842889	XM_016686932.2	protein_coding	0	1	1	129	0	0	0	0	54	0	0	0	0	18	1	0	0	0	0	0	0	0	1	0	0	51	4	0	2
LOC107842889	LOC107842889	XM_016686933.2	protein_coding	0	1	1	129	0	0	0	0	54	0	0	0	0	18	1	0	0	0	0	0	0	0	1	0	0	51	4	0	2
LOC107842891	LOC107842891	XR_007044749.1		0	0	0	132	0	0	0	0	44	51	0	0	0	1	0	0	0	0	0	0	0	0	0	0	0	36	0	0	0
LOC107842891	LOC107842891	XR_007044750.1		0	0	0	132	0	0	0	0	44	51	0	0	0	1	0	0	0	0	0	0	0	0	0	0	0	36	0	0	0
LOC107842891	LOC107842891	XR_007044751.1		0	0	0	133	0	0	0	0	44	53	0	0	0	0	0	0	0	0	0	0	0	0	0	0	0	36	0	0	0
LOC107842892	LOC107842892	XR_001666154.2		0	0	0	158	0	0	0	0	31	29	0	0	0	17	0	0	0	0	0	0	0	0	0	0	0	81	0	0	0
LOC107842892	LOC107842892	XR_007044747.1		0	0	0	158	0	0	0	0	31	29	0	0	0	17	0	0	0	0	0	0	0	0	0	0	0	81	0	0	0
LOC107842892	LOC107842892	XR_007044748.1		0	0	0	158	0	0	0	0	31	29	0	0	0	17	0	0	0	0	0	0	0	0	0	0	0	81	0	0	0
LOC107842893	LOC107842893	XR_001666157.2		0	0	0	121	0	0	0	0	41	32	0	0	0	4	0	0	0	0	0	0	0	0	0	0	0	44	0	0	0
LOC107842893	LOC107842893	XR_007044745.1		0	0	0	121	0	0	0	0	41	31	0	0	0	5	0	0	0	0	0	0	0	0	0	0	0	44	0	0	0
LOC107842893	LOC107842893	XR_007044746.1		2	0	0	140	0	0	0	0	41	44	0	0	0	8	0	0	1	1	0	0	0	0	0	0	0	49	0	0	0
LOC107842894	LOC107842894	XM_016686936.2	protein_coding	0	3	0	182	0	0	0	0	49	0	0	0	0	82	0	0	0	0	2	0	0	0	1	0	0	32	1	0	18
LOC107842894	LOC107842894	XR_001666162.2		0	0	0	183	0	0	0	0	49	36	0	0	0	66	0	0	0	0	0	0	0	0	0	0	0	32	0	0	0
LOC107842894	LOC107842894	XR_001666165.2		0	0	0	183	0	0	0	0	49	19	0	0	0	83	0	0	0	0	0	0	0	0	0	0	0	32	0	0	0
LOC107842894	LOC107842894	XR_007044708.1		0	0	0	183	0	0	0	0	49	71	0	0	0	31	0	0	0	0	0	0	0	0	0	0	0	32	0	0	0
LOC107842894	LOC107842894	XR_007044709.1		0	0	0	183	0	0	0	0	49	59	0	0	0	43	0	0	0	0	0	0	0	0	0	0	0	32	0	0	0
LOC107842894	LOC107842894	XR_007044710.1		0	0	0	183	0	0	0	0	49	71	0	0	0	31	0	0	0	0	0	0	0	0	0	0	0	32	0	0	0
LOC107842894	LOC107842894	XR_007044711.1		0	0	0	183	0	0	0	0	49	71	0	0	0	31	0	0	0	0	0	0	0	0	0	0	0	32	0	0	0
LOC107842894	LOC107842894	XR_007044712.1		0	0	0	183	0	0	0	0	49	70	0	0	0	32	0	0	0	0	0	0	0	0	0	0	0	32	0	0	0
LOC107842894	LOC107842894	XR_007044713.1		0	0	0	183	0	0	0	0	49	69	0	0	0	33	0	0	0	0	0	0	0	0	0	0	0	32	0	0	0
LOC107842894	LOC107842894	XR_007044714.1		0	0	0	183	0	0	0	0	49	70	0	0	0	32	0	0	0	0	0	0	0	0	0	0	0	32	0	0	0
LOC107842894	LOC107842894	XR_007044715.1		0	0	0	183	0	0	0	0	49	68	0	0	0	34	0	0	0	0	0	0	0	0	0	0	0	32	0	0	0
LOC107842894	LOC107842894	XR_007044716.1		0	0	0	183	0	0	0	0	49	70	0	0	0	32	0	0	0	0	0	0	0	0	0	0	0	32	0	0	0
LOC107842894	LOC107842894	XR_007044717.1		0	0	0	183	0	0	0	0	49	71	0	0	0	31	0	0	0	0	0	0	0	0	0	0	0	32	0	0	0
LOC107842894	LOC107842894	XR_007044718.1		0	0	0	183	0	0	0	0	49	66	0	0	0	36	0	0	0	0	0	0	0	0	0	0	0	32	0	0	0
LOC107842894	LOC107842894	XR_007044719.1		0	0	0	183	0	0	0	0	49	66	0	0	0	36	0	0	0	0	0	0	0	0	0	0	0	32	0	0	0
LOC107842894	LOC107842894	XR_007044720.1		0	0	0	183	0	0	0	0	49	71	0	0	0	31	0	0	0	0	0	0	0	0	0	0	0	32	0	0	0
LOC107842894	LOC107842894	XR_007044721.1		0	0	0	183	0	0	0	0	49	70	0	0	0	32	0	0	0	0	0	0	0	0	0	0	0	32	0	0	0
LOC107842894	LOC107842894	XR_007044722.1		0	0	0	183	0	0	0	0	49	69	0	0	0	33	0	0	0	0	0	0	0	0	0	0	0	32	0	0	0
LOC107842894	LOC107842894	XR_007044723.1		0	0	0	183	0	0	0	0	49	69	0	0	0	33	0	0	0	0	0	0	0	0	0	0	0	32	0	0	0
LOC107842894	LOC107842894	XR_007044724.1		0	0	0	183	0	0	0	0	49	71	0	0	0	31	0	0	0	0	0	0	0	0	0	0	0	32	0	0	0
LOC107842894	LOC107842894	XR_007044725.1		0	0	0	183	0	0	0	0	49	65	0	0	0	37	0	0	0	0	0	0	0	0	0	0	0	32	0	0	0
LOC107842894	LOC107842894	XR_007044726.1		0	0	0	183	0	0	0	0	49	65	0	0	0	37	0	0	0	0	0	0	0	0	0	0	0	32	0	0	0
LOC107842894	LOC107842894	XR_007044727.1		0	0	0	183	0	0	0	0	49	63	0	0	0	39	0	0	0	0	0	0	0	0	0	0	0	32	0	0	0
LOC107842894	LOC107842894	XR_007044728.1		0	0	0	183	0	0	0	0	49	62	0	0	0	40	0	0	0	0	0	0	0	0	0	0	0	32	0	0	0
LOC107842894	LOC107842894	XR_007044729.1		0	0	0	183	0	0	0	0	49	49	0	0	0	53	0	0	0	0	0	0	0	0	0	0	0	32	0	0	0
LOC107842894	LOC107842894	XR_007044731.1		0	0	0	183	0	0	0	0	49	69	0	0	0	33	0	0	0	0	0	0	0	0	0	0	0	32	0	0	0
LOC107842894	LOC107842894	XR_007044732.1		0	0	0	183	0	0	0	0	49	71	0	0	0	31	0	0	0	0	0	0	0	0	0	0	0	32	0	0	0
LOC107842894	LOC107842894	XR_007044733.1		0	0	0	183	0	0	0	0	49	71	0	0	0	31	0	0	0	0	0	0	0	0	0	0	0	32	0	0	0
LOC107842894	LOC107842894	XR_007044734.1		0	0	0	183	0	0	0	0	49	71	0	0	0	31	0	0	0	0	0	0	0	0	0	0	0	32	0	0	0
LOC107842894	LOC107842894	XR_007044735.1		0	0	0	183	0	0	0	0	49	71	0	0	0	31	0	0	0	0	0	0	0	0	0	0	0	32	0	0	0
LOC107842894	LOC107842894	XR_007044736.1		0	0	0	183	0	0	0	0	49	71	0	0	0	31	0	0	0	0	0	0	0	0	0	0	0	32	0	0	0
LOC107842894	LOC107842894	XR_007044737.1		0	0	0	183	0	0	0	0	49	71	0	0	0	31	0	0	0	0	0	0	0	0	0	0	0	32	0	0	0
LOC107842894	LOC107842894	XR_007044738.1		0	0	0	183	0	0	0	0	49	58	0	0	0	44	0	0	0	0	0	0	0	0	0	0	0	32	0	0	0
LOC107842894	LOC107842894	XR_007044739.1		0	0	0	183	0	0	0	0	49	63	0	0	0	39	0	0	0	0	0	0	0	0	0	0	0	32	0	0	0
LOC107842894	LOC107842894	XR_007044740.1		0	0	0	183	0	0	0	0	49	63	0	0	0	39	0	0	0	0	0	0	0	0	0	0	0	32	0	0	0
LOC107842894	LOC107842894	XR_007044741.1		0	0	0	183	0	0	0	0	49	63	0	0	0	39	0	0	0	0	0	0	0	0	0	0	0	32	0	0	0
LOC107842894	LOC107842894	XR_007044742.1		0	0	0	183	0	0	0	0	49	63	0	0	0	39	0	0	0	0	0	0	0	0	0	0	0	32	0	0	0
LOC107842894	LOC107842894	XR_007044743.1		0	0	0	183	0	0	0	0	49	63	0	0	0	39	0	0	0	0	0	0	0	0	0	0	0	32	0	0	0
LOC107842894	LOC107842894	XR_007044744.1		0	0	0	183	0	0	0	0	49	63	0	0	0	39	0	0	0	0	0	0	0	0	0	0	0	32	0	0	0
LOC107842895	LOC107842895	XM_016686937.2	protein_coding	0	1	1	100	0	0	0	0	44	0	0	0	0	4	1	0	0	0	0	0	0	0	1	0	0	49	0	0	3
LOC107842895	LOC107842895	XM_016686938.2	protein_coding	0	2	1	100	0	0	0	0	44	0	0	0	0	3	1	0	0	0	1	0	0	0	1	0	0	49	0	0	4
LOC107842895	LOC107842895	XM_047396744.1	protein_coding	0	2	1	100	0	0	0	0	44	0	0	0	0	3	1	0	0	0	1	0	0	0	1	0	0	49	0	0	4
LOC107842896	LOC107842896	XM_016686939.2	protein_coding	0	1	1	269	0	0	0	0	108	0	0	0	0	82	1	0	0	0	0	0	0	0	1	0	0	77	1	0	1
LOC107842897	LOC107842897	XM_016686940.2	protein_coding	0	7	7	306	0	0	0	0	5	0	0	0	0	172	7	0	0	0	0	0	0	0	7	0	0	118	8	0	3
LOC107842898	LOC107842898	XM_016686941.2	protein_coding	0	5	1	163	0	0	0	0	46	0	0	0	0	62	1	0	0	0	2	0	0	0	3	0	0	47	1	0	7
LOC107842898	LOC107842898	XM_016686942.2	protein_coding	0	5	1	163	0	0	0	0	46	0	0	0	0	62	1	0	0	0	2	0	0	0	3	0	0	47	1	0	7
LOC107842898	LOC107842898	XM_016686943.2	protein_coding	0	12	1	162	0	0	0	0	46	0	0	0	0	22	1	0	0	0	9	0	0	0	3	0	0	48	1	0	45
LOC107842899	LOC107842899	XR_007044517.1		0	0	0	215	0	0	0	0	47	52	0	0	0	0	0	0	0	0	0	0	0	0	0	0	0	116	0	0	0
LOC107842900	LOC107842900	XM_016686944.2	protein_coding	0	4	0	177	0	0	0	0	76	0	0	0	0	24	0	0	0	0	0	0	0	0	4	0	0	73	1	0	3
LOC107842900	LOC107842900	XR_007044516.1		0	0	0	180	0	0	0	0	76	7	0	0	0	25	0	0	0	0	0	0	0	0	0	0	0	72	0	0	0
LOC107842901	LOC107842901	XM_016686945.2	protein_coding	0	4	3	127	0	0	0	0	53	0	0	0	0	40	3	0	0	0	0	0	0	0	4	0	0	20	14	0	0
LOC107842902	LOC107842902	XM_016686946.2	protein_coding	0	1	0	112	0	0	0	0	53	0	0	0	0	22	0	0	0	0	1	0	0	0	0	0	0	34	1	0	2
LOC107842902	LOC107842902	XM_016686948.2	protein_coding	0	0	0	112	0	0	0	0	53	0	0	0	0	24	0	0	0	0	0	0	0	0	0	0	0	34	1	0	0
LOC107842902	LOC107842902	XM_047396735.1	protein_coding	0	0	0	112	0	0	0	0	53	0	0	0	0	23	0	0	0	0	0	0	0	0	0	0	0	32	1	0	3
LOC107842902	LOC107842902	XM_047396736.1	protein_coding	0	0	0	112	0	0	0	0	53	0	0	0	0	23	0	0	0	0	0	0	0	0	0	0	0	32	1	0	3
LOC107842902	LOC107842902	XM_047396737.1	protein_coding	0	1	0	112	0	0	0	0	53	0	0	0	0	22	0	0	0	0	1	0	0	0	0	0	0	34	1	0	2
LOC107842902	LOC107842902	XM_047396738.1	protein_coding	0	0	0	112	0	0	0	0	53	0	0	0	0	24	0	0	0	0	0	0	0	0	0	0	0	34	1	0	0
LOC107842902	LOC107842902	XM_047396739.1	protein_coding	0	0	0	112	0	0	0	0	53	0	0	0	0	23	0	0	0	0	0	0	0	0	0	0	0	31	1	0	4
LOC107842903	LOC107842903	XM_047396729.1	protein_coding	4	8	17	201	0	0	0	0	20	0	1	0	0	91	17	0	1	2	0	0	0	0	8	0	0	93	0	0	0
LOC107842903	LOC107842903	XM_047396730.1	protein_coding	3	8	17	202	0	0	0	0	20	0	1	0	0	91	17	0	0	2	0	0	0	0	8	0	0	93	0	0	0
LOC107842903	LOC107842903	XM_047396731.1	protein_coding	4	6	15	211	0	0	0	0	20	0	1	0	0	92	15	0	1	2	1	0	0	0	5	0	1	81	0	0	20
LOC107842903	LOC107842903	XM_047396732.1	protein_coding	4	6	15	208	0	0	0	0	20	0	1	0	0	95	15	0	1	2	1	0	0	0	5	0	0	80	0	0	16
LOC107842903	LOC107842903	XM_047396733.1	protein_coding	3	6	15	209	0	0	0	0	20	0	1	0	0	92	15	0	0	2	1	0	0	0	5	0	0	80	0	0	19
LOC107842903	LOC107842903	XM_047396734.1	protein_coding	3	6	15	209	0	0	0	0	20	0	1	0	0	95	15	0	0	2	1	0	0	0	5	0	0	80	0	0	16
LOC107842904	LOC107842904	XM_016686953.2	protein_coding	0	0	0	50	0	0	0	0	4	0	0	0	0	9	0	0	0	0	0	0	0	0	0	0	0	37	0	0	0
LOC107842904	LOC107842904	XM_016686954.2	protein_coding	0	0	0	50	0	0	0	0	4	0	0	0	0	9	0	0	0	0	0	0	0	0	0	0	0	37	0	0	0
LOC107842904	LOC107842904	XM_047396728.1	protein_coding	0	0	0	50	0	0	0	0	4	0	0	0	0	9	0	0	0	0	0	0	0	0	0	0	0	37	0	0	0
LOC107842907	LOC107842907	XM_016686956.2	protein_coding	1	9	3	103	0	0	0	0	58	0	0	0	0	0	3	0	0	0	0	0	1	0	9	0	0	45	0	0	0
LOC107842908	LOC107842908	XM_016686957.2	protein_coding	0	5	6	123	0	0	0	0	44	0	0	0	0	36	6	0	0	0	0	0	0	0	5	0	0	42	0	0	1
LOC107842909	LOC107842909	XM_016686958.2	protein_coding	0	4	4	124	0	0	0	0	38	0	0	0	0	0	4	0	0	0	0	0	0	0	4	0	0	63	22	0	1
LOC107842910	LOC107842910	XM_016686959.2	protein_coding	1	3	3	137	0	0	0	0	61	0	0	0	0	9	3	0	0	1	0	0	0	0	3	0	0	52	11	0	5
LOC107842910	LOC107842910	XM_016686960.2	protein_coding	0	3	3	138	0	0	0	0	61	0	0	0	0	10	3	0	0	0	0	0	0	0	3	0	0	52	10	0	5
LOC107842911	LOC107842911	XM_016686961.2	protein_coding	0	0	0	192	0	0	0	0	68	0	0	0	0	3	0	0	0	0	0	0	0	0	0	0	0	119	0	0	2
LOC107842912	LOC107842912	XM_016686962.2	protein_coding	0	1	0	175	0	0	0	0	100	0	0	0	0	9	0	0	0	0	0	0	0	0	1	0	0	55	4	0	7
LOC107842912	LOC107842912	XM_047396095.1	protein_coding	1	1	0	174	0	0	0	0	100	0	0	0	0	9	0	0	0	1	0	0	0	0	1	0	0	55	4	0	7
LOC107842912	LOC107842912	XM_047396096.1	protein_coding	0	1	0	165	0	0	0	0	100	0	0	0	0	9	0	0	0	0	0	0	0	0	1	0	0	52	4	0	0
LOC107842912	LOC107842912	XM_047396097.1	protein_coding	0	1	0	163	0	0	0	0	100	0	0	0	0	9	0	0	0	0	0	0	0	0	1	0	0	50	4	0	0
LOC107842913	LOC107842913	XM_016686963.2	protein_coding	0	2	0	61	0	0	0	0	38	0	0	0	0	1	0	0	0	0	0	0	0	0	2	0	0	14	2	0	6
LOC107842914	LOC107842914	XM_016686964.2	protein_coding	0	0	1	21	0	0	0	0	11	0	0	0	0	0	1	0	0	0	0	0	0	0	0	0	0	9	1	0	0
LOC107842915	LOC107842915	XR_001666190.2		0	0	0	90	0	0	0	0	3	9	0	0	0	64	0	0	0	0	0	0	0	0	0	0	0	14	0	0	0
LOC107842915	LOC107842915	XR_001666191.2		0	0	0	90	0	0	0	0	3	9	0	0	0	64	0	0	0	0	0	0	0	0	0	0	0	14	0	0	0
LOC107842915	LOC107842915	XR_007044430.1		0	0	0	90	0	0	0	0	3	69	0	0	0	4	0	0	0	0	0	0	0	0	0	0	0	14	0	0	0
LOC107842915	LOC107842915	XR_007044431.1		0	0	0	90	0	0	0	0	3	9	0	0	0	64	0	0	0	0	0	0	0	0	0	0	0	14	0	0	0
LOC107842915	LOC107842915	XR_007044432.1		0	0	0	90	0	0	0	0	3	9	0	0	0	64	0	0	0	0	0	0	0	0	0	0	0	14	0	0	0
LOC107842915	LOC107842915	XR_007044433.1		0	0	0	90	0	0	0	0	3	9	0	0	0	64	0	0	0	0	0	0	0	0	0	0	0	14	0	0	0
LOC107842915	LOC107842915	XR_007044434.1		0	0	0	90	0	0	0	0	3	9	0	0	0	64	0	0	0	0	0	0	0	0	0	0	0	14	0	0	0
LOC107842915	LOC107842915	XR_007044435.1		0	0	0	90	0	0	0	0	3	9	0	0	0	64	0	0	0	0	0	0	0	0	0	0	0	14	0	0	0
LOC107842915	LOC107842915	XR_007044436.1		0	0	0	90	0	0	0	0	3	68	0	0	0	5	0	0	0	0	0	0	0	0	0	0	0	14	0	0	0
LOC107842915	LOC107842915	XR_007044437.1		0	0	0	90	0	0	0	0	3	9	0	0	0	64	0	0	0	0	0	0	0	0	0	0	0	14	0	0	0
LOC107842915	LOC107842915	XR_007044438.1		0	0	0	90	0	0	0	0	3	9	0	0	0	64	0	0	0	0	0	0	0	0	0	0	0	14	0	0	0
LOC107842915	LOC107842915	XR_007044439.1		0	0	0	90	0	0	0	0	3	9	0	0	0	64	0	0	0	0	0	0	0	0	0	0	0	14	0	0	0
LOC107842915	LOC107842915	XR_007044440.1		0	0	0	90	0	0	0	0	3	9	0	0	0	64	0	0	0	0	0	0	0	0	0	0	0	14	0	0	0
LOC107842915	LOC107842915	XR_007044441.1		0	0	0	90	0	0	0	0	3	9	0	0	0	64	0	0	0	0	0	0	0	0	0	0	0	14	0	0	0
LOC107842915	LOC107842915	XR_007044442.1		0	0	0	90	0	0	0	0	3	9	0	0	0	64	0	0	0	0	0	0	0	0	0	0	0	14	0	0	0
LOC107842915	LOC107842915	XR_007044443.1		0	0	0	90	0	0	0	0	3	9	0	0	0	64	0	0	0	0	0	0	0	0	0	0	0	14	0	0	0
LOC107842915	LOC107842915	XR_007044444.1		0	0	0	90	0	0	0	0	3	68	0	0	0	5	0	0	0	0	0	0	0	0	0	0	0	14	0	0	0
LOC107842915	LOC107842915	XR_007044445.1		0	0	0	90	0	0	0	0	3	9	0	0	0	64	0	0	0	0	0	0	0	0	0	0	0	14	0	0	0
LOC107842915	LOC107842915	XR_007044446.1		0	0	0	90	0	0	0	0	3	69	0	0	0	4	0	0	0	0	0	0	0	0	0	0	0	14	0	0	0
LOC107842915	LOC107842915	XR_007044447.1		0	0	0	90	0	0	0	0	3	69	0	0	0	4	0	0	0	0	0	0	0	0	0	0	0	14	0	0	0
LOC107842915	LOC107842915	XR_007044448.1		0	0	0	90	0	0	0	0	3	68	0	0	0	5	0	0	0	0	0	0	0	0	0	0	0	14	0	0	0
LOC107842916	LOC107842916	XM_016686965.2	protein_coding	0	0	0	86	0	0	0	0	19	0	0	0	0	2	0	0	0	0	0	0	0	0	0	0	0	64	0	0	1
LOC107842916	LOC107842916	XM_016686966.2	protein_coding	0	0	0	86	0	0	0	0	19	0	0	0	0	2	0	0	0	0	0	0	0	0	0	0	0	64	0	0	1
LOC107842916	LOC107842916	XM_016686967.2	protein_coding	0	0	0	86	0	0	0	0	19	0	0	0	0	2	0	0	0	0	0	0	0	0	0	0	0	63	0	0	2
LOC107842916	LOC107842916	XM_016686968.2	protein_coding	0	0	0	86	0	0	0	0	19	0	0	0	0	2	0	0	0	0	0	0	0	0	0	0	0	64	0	0	1
LOC107842916	LOC107842916	XM_047396099.1	protein_coding	0	0	0	86	0	0	0	0	19	0	0	0	0	2	0	0	0	0	0	0	0	0	0	0	0	65	0	0	0
LOC107842916	LOC107842916	XM_047396100.1	protein_coding	0	0	0	86	0	0	0	0	19	0	0	0	0	2	0	0	0	0	0	0	0	0	0	0	0	65	0	0	0
LOC107842916	LOC107842916	XM_047396101.1	protein_coding	0	0	0	86	0	0	0	0	19	0	0	0	0	2	0	0	0	0	0	0	0	0	0	0	0	65	0	0	0
LOC107842916	LOC107842916	XM_047396102.1	protein_coding	0	0	0	86	0	0	0	0	19	0	0	0	0	2	0	0	0	0	0	0	0	0	0	0	0	64	0	0	1
LOC107842916	LOC107842916	XM_047396104.1	protein_coding	0	0	0	86	0	0	0	0	19	0	0	0	0	2	0	0	0	0	0	0	0	0	0	0	0	64	0	0	1
LOC107842917	LOC107842917	XM_016686969.2	protein_coding	0	1	0	57	0	0	0	0	1	0	0	0	0	49	0	0	0	0	0	0	0	0	1	0	0	7	0	0	0
LOC107842917	LOC107842917	XM_016686970.2	protein_coding	0	1	0	57	0	0	0	0	1	0	0	0	0	49	0	0	0	0	0	0	0	0	1	0	0	7	0	0	0
LOC107842917	LOC107842917	XM_016686971.2	protein_coding	0	1	0	57	0	0	0	0	1	0	0	0	0	46	0	0	0	0	0	0	0	0	1	0	0	7	0	0	3
LOC107842917	LOC107842917	XM_047396105.1	protein_coding	0	1	0	56	0	0	0	0	0	0	0	0	0	49	0	0	0	0	0	0	0	0	1	0	0	7	0	0	0
LOC107842917	LOC107842917	XM_047396106.1	protein_coding	0	1	0	56	0	0	0	0	0	0	0	0	0	49	0	0	0	0	0	0	0	0	1	0	0	7	0	0	0
LOC107842919	LOC107842919	XM_016686972.2	protein_coding	0	0	0	5	0	0	0	0	0	0	0	0	0	3	0	0	0	0	0	0	0	0	0	0	0	2	0	0	0
LOC107842920	LOC107842920	XM_016686973.2	protein_coding	0	0	0	72	0	0	0	0	2	0	0	0	0	3	0	0	0	0	0	0	0	0	0	0	0	66	0	0	1
LOC107842921	LOC107842921	XR_001666195.2		0	0	0	87	0	0	0	0	59	1	0	0	0	23	0	0	0	0	0	0	0	0	0	0	0	4	0	0	0
LOC107842921	LOC107842921	XR_001666196.2		0	0	0	87	0	0	0	0	59	1	0	0	0	23	0	0	0	0	0	0	0	0	0	0	0	4	0	0	0
LOC107842921	LOC107842921	XR_007044450.1		0	0	0	101	0	0	0	0	71	3	0	0	0	23	0	0	0	0	0	0	0	0	0	0	0	4	0	0	0
LOC107842921	LOC107842921	XR_007044451.1		0	0	0	87	0	0	0	0	59	1	0	0	0	23	0	0	0	0	0	0	0	0	0	0	0	4	0	0	0
LOC107842921	LOC107842921	XR_007044452.1		0	0	0	87	0	0	0	0	59	1	0	0	0	23	0	0	0	0	0	0	0	0	0	0	0	4	0	0	0
LOC107842921	LOC107842921	XR_007044453.1		0	0	0	87	0	0	0	0	59	1	0	0	0	23	0	0	0	0	0	0	0	0	0	0	0	4	0	0	0
LOC107842922	LOC107842922	XM_016686975.2	protein_coding	0	0	0	92	0	0	0	0	80	0	0	0	0	1	0	0	0	0	0	0	0	0	0	0	0	10	1	0	0
LOC107842923	LOC107842923	XM_016686976.2	protein_coding	0	4	2	282	0	0	0	2	73	0	0	0	0	60	0	0	0	0	0	0	0	0	4	0	0	143	4	0	2
LOC107842924	LOC107842924	XM_016686977.2	protein_coding	0	1	1	281	0	0	0	0	96	0	0	0	0	31	1	0	0	0	0	0	0	0	1	0	0	154	0	0	0
LOC107842925	LOC107842925	XM_016686978.2	protein_coding	0	0	4	101	0	0	0	0	47	0	0	0	0	33	4	0	0	0	0	0	0	0	0	0	0	19	1	0	1
LOC107842926	LOC107842926	XM_016686979.2	protein_coding	0	2	2	68	0	0	0	0	13	0	0	0	0	0	2	0	0	0	1	0	0	0	1	0	0	53	0	0	2
LOC107842927	LOC107842927	XM_016686980.2	protein_coding	0	0	0	57	0	0	0	0	27	0	0	0	0	4	0	0	0	0	0	0	0	0	0	0	0	26	0	0	0
LOC107842928	LOC107842928	XM_016686981.2	protein_coding	0	0	0	163	0	0	0	0	52	0	0	0	0	71	0	0	0	0	0	0	0	0	0	0	0	40	0	0	0
LOC107842928	LOC107842928	XM_047396107.1	protein_coding	1	11	17	122	0	0	0	0	40	0	1	0	0	38	17	0	0	0	0	0	0	0	11	0	0	40	4	0	0
LOC107842929	LOC107842929	XM_016686982.2	protein_coding	0	4	0	38	0	0	0	0	1	0	0	0	0	2	0	0	0	0	0	0	0	0	4	0	0	35	0	0	0
LOC107842930	LOC107842930	XM_016686983.2	protein_coding	0	0	5	156	0	0	0	0	70	0	0	0	0	20	5	0	0	0	0	0	0	0	0	0	0	53	13	0	0
LOC107842931	LOC107842931	XM_016686984.2	protein_coding	0	0	0	83	0	0	0	0	67	0	0	0	0	0	0	0	0	0	0	0	0	0	0	0	0	14	0	0	2
LOC107842931	LOC107842931	XM_016686985.2	protein_coding	0	0	0	83	0	0	0	0	67	0	0	0	0	0	0	0	0	0	0	0	0	0	0	0	0	14	0	0	2
LOC107842932	LOC107842932	XM_016686986.2	protein_coding	0	1	1	146	0	0	0	0	21	0	0	0	0	46	1	0	0	0	0	0	0	0	1	0	0	77	1	0	1
LOC107842932	LOC107842932	XM_016686987.2	protein_coding	0	5	1	143	0	0	0	0	21	0	0	0	0	23	1	0	0	0	4	0	0	0	1	0	0	76	1	0	22
LOC107842932	LOC107842932	XM_016686988.2	protein_coding	0	4	1	141	0	0	0	0	21	0	0	0	0	25	1	0	0	0	3	0	0	0	1	0	0	76	1	0	18
LOC107842932	LOC107842932	XM_047396108.1	protein_coding	0	1	1	126	0	0	0	0	21	0	0	0	0	23	1	0	0	0	0	0	0	0	1	0	0	80	1	0	1
LOC107842932	LOC107842932	XM_047396109.1	protein_coding	0	5	1	143	0	0	0	0	21	0	0	0	0	25	1	0	0	0	4	0	0	0	1	0	0	76	1	0	20
LOC107842933	LOC107842933	XR_001666201.2		0	0	0	306	0	0	0	0	72	10	0	0	0	155	0	0	0	0	0	0	0	0	0	0	0	69	0	0	0
LOC107842933	LOC107842933	XR_001666202.2		0	0	0	306	0	0	0	0	72	10	0	0	0	155	0	0	0	0	0	0	0	0	0	0	0	69	0	0	0
LOC107842933	LOC107842933	XR_007044457.1		0	0	0	306	0	0	0	0	72	10	0	0	0	155	0	0	0	0	0	0	0	0	0	0	0	69	0	0	0
LOC107842936	LOC107842936	XM_047396114.1	protein_coding	0	0	0	46	0	0	0	0	8	0	0	0	0	14	0	0	0	0	0	0	0	0	0	0	0	24	0	0	0
LOC107842939	LOC107842939	XM_047396111.1	protein_coding	1	2	2	73	0	0	0	0	23	0	1	0	0	42	2	0	0	0	2	0	0	0	0	0	0	3	0	0	5
LOC107842939	LOC107842939	XM_047396112.1	protein_coding	1	0	2	73	0	0	0	0	23	0	1	0	0	47	2	0	0	0	0	0	0	0	0	0	0	3	0	0	0
LOC107842939	LOC107842939	XM_047396113.1	protein_coding	1	0	2	73	0	0	0	0	23	0	1	0	0	47	2	0	0	0	0	0	0	0	0	0	0	3	0	0	0
LOC107842940	LOC107842940	XR_001666207.2		0	0	0	127	0	0	0	0	50	10	0	0	0	6	0	0	0	0	0	0	0	0	0	0	0	61	0	0	0
LOC107842941	LOC107842941	XR_007044460.1		0	0	0	16	0	0	0	0	6	1	0	0	0	7	0	0	0	0	0	0	0	0	0	0	0	2	0	0	0
LOC107842941	LOC107842941	XR_007044461.1		0	0	0	16	0	0	0	0	6	1	0	0	0	7	0	0	0	0	0	0	0	0	0	0	0	2	0	0	0
LOC107842941	LOC107842941	XR_007044462.1		0	0	0	17	0	0	0	0	1	1	0	0	0	13	0	0	0	0	0	0	0	0	0	0	0	2	0	0	0
LOC107842941	LOC107842941	XR_007044463.1		0	0	0	16	0	0	0	0	6	1	0	0	0	7	0	0	0	0	0	0	0	0	0	0	0	2	0	0	0
LOC107842941	LOC107842941	XR_007044464.1		0	0	0	17	0	0	0	0	1	1	0	0	0	13	0	0	0	0	0	0	0	0	0	0	0	2	0	0	0
LOC107842941	LOC107842941	XR_007044465.1		0	0	0	18	0	0	0	0	6	1	0	0	0	7	0	0	0	0	0	0	0	0	0	0	0	4	0	0	0
LOC107842941	LOC107842941	XR_007044466.1		0	0	0	19	0	0	0	0	1	1	0	0	0	13	0	0	0	0	0	0	0	0	0	0	0	4	0	0	0
LOC107842941	LOC107842941	XR_007044467.1		0	0	0	19	0	0	0	0	1	1	0	0	0	13	0	0	0	0	0	0	0	0	0	0	0	4	0	0	0
LOC107842941	LOC107842941	XR_007044468.1		0	0	0	19	0	0	0	0	1	1	0	0	0	13	0	0	0	0	0	0	0	0	0	0	0	4	0	0	0
LOC107842941	LOC107842941	XR_007044469.1		0	0	0	19	0	0	0	0	1	1	0	0	0	13	0	0	0	0	0	0	0	0	0	0	0	4	0	0	0
LOC107842941	LOC107842941	XR_007044470.1		0	0	0	17	0	0	0	0	1	1	0	0	0	13	0	0	0	0	0	0	0	0	0	0	0	2	0	0	0
LOC107842942	LOC107842942	XM_016686998.2	protein_coding	0	0	0	24	0	0	0	0	1	0	0	0	0	2	0	0	0	0	0	0	0	0	0	0	0	21	0	0	0
LOC107842943	LOC107842943	XM_016686999.2	protein_coding	0	0	0	70	0	0	0	0	3	0	0	0	0	5	0	0	0	0	0	0	0	0	0	0	0	62	0	0	0
LOC107842944	LOC107842944	XM_016687000.2	protein_coding	0	0	2	72	0	0	0	0	63	0	0	0	0	4	2	0	0	0	0	0	0	0	0	0	0	3	1	0	1
LOC107842944	LOC107842944	XM_016687001.2	protein_coding	0	0	2	72	0	0	0	0	63	0	0	0	0	4	2	0	0	0	0	0	0	0	0	0	0	3	1	0	1
LOC107842944	LOC107842944	XM_016687002.2	protein_coding	0	0	2	72	0	0	0	0	63	0	0	0	0	4	2	0	0	0	0	0	0	0	0	0	0	3	1	0	1
LOC107842944	LOC107842944	XM_047396115.1	protein_coding	0	0	2	72	0	0	0	0	63	0	0	0	0	4	2	0	0	0	0	0	0	0	0	0	0	3	1	0	1
LOC107842944	LOC107842944	XM_047396116.1	protein_coding	0	0	2	72	0	0	0	0	63	0	0	0	0	4	2	0	0	0	0	0	0	0	0	0	0	3	1	0	1
LOC107842944	LOC107842944	XM_047396117.1	protein_coding	0	0	2	72	0	0	0	0	63	0	0	0	0	5	2	0	0	0	0	0	0	0	0	0	0	3	1	0	0
LOC107842944	LOC107842944	XM_047396118.1	protein_coding	0	0	2	72	0	0	0	0	63	0	0	0	0	5	2	0	0	0	0	0	0	0	0	0	0	3	1	0	0
LOC107842944	LOC107842944	XM_047396119.1	protein_coding	0	0	2	72	0	0	0	0	63	0	0	0	0	4	2	0	0	0	0	0	0	0	0	0	0	3	1	0	1
LOC107842944	LOC107842944	XM_047396120.1	protein_coding	0	0	2	72	0	0	0	0	63	0	0	0	0	4	2	0	0	0	0	0	0	0	0	0	0	3	1	0	1
LOC107842945	LOC107842945	XM_016687004.2	protein_coding	0	5	2	319	0	0	0	0	40	0	0	0	0	250	2	0	0	0	0	0	0	0	5	0	0	27	2	0	0
LOC107842945	LOC107842945	XM_016687005.2	protein_coding	0	3	2	321	0	0	0	0	40	0	0	0	0	252	2	0	0	0	0	0	0	0	3	0	0	27	2	0	0
LOC107842945	LOC107842945	XM_016687006.2	protein_coding	0	2	2	318	0	0	0	0	39	0	0	0	0	250	2	0	0	0	0	0	0	0	2	0	0	27	2	0	0
LOC107842945	LOC107842945	XM_047396121.1	protein_coding	0	3	2	268	0	0	0	0	40	0	0	0	0	206	2	0	0	0	0	0	0	0	3	0	0	19	2	0	1
LOC107842945	LOC107842945	XM_047396122.1	protein_coding	0	2	0	313	0	0	0	0	37	0	0	0	0	249	0	0	0	0	0	0	0	0	2	0	0	27	0	0	0
LOC107842946	LOC107842946	XM_016687007.2	protein_coding	0	0	0	18	0	0	0	0	4	0	0	0	0	10	0	0	0	0	0	0	0	0	0	0	0	3	1	0	0
LOC107842946	LOC107842946	XM_016687008.2	protein_coding	0	0	0	26	0	0	0	0	12	0	0	0	0	11	0	0	0	0	0	0	0	0	0	0	0	3	0	0	0
LOC107842946	LOC107842946	XM_016687009.2	protein_coding	0	0	0	26	0	0	0	0	12	0	0	0	0	11	0	0	0	0	0	0	0	0	0	0	0	3	0	0	0
LOC107842946	LOC107842946	XM_016687010.2	protein_coding	0	0	0	18	0	0	0	0	4	0	0	0	0	10	0	0	0	0	0	0	0	0	0	0	0	3	1	0	0
LOC107842946	LOC107842946	XM_016687011.2	protein_coding	0	0	0	18	0	0	0	0	4	0	0	0	0	10	0	0	0	0	0	0	0	0	0	0	0	3	1	0	0
LOC107842946	LOC107842946	XM_016687013.2	protein_coding	0	0	0	18	0	0	0	0	4	0	0	0	0	10	0	0	0	0	0	0	0	0	0	0	0	3	1	0	0
LOC107842946	LOC107842946	XM_016687016.2	protein_coding	0	0	0	18	0	0	0	0	4	0	0	0	0	10	0	0	0	0	0	0	0	0	0	0	0	3	1	0	0
LOC107842946	LOC107842946	XM_016687021.2	protein_coding	0	0	0	17	0	0	0	0	4	0	0	0	0	2	0	0	0	0	0	0	0	0	0	0	0	6	1	0	4
LOC107842946	LOC107842946	XM_016687022.2	protein_coding	0	0	0	17	0	0	0	0	4	0	0	0	0	2	0	0	0	0	0	0	0	0	0	0	0	6	1	0	4
LOC107842946	LOC107842946	XM_047396123.1	protein_coding	0	0	0	18	0	0	0	0	4	0	0	0	0	9	0	0	0	0	0	0	0	0	0	0	0	4	1	0	0
LOC107842946	LOC107842946	XM_047396125.1	protein_coding	0	0	0	18	0	0	0	0	4	0	0	0	0	10	0	0	0	0	0	0	0	0	0	0	0	3	1	0	0
LOC107842946	LOC107842946	XM_047396126.1	protein_coding	0	1	0	18	0	0	0	0	4	0	0	0	0	7	0	0	0	0	1	0	0	0	0	0	0	3	1	0	3
LOC107842946	LOC107842946	XM_047396127.1	protein_coding	0	1	0	18	0	0	0	0	4	0	0	0	0	7	0	0	0	0	1	0	0	0	0	0	0	3	1	0	3
LOC107842946	LOC107842946	XM_047396128.1	protein_coding	0	1	0	18	0	0	0	0	4	0	0	0	0	7	0	0	0	0	1	0	0	0	0	0	0	3	1	0	3
LOC107842946	LOC107842946	XM_047396129.1	protein_coding	0	0	0	26	0	0	0	0	12	0	0	0	0	11	0	0	0	0	0	0	0	0	0	0	0	3	0	0	0
LOC107842946	LOC107842946	XM_047396130.1	protein_coding	0	0	0	26	0	0	0	0	12	0	0	0	0	11	0	0	0	0	0	0	0	0	0	0	0	3	0	0	0
LOC107842946	LOC107842946	XM_047396131.1	protein_coding	0	1	0	18	0	0	0	0	4	0	0	0	0	6	0	0	0	0	1	0	0	0	0	0	0	4	1	0	3
LOC107842946	LOC107842946	XM_047396132.1	protein_coding	0	1	0	18	0	0	0	0	4	0	0	0	0	7	0	0	0	0	1	0	0	0	0	0	0	3	1	0	3
LOC107842946	LOC107842946	XM_047396133.1	protein_coding	0	0	0	18	0	0	0	0	4	0	0	0	0	10	0	0	0	0	0	0	0	0	0	0	0	3	1	0	0
LOC107842946	LOC107842946	XM_047396134.1	protein_coding	0	0	0	26	0	0	0	0	12	0	0	0	0	10	0	0	0	0	0	0	0	0	0	0	0	4	0	0	0
LOC107842946	LOC107842946	XR_001666214.2		0	0	0	26	0	0	0	0	12	0	0	0	0	11	0	0	0	0	0	0	0	0	0	0	0	3	0	0	0
LOC107842946	LOC107842946	XR_007044472.1		0	0	0	26	0	0	0	0	12	0	0	0	0	11	0	0	0	0	0	0	0	0	0	0	0	3	0	0	0
LOC107842946	LOC107842946	XR_007044473.1		0	0	0	26	0	0	0	0	12	0	0	0	0	11	0	0	0	0	0	0	0	0	0	0	0	3	0	0	0
LOC107842947	LOC107842947	XM_016687024.2	protein_coding	0	0	0	19	0	0	0	0	5	0	0	0	0	0	0	0	0	0	0	0	0	0	0	0	0	14	0	0	0
LOC107842948	LOC107842948	XM_016687025.2	protein_coding	0	3	4	29	0	0	0	0	2	0	0	0	0	0	4	0	0	0	0	0	0	0	3	0	0	21	6	0	0
LOC107842949	LOC107842949	XM_016687026.2	protein_coding	0	1	1	133	0	0	0	0	40	0	0	0	0	52	1	0	0	0	0	0	0	0	1	0	0	39	1	0	1
LOC107842950	LOC107842950	XM_016687027.2	protein_coding	0	0	0	11	0	0	0	0	1	0	0	0	0	1	0	0	0	0	0	0	0	0	0	0	0	9	0	0	0
LOC107842950	LOC107842950	XM_016687028.2	protein_coding	0	0	0	11	0	0	0	0	1	0	0	0	0	1	0	0	0	0	0	0	0	0	0	0	0	9	0	0	0
LOC107842950	LOC107842950	XM_016687029.2	protein_coding	0	0	0	11	0	0	0	0	1	0	0	0	0	1	0	0	0	0	0	0	0	0	0	0	0	9	0	0	0
LOC107842950	LOC107842950	XM_047396741.1	protein_coding	0	0	0	11	0	0	0	0	1	0	0	0	0	1	0	0	0	0	0	0	0	0	0	0	0	9	0	0	0
LOC107842950	LOC107842950	XM_047396742.1	protein_coding	0	0	0	11	0	0	0	0	1	0	0	0	0	1	0	0	0	0	0	0	0	0	0	0	0	9	0	0	0
LOC107842950	LOC107842950	XM_047396743.1	protein_coding	0	0	0	11	0	0	0	0	1	0	0	0	0	1	0	0	0	0	0	0	0	0	0	0	0	9	0	0	0
LOC107842951	LOC107842951	XM_016687030.2	protein_coding	0	0	0	1	0	0	0	0	0	0	0	0	0	0	0	0	0	0	0	0	0	0	0	0	0	1	0	0	0
LOC107842952	LOC107842952	XM_016687032.2	protein_coding	0	1	0	121	0	0	0	0	46	0	0	0	0	0	0	0	0	0	0	0	0	0	1	0	0	69	2	0	4
LOC107842952	LOC107842952	XM_016687033.2	protein_coding	0	0	0	122	0	0	0	0	46	0	0	0	0	2	0	0	0	0	0	0	0	0	0	0	0	69	2	0	3
LOC107842952	LOC107842952	XM_016687034.2	protein_coding	0	0	0	122	0	0	0	0	46	0	0	0	0	3	0	0	0	0	0	0	0	0	0	0	0	69	2	0	2
LOC107842953	LOC107842953	XM_016687035.2	protein_coding	0	3	1	103	0	0	0	0	38	0	0	0	0	11	1	0	0	0	0	0	0	0	3	0	0	49	2	0	3
LOC107842954	LOC107842954	XR_001666215.2		0	0	0	143	0	0	0	0	22	9	0	0	0	20	0	0	0	0	0	0	0	0	0	0	0	92	0	0	0
LOC107842955	LOC107842955	XM_016687036.2	protein_coding	0	0	0	27	0	0	0	0	12	0	0	0	0	1	0	0	0	0	0	0	0	0	0	0	0	13	1	0	0
LOC107842955	LOC107842955	XM_016687037.2	protein_coding	0	0	0	27	0	0	0	0	12	0	0	0	0	1	0	0	0	0	0	0	0	0	0	0	0	13	1	0	0
LOC107842956	LOC107842956	XR_001666216.2		0	0	0	19	0	0	0	0	5	2	0	0	0	8	0	0	0	0	0	0	0	0	0	0	0	4	0	0	0
LOC107842956	LOC107842956	XR_007044480.1		0	0	0	19	0	0	0	0	5	3	0	0	0	7	0	0	0	0	0	0	0	0	0	0	0	4	0	0	0
LOC107842958	LOC107842958	XM_016687038.2	protein_coding	0	0	0	65	0	0	0	0	20	0	0	0	0	28	0	0	0	0	0	0	0	0	0	0	0	17	0	0	0
LOC107842959	LOC107842959	XM_016687039.2	protein_coding	0	0	0	20	0	0	0	0	14	0	0	0	0	2	0	0	0	0	0	0	0	0	0	0	0	4	0	0	0
LOC107842959	LOC107842959	XM_016687040.2	protein_coding	0	0	0	20	0	0	0	0	14	0	0	0	0	2	0	0	0	0	0	0	0	0	0	0	0	4	0	0	0
LOC107842959	LOC107842959	XM_016687041.2	protein_coding	0	0	0	20	0	0	0	0	14	0	0	0	0	2	0	0	0	0	0	0	0	0	0	0	0	4	0	0	0
LOC107842959	LOC107842959	XM_016687043.2	protein_coding	0	0	0	20	0	0	0	0	14	0	0	0	0	2	0	0	0	0	0	0	0	0	0	0	0	4	0	0	0
LOC107842959	LOC107842959	XM_016687044.2	protein_coding	0	0	0	20	0	0	0	0	14	0	0	0	0	2	0	0	0	0	0	0	0	0	0	0	0	4	0	0	0
LOC107842959	LOC107842959	XM_016687045.2	protein_coding	0	0	0	20	0	0	0	0	14	0	0	0	0	2	0	0	0	0	0	0	0	0	0	0	0	4	0	0	0
LOC107842959	LOC107842959	XM_016687046.2	protein_coding	0	0	0	20	0	0	0	0	14	0	0	0	0	2	0	0	0	0	0	0	0	0	0	0	0	4	0	0	0
LOC107842959	LOC107842959	XM_047396135.1	protein_coding	0	0	0	20	0	0	0	0	14	0	0	0	0	2	0	0	0	0	0	0	0	0	0	0	0	4	0	0	0
LOC107842960	LOC107842960	XM_016687047.2	protein_coding	0	0	0	55	0	0	0	0	2	0	0	0	0	7	0	0	0	0	0	0	0	0	0	0	0	43	1	0	2
LOC107842961	LOC107842961	XM_016687048.2	protein_coding	0	0	0	4	0	0	0	0	1	0	0	0	0	0	0	0	0	0	0	0	0	0	0	0	0	3	0	0	0
LOC107842962	LOC107842962	XM_016687049.2	protein_coding	0	0	0	7	0	0	0	0	5	0	0	0	0	0	0	0	0	0	0	0	0	0	0	0	0	1	1	0	0
LOC107842962	LOC107842962	XM_016687050.2	protein_coding	0	0	0	7	0	0	0	0	5	0	0	0	0	0	0	0	0	0	0	0	0	0	0	0	0	1	1	0	0
LOC107842962	LOC107842962	XM_016687051.2	protein_coding	0	0	0	7	0	0	0	0	5	0	0	0	0	0	0	0	0	0	0	0	0	0	0	0	0	1	1	0	0
LOC107842962	LOC107842962	XM_016687052.2	protein_coding	0	0	0	4	0	0	0	0	3	0	0	0	0	0	0	0	0	0	0	0	0	0	0	0	0	1	0	0	0
LOC107842962	LOC107842962	XM_047396136.1	protein_coding	0	0	0	7	0	0	0	0	5	0	0	0	0	0	0	0	0	0	0	0	0	0	0	0	0	1	1	0	0
LOC107842962	LOC107842962	XM_047396137.1	protein_coding	0	0	0	15	0	0	0	0	7	0	0	0	0	6	0	0	0	0	0	0	0	0	0	0	0	1	1	0	0
LOC107842962	LOC107842962	XM_047396138.1	protein_coding	0	0	0	4	0	0	0	0	3	0	0	0	0	0	0	0	0	0	0	0	0	0	0	0	0	1	0	0	0
LOC107842962	LOC107842962	XR_007044483.1		0	0	0	7	0	0	0	0	5	1	0	0	0	0	0	0	0	0	0	0	0	0	0	0	0	1	0	0	0
LOC107842962	LOC107842962	XR_007044484.1		0	0	0	10	0	0	0	0	3	0	0	0	0	6	0	0	0	0	0	0	0	0	0	0	0	1	0	0	0
LOC107842964	LOC107842964	XM_016687054.2	protein_coding	0	0	0	11	0	0	0	0	3	0	0	0	0	4	0	0	0	0	0	0	0	0	0	0	0	4	0	0	0
LOC107842964	LOC107842964	XM_047396139.1	protein_coding	0	0	0	10	0	0	0	0	3	0	0	0	0	4	0	0	0	0	0	0	0	0	0	0	0	3	0	0	0
LOC107842965	LOC107842965	XM_016687056.2	protein_coding	0	0	0	83	0	0	0	0	11	0	0	0	0	0	0	0	0	0	0	0	0	0	0	0	0	72	0	0	0
LOC107842966	LOC107842966	XM_016687057.2	protein_coding	0	0	0	291	0	0	0	0	24	0	0	0	0	260	0	0	0	0	0	0	0	0	0	0	0	4	0	0	3
LOC107842966	LOC107842966	XM_016687058.2	protein_coding	0	0	0	290	0	0	0	0	24	0	0	0	0	260	0	0	0	0	0	0	0	0	0	0	0	6	0	0	0
LOC107842966	LOC107842966	XM_047396140.1	protein_coding	0	0	0	280	0	0	0	0	14	0	0	0	0	260	0	0	0	0	0	0	0	0	0	0	0	6	0	0	0
LOC107842967	LOC107842967	XM_016687059.2	protein_coding	0	0	0	11	0	0	0	0	6	0	0	0	0	0	0	0	0	0	0	0	0	0	0	0	0	5	0	0	0
LOC107842968	LOC107842968	XM_016687060.2	protein_coding	0	0	0	6	0	0	0	0	1	0	0	0	0	0	0	0	0	0	0	0	0	0	0	0	0	5	0	0	0
LOC107842968	LOC107842968	XM_047396141.1	protein_coding	0	0	0	6	0	0	0	0	1	0	0	0	0	0	0	0	0	0	0	0	0	0	0	0	0	5	0	0	0
LOC107842969	LOC107842969	XM_047396142.1	protein_coding	0	0	0	4	0	0	0	0	0	0	0	0	0	1	0	0	0	0	0	0	0	0	0	0	0	3	0	0	0
LOC107842970	LOC107842970	XM_016687063.2	protein_coding	0	0	0	19	0	0	0	0	16	0	0	0	0	0	0	0	0	0	0	0	0	0	0	0	0	3	0	0	0
LOC107842971	LOC107842971	XR_001666223.2		0	0	0	61	0	0	0	0	14	22	0	0	0	14	0	0	0	0	0	0	0	0	0	0	0	11	0	0	0
LOC107842971	LOC107842971	XR_001666224.2		0	0	0	61	0	0	0	0	14	11	0	0	0	24	0	0	0	0	0	0	0	0	0	0	0	12	0	0	0
LOC107842972	LOC107842972	XM_016687064.2	protein_coding	0	0	0	102	0	0	0	0	12	0	0	0	0	8	0	0	0	0	0	0	0	0	0	0	0	82	0	0	0
LOC107842972	LOC107842972	XM_016687065.2	protein_coding	0	0	0	102	0	0	0	0	12	0	0	0	0	8	0	0	0	0	0	0	0	0	0	0	0	82	0	0	0
LOC107842973	LOC107842973	XM_016687073.2	protein_coding	0	0	0	61	0	0	0	0	24	0	0	0	0	0	0	0	0	0	0	0	0	0	0	0	0	37	0	0	0
LOC107842973	LOC107842973	XM_016687079.2	protein_coding	0	0	0	64	0	0	0	0	27	0	0	0	0	0	0	0	0	0	0	0	0	0	0	0	0	37	0	0	0
LOC107842973	LOC107842973	XM_016687080.2	protein_coding	0	0	0	56	0	0	0	0	19	0	0	0	0	0	0	0	0	0	0	0	0	0	0	0	0	37	0	0	0
LOC107842973	LOC107842973	XM_047396143.1	protein_coding	0	0	0	64	0	0	0	0	27	0	0	0	0	0	0	0	0	0	0	0	0	0	0	0	0	37	0	0	0
LOC107842973	LOC107842973	XM_047396144.1	protein_coding	0	0	0	61	0	0	0	0	24	0	0	0	0	0	0	0	0	0	0	0	0	0	0	0	0	37	0	0	0
LOC107842973	LOC107842973	XM_047396145.1	protein_coding	0	0	0	61	0	0	0	0	24	0	0	0	0	0	0	0	0	0	0	0	0	0	0	0	0	37	0	0	0
LOC107842973	LOC107842973	XM_047396146.1	protein_coding	0	0	0	61	0	0	0	0	24	0	0	0	0	0	0	0	0	0	0	0	0	0	0	0	0	37	0	0	0
LOC107842973	LOC107842973	XM_047396147.1	protein_coding	0	0	0	61	0	0	0	0	24	0	0	0	0	0	0	0	0	0	0	0	0	0	0	0	0	37	0	0	0
LOC107842973	LOC107842973	XM_047396148.1	protein_coding	0	0	0	64	0	0	0	0	27	0	0	0	0	0	0	0	0	0	0	0	0	0	0	0	0	37	0	0	0
LOC107842973	LOC107842973	XM_047396149.1	protein_coding	0	0	0	64	0	0	0	0	27	0	0	0	0	0	0	0	0	0	0	0	0	0	0	0	0	37	0	0	0
LOC107842973	LOC107842973	XM_047396150.1	protein_coding	0	0	0	61	0	0	0	0	24	0	0	0	0	0	0	0	0	0	0	0	0	0	0	0	0	37	0	0	0
LOC107842973	LOC107842973	XM_047396151.1	protein_coding	0	0	0	58	0	0	0	0	21	0	0	0	0	0	0	0	0	0	0	0	0	0	0	0	0	37	0	0	0
LOC107842973	LOC107842973	XM_047396152.1	protein_coding	0	0	0	56	0	0	0	0	19	0	0	0	0	0	0	0	0	0	0	0	0	0	0	0	0	37	0	0	0
LOC107842973	LOC107842973	XM_047396153.1	protein_coding	0	0	0	60	0	0	0	0	23	0	0	0	0	0	0	0	0	0	0	0	0	0	0	0	0	37	0	0	0
LOC107842973	LOC107842973	XM_047396154.1	protein_coding	0	0	0	56	0	0	0	0	19	0	0	0	0	0	0	0	0	0	0	0	0	0	0	0	0	37	0	0	0
LOC107842973	LOC107842973	XM_047396155.1	protein_coding	0	0	0	64	0	0	0	0	27	0	0	0	0	0	0	0	0	0	0	0	0	0	0	0	0	37	0	0	0
LOC107842973	LOC107842973	XM_047396156.1	protein_coding	0	0	0	64	0	0	0	0	27	0	0	0	0	0	0	0	0	0	0	0	0	0	0	0	0	37	0	0	0
LOC107842973	LOC107842973	XM_047396157.1	protein_coding	0	0	0	56	0	0	0	0	19	0	0	0	0	0	0	0	0	0	0	0	0	0	0	0	0	37	0	0	0
LOC107842973	LOC107842973	XM_047396158.1	protein_coding	0	0	0	56	0	0	0	0	19	0	0	0	0	0	0	0	0	0	0	0	0	0	0	0	0	37	0	0	0
LOC107842973	LOC107842973	XM_047396159.1	protein_coding	0	0	0	64	0	0	0	0	27	0	0	0	0	0	0	0	0	0	0	0	0	0	0	0	0	37	0	0	0
LOC107842973	LOC107842973	XM_047396160.1	protein_coding	0	0	0	56	0	0	0	0	19	0	0	0	0	0	0	0	0	0	0	0	0	0	0	0	0	37	0	0	0
LOC107842973	LOC107842973	XM_047396161.1	protein_coding	0	0	0	58	0	0	0	0	21	0	0	0	0	0	0	0	0	0	0	0	0	0	0	0	0	37	0	0	0
LOC107842973	LOC107842973	XR_007044486.1		0	0	0	112	0	0	0	0	74	1	0	0	0	0	0	0	0	0	0	0	0	0	0	0	0	37	0	0	0
LOC107842973	LOC107842973	XR_007044487.1		0	0	0	112	0	0	0	0	74	1	0	0	0	0	0	0	0	0	0	0	0	0	0	0	0	37	0	0	0
LOC107842973	LOC107842973	XR_007044488.1		0	0	0	112	0	0	0	0	74	1	0	0	0	0	0	0	0	0	0	0	0	0	0	0	0	37	0	0	0
LOC107842973	LOC107842973	XR_007044489.1		0	0	0	112	0	0	0	0	74	1	0	0	0	0	0	0	0	0	0	0	0	0	0	0	0	37	0	0	0
LOC107842973	LOC107842973	XR_007044490.1		0	0	0	112	0	0	0	0	74	1	0	0	0	0	0	0	0	0	0	0	0	0	0	0	0	37	0	0	0
LOC107842973	LOC107842973	XR_007044491.1		0	0	0	112	0	0	0	0	74	1	0	0	0	0	0	0	0	0	0	0	0	0	0	0	0	37	0	0	0
LOC107842973	LOC107842973	XR_007044492.1		0	0	0	112	0	0	0	0	74	1	0	0	0	0	0	0	0	0	0	0	0	0	0	0	0	37	0	0	0
LOC107842973	LOC107842973	XR_007044493.1		0	0	0	112	0	0	0	0	74	1	0	0	0	0	0	0	0	0	0	0	0	0	0	0	0	37	0	0	0
LOC107842973	LOC107842973	XR_007044494.1		0	0	0	61	0	0	0	0	24	0	0	0	0	0	0	0	0	0	0	0	0	0	0	0	0	37	0	0	0
LOC107842973	LOC107842973	XR_007044495.1		0	0	0	61	0	0	0	0	24	0	0	0	0	0	0	0	0	0	0	0	0	0	0	0	0	37	0	0	0
LOC107842973	LOC107842973	XR_007044496.1		0	0	0	61	0	0	0	0	24	0	0	0	0	0	0	0	0	0	0	0	0	0	0	0	0	37	0	0	0
LOC107842973	LOC107842973	XR_007044497.1		0	0	0	112	0	0	0	0	74	1	0	0	0	0	0	0	0	0	0	0	0	0	0	0	0	37	0	0	0
LOC107842973	LOC107842973	XR_007044499.1		0	0	0	112	0	0	0	0	74	1	0	0	0	0	0	0	0	0	0	0	0	0	0	0	0	37	0	0	0
LOC107842973	LOC107842973	XR_007044500.1		0	0	0	61	0	0	0	0	24	0	0	0	0	0	0	0	0	0	0	0	0	0	0	0	0	37	0	0	0
LOC107842973	LOC107842973	XR_007044501.1		0	0	0	112	0	0	0	0	74	1	0	0	0	0	0	0	0	0	0	0	0	0	0	0	0	37	0	0	0
LOC107842973	LOC107842973	XR_007044502.1		0	0	0	112	0	0	0	0	74	1	0	0	0	0	0	0	0	0	0	0	0	0	0	0	0	37	0	0	0
LOC107842973	LOC107842973	XR_007044503.1		0	0	0	112	0	0	0	0	74	1	0	0	0	0	0	0	0	0	0	0	0	0	0	0	0	37	0	0	0
LOC107842973	LOC107842973	XR_007044504.1		0	0	0	112	0	0	0	0	74	1	0	0	0	0	0	0	0	0	0	0	0	0	0	0	0	37	0	0	0
LOC107842973	LOC107842973	XR_007044505.1		0	0	0	112	0	0	0	0	74	1	0	0	0	0	0	0	0	0	0	0	0	0	0	0	0	37	0	0	0
LOC107842973	LOC107842973	XR_007044506.1		0	0	0	112	0	0	0	0	74	1	0	0	0	0	0	0	0	0	0	0	0	0	0	0	0	37	0	0	0
LOC107842973	LOC107842973	XR_007044507.1		0	0	0	86	0	0	0	0	74	1	0	0	0	0	0	0	0	0	0	0	0	0	0	0	0	11	0	0	0
LOC107842976	LOC107842976	XM_016687083.2	protein_coding	0	0	0	24	0	0	0	0	10	0	0	0	0	6	0	0	0	0	0	0	0	0	0	0	0	8	0	0	0
LOC107842976	LOC107842976	XM_047396162.1	protein_coding	1	0	0	23	0	0	0	0	10	0	1	0	0	6	0	0	1	0	0	0	0	0	0	0	0	8	0	0	0
LOC107842976	LOC107842976	XM_047396163.1	protein_coding	0	0	0	24	0	0	0	0	10	0	0	0	0	6	0	0	0	0	0	0	0	0	0	0	0	8	0	0	0
LOC107842977	LOC107842977	XM_016687087.2	protein_coding	0	0	0	51	0	0	0	0	7	0	0	0	0	10	0	0	0	0	0	0	0	0	0	0	0	34	0	0	0
LOC107842977	LOC107842977	XM_047396164.1	protein_coding	0	0	0	51	0	0	0	0	7	0	0	0	0	10	0	0	0	0	0	0	0	0	0	0	0	34	0	0	0
LOC107842977	LOC107842977	XR_007044509.1		0	0	0	51	0	0	0	0	7	0	0	0	0	10	0	0	0	0	0	0	0	0	0	0	0	34	0	0	0
LOC107842977	LOC107842977	XR_007044510.1		0	0	0	51	0	0	0	0	7	0	0	0	0	10	0	0	0	0	0	0	0	0	0	0	0	34	0	0	0
LOC107842980	LOC107842980	XM_016687089.2	protein_coding	0	0	0	43	0	0	0	0	25	0	0	0	0	6	0	0	0	0	0	0	0	0	0	0	0	12	0	0	0
LOC107842980	LOC107842980	XM_016687090.2	protein_coding	0	0	0	43	0	0	0	0	25	0	0	0	0	6	0	0	0	0	0	0	0	0	0	0	0	12	0	0	0
LOC107842981	LOC107842981	XM_016687092.2	protein_coding	0	1	0	22	0	0	0	0	6	0	0	0	0	4	0	0	0	0	0	0	0	0	1	0	0	11	0	0	1
LOC107842982	LOC107842982	XM_016687093.2	protein_coding	0	0	0	36	0	0	0	0	6	0	0	0	0	0	0	0	0	0	0	0	0	0	0	0	0	30	0	0	0
LOC107842982	LOC107842982	XM_016687094.2	protein_coding	0	0	0	36	0	0	0	0	6	0	0	0	0	0	0	0	0	0	0	0	0	0	0	0	0	30	0	0	0
LOC107842982	LOC107842982	XM_016687095.2	protein_coding	0	0	0	36	0	0	0	0	6	0	0	0	0	0	0	0	0	0	0	0	0	0	0	0	0	30	0	0	0
LOC107842982	LOC107842982	XM_047396165.1	protein_coding	0	0	0	36	0	0	0	0	6	0	0	0	0	0	0	0	0	0	0	0	0	0	0	0	0	30	0	0	0
LOC107842983	LOC107842983	XM_016687096.2	protein_coding	0	2	1	81	0	0	0	0	44	0	0	0	0	30	1	0	0	0	0	0	0	0	2	0	0	3	4	0	0
LOC107842984	LOC107842984	XM_016687097.2	protein_coding	0	6	2	91	0	0	0	1	39	0	0	0	0	18	1	0	0	0	0	0	0	0	6	0	0	34	0	0	0
LOC107842984	LOC107842984	XM_016687099.2	protein_coding	0	6	2	91	0	0	0	1	39	0	0	0	0	18	1	0	0	0	0	0	0	0	6	0	0	34	0	0	0
LOC107842984	LOC107842984	XM_047396166.1	protein_coding	0	6	2	91	0	0	0	1	39	0	0	0	0	17	1	0	0	0	0	0	0	0	6	0	0	34	0	0	1
LOC107842984	LOC107842984	XM_047396167.1	protein_coding	0	6	2	91	0	0	0	1	39	0	0	0	0	17	1	0	0	0	0	0	0	0	6	0	0	34	0	0	1
LOC107842984	LOC107842984	XM_047396168.1	protein_coding	0	6	2	91	0	0	0	1	39	0	0	0	0	18	1	0	0	0	0	0	0	0	6	0	0	34	0	0	0
LOC107842984	LOC107842984	XM_047396169.1	protein_coding	0	6	2	91	0	0	0	1	39	0	0	0	0	18	1	0	0	0	0	0	0	0	6	0	0	34	0	0	0
LOC107842984	LOC107842984	XM_047396170.1	protein_coding	0	6	2	91	0	0	0	1	39	0	0	0	0	18	1	0	0	0	0	0	0	0	6	0	0	34	0	0	0
LOC107842986	LOC107842986	XM_016687102.2	protein_coding	0	1	2	113	0	0	0	0	27	0	0	0	0	34	2	0	0	0	1	0	0	0	0	0	0	48	2	0	2
LOC107842987	LOC107842987	XM_016687103.2	protein_coding	0	0	0	101	0	0	0	0	17	0	0	0	0	24	0	0	0	0	0	0	0	0	0	0	0	57	1	0	2
LOC107842988	LOC107842988	XM_016687104.2	protein_coding	2	0	1	64	0	0	0	0	27	0	2	0	0	25	1	0	0	0	0	2	0	0	0	0	0	10	1	0	1
LOC107842989	LOC107842989	XM_016687105.2	protein_coding	0	4	5	126	0	0	0	0	46	0	0	0	0	14	5	0	0	0	0	0	0	0	4	0	0	64	0	0	2
LOC107842990	LOC107842990	XM_016687106.2	protein_coding	0	0	0	110	0	0	0	0	25	0	0	0	0	13	0	0	0	0	0	0	0	0	0	0	0	68	1	0	3
LOC107842991	LOC107842991	XM_016687107.2	protein_coding	1	2	4	110	0	0	0	0	41	0	0	0	0	16	4	0	0	0	0	0	1	0	2	0	0	49	4	0	0
LOC107842991	LOC107842991	XM_016687108.2	protein_coding	1	2	4	110	0	0	0	0	41	0	0	0	0	16	4	0	0	0	0	0	1	0	2	0	0	49	4	0	0
LOC107842991	LOC107842991	XM_047396178.1	protein_coding	1	2	4	108	0	0	0	0	41	0	0	0	0	11	4	0	0	0	0	0	1	0	2	0	0	51	4	0	1
LOC107842992	LOC107842992	XM_016687110.2	protein_coding	0	0	2	103	0	0	0	0	48	0	0	0	0	10	2	0	0	0	0	0	0	0	0	0	0	39	2	0	4
LOC107842993	LOC107842993	XM_016687111.2	protein_coding	0	0	1	109	0	0	0	0	40	0	0	0	0	5	1	0	0	0	0	0	0	0	0	0	0	56	2	0	6
LOC107842993	LOC107842993	XM_016687113.2	protein_coding	0	2	1	106	0	0	0	0	40	0	0	0	0	0	1	0	0	0	2	0	0	0	0	0	0	59	2	0	5
LOC107842993	LOC107842993	XM_047396176.1	protein_coding	0	0	1	91	0	0	0	0	24	0	0	0	0	25	1	0	0	0	0	0	0	0	0	0	0	40	2	0	0
LOC107842994	LOC107842994	XM_016687114.2	protein_coding	0	0	0	97	0	0	0	0	40	0	0	0	0	7	0	0	0	0	0	0	0	0	0	0	0	49	0	0	1
LOC107842995	LOC107842995	XR_001666229.2		1	0	0	260	0	0	0	0	24	4	0	0	0	200	0	0	1	0	0	0	0	0	0	0	0	33	0	0	0
LOC107842996	LOC107842996	XM_016687115.2	protein_coding	0	1	1	205	0	0	0	0	39	0	0	0	0	22	1	0	0	0	0	0	0	0	1	0	0	141	1	0	2
LOC107842996	LOC107842996	XM_016687116.2	protein_coding	0	1	1	205	0	0	0	0	39	0	0	0	0	22	1	0	0	0	0	0	0	0	1	0	0	141	1	0	2
LOC107842996	LOC107842996	XM_047396175.1	protein_coding	0	1	0	208	0	0	0	0	39	0	0	0	0	23	0	0	0	0	0	0	0	0	1	0	0	135	1	0	10
LOC107842998	LOC107842998	XR_001666230.2		0	0	0	133	0	0	0	0	39	5	0	0	0	22	0	0	0	0	0	0	0	0	0	0	0	67	0	0	0
LOC107842998	LOC107842998	XR_001666231.2		0	0	0	133	0	0	0	0	39	5	0	0	0	22	0	0	0	0	0	0	0	0	0	0	0	67	0	0	0
LOC107842998	LOC107842998	XR_001666232.2		0	0	0	133	0	0	0	0	39	5	0	0	0	22	0	0	0	0	0	0	0	0	0	0	0	67	0	0	0
LOC107842999	LOC107842999	XM_016687117.2	protein_coding	0	1	1	140	0	0	0	0	81	0	0	0	0	10	1	0	0	0	0	0	0	0	1	0	0	45	2	0	2
LOC107842999	LOC107842999	XM_016687118.2	protein_coding	0	1	1	140	0	0	0	0	81	0	0	0	0	10	1	0	0	0	0	0	0	0	1	0	0	45	2	0	2
LOC107842999	LOC107842999	XM_016687119.2	protein_coding	0	1	1	140	0	0	0	0	81	0	0	0	0	10	1	0	0	0	0	0	0	0	1	0	0	45	2	0	2
LOC107843000	LOC107843000	XR_001666235.2		0	0	0	375	0	0	0	0	55	17	0	0	0	257	0	0	0	0	0	0	0	0	0	0	0	46	0	0	0
LOC107843000	LOC107843000	XR_007044706.1		0	0	0	375	0	0	0	0	55	17	0	0	0	257	0	0	0	0	0	0	0	0	0	0	0	46	0	0	0
LOC107843002	LOC107843002	XM_016687121.2	protein_coding	0	0	0	11	0	0	0	0	4	0	0	0	0	5	0	0	0	0	0	0	0	0	0	0	0	2	0	0	0
LOC107843003	LOC107843003	XM_016687122.2	protein_coding	1	4	0	159	0	0	0	0	81	0	0	0	0	7	0	0	0	0	0	0	1	0	4	0	0	63	7	0	1
LOC107843005	LOC107843005	XM_016687124.2	protein_coding	0	1	0	195	0	0	0	0	55	0	0	0	0	37	0	0	0	0	0	0	0	0	1	0	0	103	0	0	0
LOC107843006	LOC107843006	XM_016687125.2	protein_coding	0	3	2	284	0	0	0	0	79	0	0	0	0	135	2	0	0	0	3	0	0	0	0	0	0	46	1	0	23
LOC107843007	LOC107843007	XM_016687126.2	protein_coding	0	0	5	92	2	0	0	0	41	0	0	0	0	2	3	0	0	0	0	0	0	0	0	0	0	47	1	0	1
LOC107843008	LOC107843008	XM_047396173.1	protein_coding	0	1	1	132	0	0	0	0	52	0	0	0	0	26	1	0	0	0	0	0	0	0	1	0	0	52	2	0	0
LOC107843008	LOC107843008	XM_047396174.1	protein_coding	0	1	1	132	0	0	0	0	52	0	0	0	0	26	1	0	0	0	0	0	0	0	1	0	0	52	2	0	0
LOC107843009	LOC107843009	XM_016687130.2	protein_coding	0	2	0	76	0	0	0	0	49	0	0	0	0	13	0	0	0	0	0	0	0	0	2	0	0	13	0	0	1
LOC107843009	LOC107843009	XM_047396172.1	protein_coding	0	1	0	77	0	0	0	0	49	0	0	0	0	14	0	0	0	0	0	0	0	0	1	0	0	13	0	0	1
LOC107843010	LOC107843010	XR_001666240.2		0	0	0	80	0	0	0	0	20	12	0	0	0	16	0	0	0	0	0	0	0	0	0	0	0	32	0	0	0
LOC107843011	LOC107843011	XM_016687131.2	protein_coding	0	1	0	104	0	0	0	0	31	0	0	0	0	18	0	0	0	0	0	0	0	0	1	0	0	54	0	0	1
LOC107843012	LOC107843012	XM_016687132.2	protein_coding	0	1	4	106	0	0	0	0	35	0	0	0	0	1	4	0	0	0	0	0	0	0	1	0	0	51	14	0	5
LOC107843012	LOC107843012	XR_007044700.1		1	0	0	153	0	0	0	0	31	14	0	0	0	58	0	0	1	0	0	0	0	0	0	0	0	51	0	0	0
LOC107843013	LOC107843013	XM_016687135.2	protein_coding	0	2	2	164	0	0	0	0	72	0	0	0	0	35	2	0	0	0	0	0	0	0	2	0	0	56	1	0	0
LOC107843014	LOC107843014	XR_001666242.2		0	0	0	342	0	0	0	0	195	33	0	0	0	50	0	0	0	0	0	0	0	0	0	0	0	64	0	0	0
LOC107843015	LOC107843015	XM_016687136.2	protein_coding	0	0	2	260	0	0	0	0	44	0	0	0	0	131	2	0	0	0	0	0	0	0	0	0	0	84	0	0	1
LOC107843015	LOC107843015	XM_016687137.2	protein_coding	0	0	2	260	0	0	0	0	44	0	0	0	0	131	2	0	0	0	0	0	0	0	0	0	0	84	0	0	1
LOC107843015	LOC107843015	XM_016687138.2	protein_coding	0	0	2	260	0	0	0	0	44	0	0	0	0	131	2	0	0	0	0	0	0	0	0	0	0	84	0	0	1
LOC107843015	LOC107843015	XM_016687139.2	protein_coding	0	0	1	261	0	0	0	0	44	0	0	0	0	132	1	0	0	0	0	0	0	0	0	0	0	84	0	0	1
LOC107843015	LOC107843015	XM_047396724.1	protein_coding	0	0	1	100	0	0	0	0	44	0	0	0	0	15	1	0	0	0	0	0	0	0	0	0	0	41	0	0	0
LOC107843015	LOC107843015	XM_047396725.1	protein_coding	0	0	1	102	0	0	0	0	44	0	0	0	0	15	1	0	0	0	0	0	0	0	0	0	0	43	0	0	0
LOC107843017	LOC107843017	XM_047396721.1	protein_coding	0	6	11	269	0	0	0	0	40	0	0	0	0	66	11	0	0	0	0	0	0	0	6	0	0	163	0	0	0
LOC107843018	LOC107843018	XM_016687143.2	protein_coding	0	11	22	322	1	0	0	0	130	0	0	0	0	44	21	0	0	0	1	0	0	0	10	0	0	145	1	0	2
LOC107843018	LOC107843018	XM_047396722.1	protein_coding	0	11	22	322	1	0	0	0	130	0	0	0	0	44	21	0	0	0	1	0	0	0	10	0	0	145	1	0	2
LOC107843018	LOC107843018	XM_047396723.1	protein_coding	0	10	21	277	1	0	0	0	130	0	0	0	0	33	20	0	0	0	0	0	0	0	10	0	0	110	1	0	3
LOC107843019	LOC107843019	XM_016687144.2	protein_coding	0	0	0	57	0	0	0	0	36	0	0	0	0	0	0	0	0	0	0	0	0	0	0	0	0	18	3	0	0
LOC107843020	LOC107843020	XM_016687145.2	protein_coding	0	1	1	263	0	0	0	0	115	0	0	0	0	65	1	0	0	0	0	0	0	0	1	0	0	75	2	0	6
LOC107843021	LOC107843021	XR_001666244.2		0	0	0	349	0	0	0	0	139	50	0	0	0	25	0	0	0	0	0	0	0	0	0	0	0	135	0	0	0
LOC107843021	LOC107843021	XR_007044698.1		0	0	0	213	0	0	0	0	55	22	0	0	0	1	0	0	0	0	0	0	0	0	0	0	0	135	0	0	0
LOC107843022	LOC107843022	XM_047396720.1	protein_coding	0	9	21	159	0	0	0	0	88	0	0	0	0	0	21	0	0	0	0	0	0	0	9	0	0	70	0	0	1
LOC107843023	LOC107843023	XM_016687146.2	protein_coding	0	0	0	119	0	0	0	0	54	0	0	0	0	1	0	0	0	0	0	0	0	0	0	0	0	63	0	0	1
LOC107843023	LOC107843023	XM_016687147.2	protein_coding	0	1	0	134	0	0	0	0	54	0	0	0	0	9	0	0	0	0	0	0	0	0	1	0	0	71	0	0	0
LOC107843024	LOC107843024	XM_016687148.2	protein_coding	0	0	0	252	0	0	0	0	39	0	0	0	0	205	0	0	0	0	0	0	0	0	0	0	0	7	1	0	0
LOC107843024	LOC107843024	XM_016687149.2	protein_coding	0	0	0	253	0	0	0	0	39	0	0	0	0	204	0	0	0	0	0	0	0	0	0	0	0	8	1	0	1
LOC107843024	LOC107843024	XM_016687150.2	protein_coding	0	0	0	252	0	0	0	0	39	0	0	0	0	204	0	0	0	0	0	0	0	0	0	0	0	7	1	0	1
LOC107843024	LOC107843024	XM_047396110.1	protein_coding	0	0	0	252	0	0	0	0	39	0	0	0	0	205	0	0	0	0	0	0	0	0	0	0	0	7	1	0	0
LOC107843027	LOC107843027	XM_016687151.2	protein_coding	0	1	1	99	0	0	0	0	86	0	0	0	0	0	1	0	0	0	0	0	0	0	1	0	0	13	0	0	0
LOC107843028	LOC107843028	XM_016687152.2	protein_coding	0	0	0	164	0	0	0	0	99	0	0	0	0	8	0	0	0	0	0	0	0	0	0	0	0	54	0	0	3
LOC107843029	LOC107843029	XM_016687153.2	protein_coding	0	5	2	150	0	0	0	0	53	0	0	0	0	0	2	0	0	0	4	0	0	0	1	0	0	73	5	0	19
LOC107843029	LOC107843029	XM_047396094.1	protein_coding	0	5	2	150	0	0	0	0	53	0	0	0	0	0	2	0	0	0	4	0	0	0	1	0	0	73	5	0	19
LOC107843030	LOC107843030	XM_016687156.2	protein_coding	0	3	1	184	0	0	0	0	122	0	0	0	0	21	1	0	0	0	0	0	0	0	3	0	0	38	3	0	0
LOC107843030	LOC107843030	XM_016687157.2	protein_coding	0	2	1	186	0	0	0	0	122	0	0	0	0	22	1	0	0	0	0	0	0	0	2	0	0	39	3	0	0
LOC107843030	LOC107843030	XM_047396092.1	protein_coding	0	3	1	184	0	0	0	0	122	0	0	0	0	21	1	0	0	0	0	0	0	0	3	0	0	38	3	0	0
LOC107843030	LOC107843030	XM_047396093.1	protein_coding	0	2	1	186	0	0	0	0	122	0	0	0	0	22	1	0	0	0	0	0	0	0	2	0	0	39	3	0	0
LOC107843031	LOC107843031	XM_016687158.2	protein_coding	0	2	1	111	0	0	0	0	20	0	0	0	0	51	1	0	0	0	0	0	0	0	2	0	0	38	0	0	2
LOC107843031	LOC107843031	XM_016687159.2	protein_coding	0	2	1	109	0	0	0	0	20	0	0	0	0	46	1	0	0	0	0	0	0	0	2	0	0	39	0	0	4
LOC107843031	LOC107843031	XM_016687160.2	protein_coding	0	2	1	111	0	0	0	0	20	0	0	0	0	52	1	0	0	0	0	0	0	0	2	0	0	38	0	0	1
LOC107843031	LOC107843031	XM_016687161.2	protein_coding	0	2	1	111	0	0	0	0	20	0	0	0	0	51	1	0	0	0	0	0	0	0	2	0	0	38	0	0	2
LOC107843032	LOC107843032	XM_016687162.2	protein_coding	0	1	1	90	0	0	0	0	19	0	0	0	0	3	1	0	0	0	1	0	0	0	0	0	0	64	0	0	4
LOC107843032	LOC107843032	XM_016687164.2	protein_coding	0	0	1	90	0	0	0	0	19	0	0	0	0	6	1	0	0	0	0	0	0	0	0	0	0	64	0	0	1
LOC107843032	LOC107843032	XM_047396091.1	protein_coding	0	0	1	55	0	0	0	0	19	0	0	0	0	1	1	0	0	0	0	0	0	0	0	0	0	35	0	0	0
LOC107843033	LOC107843033	XM_016687165.2	protein_coding	0	1	1	141	0	0	0	0	76	0	0	0	0	21	1	0	0	0	0	0	0	0	1	0	0	41	3	0	0
LOC107843033	LOC107843033	XM_016687167.2	protein_coding	0	1	1	141	0	0	0	0	76	0	0	0	0	21	1	0	0	0	0	0	0	0	1	0	0	41	3	0	0
LOC107843034	LOC107843034	XM_016687168.2	protein_coding	0	1	4	92	0	0	0	0	16	0	0	0	0	0	4	0	0	0	0	0	0	0	1	0	0	72	1	0	3
LOC107843035	LOC107843035	XM_016687169.2	protein_coding	0	4	1	203	0	0	0	0	62	0	0	0	0	26	1	0	0	0	1	0	0	0	3	0	0	111	0	0	4
LOC107843035	LOC107843035	XM_016687170.2	protein_coding	0	4	1	204	0	0	0	0	62	0	0	0	0	26	1	0	0	0	1	0	0	0	3	0	0	112	0	0	4
LOC107843035	LOC107843035	XM_047396090.1	protein_coding	1	4	1	207	0	0	0	0	62	0	0	0	0	26	1	0	0	1	1	0	0	0	3	0	0	113	0	0	7
LOC107843036	LOC107843036	XM_016687171.2	protein_coding	0	3	2	210	0	0	0	0	152	0	0	0	0	13	2	0	0	0	0	0	0	0	3	0	0	40	3	0	2
LOC107843039	LOC107843039	XM_016687173.2	protein_coding	2	3	10	65	0	0	0	0	4	0	2	0	0	3	10	0	0	0	0	0	0	0	3	0	0	56	0	0	2
LOC107843039	LOC107843039	XM_016687174.2	protein_coding	2	3	9	68	0	0	0	0	4	0	2	0	0	3	9	0	0	0	0	0	0	0	3	0	0	57	3	0	1
LOC107843039	LOC107843039	XM_047396089.1	protein_coding	2	3	9	68	0	0	0	0	4	0	2	0	0	6	9	0	0	0	0	0	0	0	3	0	0	57	0	0	1
LOC107843040	LOC107843040	XM_016687175.2	protein_coding	1	4	15	230	0	1	0	0	67	0	1	0	0	68	14	0	0	0	1	0	0	0	3	0	0	89	2	0	4
LOC107843041	LOC107843041	XM_016687177.2	protein_coding	0	1	0	188	0	0	0	0	33	0	0	0	0	18	0	0	0	0	0	0	0	0	1	0	0	132	2	0	3
LOC107843042	LOC107843042	XM_016687178.2	protein_coding	0	1	3	108	0	0	0	1	53	0	0	0	0	7	2	0	0	0	0	0	0	0	1	0	0	41	2	0	5
LOC107843044	LOC107843044	XM_016687179.2	protein_coding	0	1	0	2	0	0	0	0	0	0	0	0	0	0	0	0	0	0	1	0	0	0	0	0	0	1	0	0	1
LOC107843045	LOC107843045	XM_016687181.2	protein_coding	0	0	0	81	0	0	0	0	8	0	0	0	0	14	0	0	0	0	0	0	0	0	0	0	0	58	1	0	0
LOC107843046	LOC107843046	XM_016687182.2	protein_coding	0	1	4	130	0	0	0	0	22	0	0	0	0	25	4	0	0	0	0	0	0	0	1	0	0	82	0	0	1
LOC107843046	LOC107843046	XM_016687183.2	protein_coding	0	1	4	130	0	0	0	0	22	0	0	0	0	25	4	0	0	0	0	0	0	0	1	0	0	82	0	0	1
LOC107843046	LOC107843046	XM_016687184.2	protein_coding	0	1	4	130	0	0	0	0	22	0	0	0	0	25	4	0	0	0	0	0	0	0	1	0	0	82	0	0	1
LOC107843048	LOC107843048	XM_016687185.2	protein_coding	0	0	1	49	0	0	0	0	22	0	0	0	0	0	1	0	0	0	0	0	0	0	0	0	0	27	0	0	0
LOC107843049	LOC107843049	XM_016687186.2	protein_coding	0	3	2	142	0	1	0	0	69	0	0	0	0	48	1	0	0	0	0	0	0	0	3	0	0	21	3	0	1
LOC107843050	LOC107843050	XM_016687187.2	protein_coding	0	0	2	174	0	0	0	0	80	0	0	0	0	12	2	0	0	0	0	0	0	0	0	0	0	81	1	0	0
LOC107843050	LOC107843050	XM_016687188.2	protein_coding	0	0	2	174	0	0	0	0	80	0	0	0	0	12	2	0	0	0	0	0	0	0	0	0	0	81	1	0	0
LOC107843050	LOC107843050	XM_016687189.2	protein_coding	0	0	2	174	0	0	0	0	80	0	0	0	0	12	2	0	0	0	0	0	0	0	0	0	0	81	1	0	0
LOC107843050	LOC107843050	XM_047396085.1	protein_coding	1	3	2	173	0	0	0	0	80	0	0	0	0	4	2	0	1	0	3	0	0	0	0	0	0	81	1	0	8
LOC107843052	LOC107843052	XM_016687192.2	protein_coding	1	2	0	123	0	0	0	0	30	0	0	0	0	11	0	0	0	1	0	0	0	0	2	0	0	79	1	0	3
LOC107843052	LOC107843052	XM_047396086.1	protein_coding	0	2	0	124	0	0	0	0	30	0	0	0	0	10	0	0	0	0	0	0	0	0	2	0	0	79	1	0	4
LOC107843053	LOC107843053	XM_016687194.2	protein_coding	0	3	1	164	0	0	0	0	15	0	0	0	0	114	1	0	0	0	0	0	0	0	3	0	0	33	1	0	1
LOC107843054	LOC107843054	XM_016687195.2	protein_coding	0	1	0	34	0	0	0	0	8	0	0	0	0	17	0	0	0	0	0	0	0	0	1	0	0	6	3	0	0
LOC107843055	LOC107843055	XM_016687205.2	protein_coding	1	1	1	102	0	0	0	0	42	0	1	0	0	0	1	0	0	0	0	0	0	0	1	0	0	60	0	0	0
LOC107843056	LOC107843056	XM_016687206.2	protein_coding	0	1	2	126	0	0	0	0	68	0	0	0	0	11	2	0	0	0	0	0	0	0	1	0	0	44	3	0	0
LOC107843056	LOC107843056	XM_016687207.2	protein_coding	0	1	2	126	0	0	0	0	68	0	0	0	0	11	2	0	0	0	0	0	0	0	1	0	0	44	3	0	0
LOC107843057	LOC107843057	XM_016687208.2	protein_coding	0	1	1	114	0	0	0	0	39	0	0	0	0	64	1	0	0	0	0	0	0	0	1	0	0	8	3	0	0
LOC107843058	LOC107843058	XM_016687209.2	protein_coding	0	2	4	212	0	0	1	0	60	0	0	0	0	0	3	0	0	0	0	0	0	0	2	0	0	136	11	0	5
LOC107843059	LOC107843059	XM_016687211.2	protein_coding	0	0	0	19	0	0	0	0	11	0	0	0	0	2	0	0	0	0	0	0	0	0	0	0	0	5	1	0	0
LOC107843059	LOC107843059	XM_016687214.2	protein_coding	0	0	0	19	0	0	0	0	11	0	0	0	0	2	0	0	0	0	0	0	0	0	0	0	0	5	1	0	0
LOC107843059	LOC107843059	XM_016687215.2	protein_coding	0	0	0	19	0	0	0	0	11	0	0	0	0	2	0	0	0	0	0	0	0	0	0	0	0	5	1	0	0
LOC107843059	LOC107843059	XM_016687216.2	protein_coding	0	0	0	19	0	0	0	0	11	0	0	0	0	2	0	0	0	0	0	0	0	0	0	0	0	5	1	0	0
LOC107843059	LOC107843059	XM_016687218.2	protein_coding	0	0	0	14	0	0	0	0	11	0	0	0	0	1	0	0	0	0	0	0	0	0	0	0	0	1	1	0	0
LOC107843059	LOC107843059	XM_047396069.1	protein_coding	0	0	0	19	0	0	0	0	11	0	0	0	0	2	0	0	0	0	0	0	0	0	0	0	0	5	1	0	0
LOC107843059	LOC107843059	XM_047396070.1	protein_coding	0	0	0	19	0	0	0	0	11	0	0	0	0	2	0	0	0	0	0	0	0	0	0	0	0	5	1	0	0
LOC107843059	LOC107843059	XM_047396071.1	protein_coding	0	0	0	19	0	0	0	0	11	0	0	0	0	2	0	0	0	0	0	0	0	0	0	0	0	5	1	0	0
LOC107843059	LOC107843059	XM_047396072.1	protein_coding	0	0	0	19	0	0	0	0	11	0	0	0	0	2	0	0	0	0	0	0	0	0	0	0	0	5	1	0	0
LOC107843059	LOC107843059	XM_047396073.1	protein_coding	0	0	0	19	0	0	0	0	11	0	0	0	0	2	0	0	0	0	0	0	0	0	0	0	0	5	1	0	0
LOC107843059	LOC107843059	XM_047396074.1	protein_coding	0	0	0	19	0	0	0	0	11	0	0	0	0	2	0	0	0	0	0	0	0	0	0	0	0	5	1	0	0
LOC107843059	LOC107843059	XM_047396076.1	protein_coding	0	0	0	19	0	0	0	0	11	0	0	0	0	2	0	0	0	0	0	0	0	0	0	0	0	5	1	0	0
LOC107843059	LOC107843059	XM_047396077.1	protein_coding	0	0	0	19	0	0	0	0	11	0	0	0	0	2	0	0	0	0	0	0	0	0	0	0	0	5	1	0	0
LOC107843059	LOC107843059	XM_047396078.1	protein_coding	0	0	0	19	0	0	0	0	11	0	0	0	0	2	0	0	0	0	0	0	0	0	0	0	0	5	1	0	0
LOC107843059	LOC107843059	XM_047396079.1	protein_coding	0	0	0	19	0	0	0	0	11	0	0	0	0	2	0	0	0	0	0	0	0	0	0	0	0	5	1	0	0
LOC107843059	LOC107843059	XM_047396080.1	protein_coding	0	0	0	19	0	0	0	0	11	0	0	0	0	2	0	0	0	0	0	0	0	0	0	0	0	5	1	0	0
LOC107843059	LOC107843059	XM_047396081.1	protein_coding	0	0	0	19	0	0	0	0	11	0	0	0	0	2	0	0	0	0	0	0	0	0	0	0	0	5	1	0	0
LOC107843059	LOC107843059	XM_047396082.1	protein_coding	0	0	0	13	0	0	0	0	11	0	0	0	0	0	0	0	0	0	0	0	0	0	0	0	0	1	1	0	0
LOC107843059	LOC107843059	XM_047396083.1	protein_coding	0	0	0	13	0	0	0	0	11	0	0	0	0	0	0	0	0	0	0	0	0	0	0	0	0	1	1	0	0
LOC107843060	LOC107843060	XM_016687220.2	protein_coding	0	0	0	19	0	0	0	0	1	0	0	0	0	7	0	0	0	0	0	0	0	0	0	0	0	11	0	0	0
LOC107843061	LOC107843061	XM_016687221.2	protein_coding	0	0	0	31	0	0	0	0	10	0	0	0	0	0	0	0	0	0	0	0	0	0	0	0	0	18	0	0	3
LOC107843061	LOC107843061	XM_016687222.2	protein_coding	0	0	0	31	0	0	0	0	10	0	0	0	0	0	0	0	0	0	0	0	0	0	0	0	0	20	0	0	1
LOC107843062	LOC107843062	XM_016687223.2	protein_coding	0	0	0	25	0	0	0	0	5	0	0	0	0	3	0	0	0	0	0	0	0	0	0	0	0	17	0	0	0
LOC107843068	LOC107843068	XR_001666250.2		0	0	0	31	0	0	0	0	2	2	0	0	0	27	0	0	0	0	0	0	0	0	0	0	0	0	0	0	0
LOC107843068	LOC107843068	XR_007044416.1		0	0	0	20	0	0	0	0	17	3	0	0	0	0	0	0	0	0	0	0	0	0	0	0	0	0	0	0	0
LOC107843071	LOC107843071	XM_016687234.2	protein_coding	0	0	0	23	0	0	0	0	9	0	0	0	0	0	0	0	0	0	0	0	0	0	0	0	0	12	0	0	2
LOC107843072	LOC107843072	XM_016687235.2	protein_coding	0	1	3	78	0	0	0	0	14	0	0	0	0	13	3	0	0	0	0	0	0	0	1	0	0	48	2	0	1
LOC107843073	LOC107843073	XM_047396065.1	protein_coding	0	0	0	148	0	0	0	0	22	0	0	0	0	100	0	0	0	0	0	0	0	0	0	0	0	19	3	0	4
LOC107843076	LOC107843076	XM_016687243.2	protein_coding	0	0	3	78	0	0	0	0	20	0	0	0	0	0	3	0	0	0	0	0	0	0	0	0	0	53	2	0	3
LOC107843077	LOC107843077	XM_016687244.2	protein_coding	0	17	3	112	0	0	0	0	61	0	0	0	0	4	3	0	0	0	0	0	0	0	17	0	0	31	0	0	16
LOC107843078	LOC107843078	XM_016687245.2	protein_coding	0	0	0	8	0	0	0	0	8	0	0	0	0	0	0	0	0	0	0	0	0	0	0	0	0	0	0	0	0
LOC107843080	LOC107843080	XR_001666252.2		0	0	0	93	0	0	0	0	31	14	0	0	0	0	0	0	0	0	0	0	0	0	0	0	0	48	0	0	0
LOC107843081	LOC107843081	XM_016687246.2	protein_coding	0	5	4	107	0	0	0	0	54	0	0	0	0	8	4	0	0	0	0	0	0	0	5	0	0	43	0	0	2
LOC107843081	LOC107843081	XM_047396060.1	protein_coding	0	4	3	104	0	0	0	0	50	0	0	0	0	8	3	0	0	0	0	0	0	0	4	0	0	43	1	0	2
LOC107843083	LOC107843083	XM_047396061.1	protein_coding	0	18	1	18	0	0	0	0	12	0	0	0	0	0	1	0	0	0	0	0	0	0	18	0	0	6	0	0	0
LOC107843084	LOC107843084	XM_016687251.2	protein_coding	0	1	0	144	0	0	0	0	41	0	0	0	0	30	0	0	0	0	0	0	0	0	1	0	0	72	1	0	0
LOC107843086	LOC107843086	XM_016687254.2	protein_coding	0	0	1	221	0	0	0	0	3	0	0	0	0	194	1	0	0	0	0	0	0	0	0	0	0	24	0	0	0
LOC107843087	LOC107843087	XM_016687255.2	protein_coding	0	1	1	183	0	0	0	0	73	0	0	0	0	30	1	0	0	0	0	0	0	0	1	0	0	78	1	0	1
LOC107843088	LOC107843088	XM_016687256.2	protein_coding	0	1	0	163	0	0	0	0	79	0	0	0	0	19	0	0	0	0	0	0	0	0	1	0	0	64	1	0	0
LOC107843088	LOC107843088	XM_016687257.2	protein_coding	0	3	0	162	0	0	0	0	79	0	0	0	0	12	0	0	0	0	2	0	0	0	1	0	0	63	1	0	7
LOC107843088	LOC107843088	XM_047396055.1	protein_coding	0	1	0	163	0	0	0	0	79	0	0	0	0	19	0	0	0	0	0	0	0	0	1	0	0	64	1	0	0
LOC107843088	LOC107843088	XM_047396056.1	protein_coding	0	1	0	163	0	0	0	0	79	0	0	0	0	19	0	0	0	0	0	0	0	0	1	0	0	64	1	0	0
LOC107843088	LOC107843088	XM_047396057.1	protein_coding	0	1	0	163	0	0	0	0	79	0	0	0	0	19	0	0	0	0	0	0	0	0	1	0	0	64	1	0	0
LOC107843088	LOC107843088	XM_047396058.1	protein_coding	0	1	0	125	0	0	0	0	79	0	0	0	0	12	0	0	0	0	0	0	0	0	1	0	0	33	1	0	0
LOC107843089	LOC107843089	XM_016687260.2	protein_coding	0	7	12	217	0	0	0	0	53	0	0	0	0	36	12	0	0	0	1	0	0	0	6	0	0	120	2	0	6
LOC107843090	LOC107843090	XR_001666253.2		0	0	0	157	0	0	0	0	59	17	0	0	0	26	0	0	0	0	0	0	0	0	0	0	0	55	0	0	0
LOC107843091	LOC107843091	XR_007044403.1		0	0	0	97	0	0	0	0	17	1	0	0	0	13	0	0	0	0	0	0	0	0	0	0	0	66	0	0	0
LOC107843091	LOC107843091	XR_007044404.1		0	0	0	83	0	0	0	0	17	0	0	0	0	13	0	0	0	0	0	0	0	0	0	0	0	53	0	0	0
LOC107843091	LOC107843091	XR_007044405.1		0	0	0	51	0	0	0	0	17	0	0	0	0	13	0	0	0	0	0	0	0	0	0	0	0	21	0	0	0
LOC107843092	LOC107843092	NM_001324603.1	protein_coding	2	32	12	56	0	0	0	0	2	0	2	0	0	12	12	0	0	0	0	0	0	0	32	0	0	41	0	0	1
LOC107843092	LOC107843092	XM_047395884.1	protein_coding	2	28	12	71	0	0	0	0	4	0	2	0	0	25	12	0	0	0	0	0	0	0	28	0	0	38	0	0	4
LOC107843092	LOC107843092	XM_047395885.1	protein_coding	2	28	12	71	0	0	0	0	4	0	2	0	0	25	12	0	0	0	0	0	0	0	28	0	0	38	0	0	4
LOC107843093	LOC107843093	XM_016687262.2	protein_coding	0	1	0	6	0	0	0	0	3	0	0	0	0	1	0	0	0	0	0	0	0	0	1	0	0	2	0	0	0
LOC107843094	LOC107843094	XR_007044402.1		0	0	0	47	0	0	0	0	3	27	0	0	0	1	0	0	0	0	0	0	0	0	0	0	0	16	0	0	0
LOC107843100	LOC107843100	NM_001324604.1	protein_coding	0	0	0	15	0	0	0	0	4	0	0	0	0	0	0	0	0	0	0	0	0	0	0	0	0	11	0	0	0
LOC107843100	LOC107843100	XM_016687270.2	protein_coding	0	0	0	13	0	0	0	0	4	0	0	0	0	0	0	0	0	0	0	0	0	0	0	0	0	9	0	0	0
LOC107843102	LOC107843102	XM_016687271.2	protein_coding	0	0	0	5	0	0	0	0	1	0	0	0	0	0	0	0	0	0	0	0	0	0	0	0	0	4	0	0	0
LOC107843103	LOC107843103	XM_047396048.1	protein_coding	0	0	0	13	0	0	0	0	5	0	0	0	0	0	0	0	0	0	0	0	0	0	0	0	0	8	0	0	0
LOC107843104	LOC107843104	XM_016687274.2	protein_coding	0	0	0	49	0	0	0	0	47	0	0	0	0	1	0	0	0	0	0	0	0	0	0	0	0	1	0	0	0
LOC107843104	LOC107843104	XM_047396046.1	protein_coding	0	0	0	49	0	0	0	0	47	0	0	0	0	1	0	0	0	0	0	0	0	0	0	0	0	1	0	0	0
LOC107843104	LOC107843104	XM_047396047.1	protein_coding	0	0	0	48	0	0	0	0	47	0	0	0	0	1	0	0	0	0	0	0	0	0	0	0	0	0	0	0	0
LOC107843105	LOC107843105	XM_047396045.1	protein_coding	0	1	0	53	0	0	0	0	0	0	0	0	0	3	0	0	0	0	0	0	0	0	1	0	0	49	0	0	1
LOC107843106	LOC107843106	XM_016687280.2	protein_coding	0	0	0	56	0	0	0	0	7	0	0	0	0	10	0	0	0	0	0	0	0	0	0	0	0	39	0	0	0
LOC107843106	LOC107843106	XM_016687281.2	protein_coding	0	0	0	56	0	0	0	0	7	0	0	0	0	10	0	0	0	0	0	0	0	0	0	0	0	39	0	0	0
LOC107843106	LOC107843106	XM_016687282.2	protein_coding	0	0	0	56	0	0	0	0	7	0	0	0	0	10	0	0	0	0	0	0	0	0	0	0	0	39	0	0	0
LOC107843106	LOC107843106	XM_047396043.1	protein_coding	0	0	0	56	0	0	0	0	7	0	0	0	0	10	0	0	0	0	0	0	0	0	0	0	0	39	0	0	0
LOC107843106	LOC107843106	XM_047396044.1	protein_coding	0	0	0	56	0	0	0	0	7	0	0	0	0	10	0	0	0	0	0	0	0	0	0	0	0	39	0	0	0
LOC107843106	LOC107843106	XR_001666258.2		0	0	0	56	0	0	0	0	7	0	0	0	0	10	0	0	0	0	0	0	0	0	0	0	0	39	0	0	0
LOC107843108	LOC107843108	XM_016687283.2	protein_coding	0	0	0	52	0	0	0	0	9	0	0	0	0	8	0	0	0	0	0	0	0	0	0	0	0	30	3	0	2
LOC107843109	LOC107843109	XM_016687285.2	protein_coding	0	0	0	29	0	0	0	0	15	0	0	0	0	3	0	0	0	0	0	0	0	0	0	0	0	10	0	0	1
LOC107843109	LOC107843109	XM_016687286.2	protein_coding	0	0	0	29	0	0	0	0	15	0	0	0	0	3	0	0	0	0	0	0	0	0	0	0	0	10	0	0	1
LOC107843109	LOC107843109	XM_047396042.1	protein_coding	0	0	0	29	0	0	0	0	15	0	0	0	0	3	0	0	0	0	0	0	0	0	0	0	0	10	0	0	1
LOC107843110	LOC107843110	XM_016687287.2	protein_coding	0	2	0	23	0	0	0	0	8	0	0	0	0	0	0	0	0	0	0	0	0	0	2	0	0	13	2	0	0
LOC107843111	LOC107843111	XM_016687288.2	protein_coding	0	0	0	63	0	0	0	0	46	0	0	0	0	0	0	0	0	0	0	0	0	0	0	0	0	17	0	0	0
LOC107843111	LOC107843111	XM_016687289.2	protein_coding	0	0	0	63	0	0	0	0	46	0	0	0	0	0	0	0	0	0	0	0	0	0	0	0	0	17	0	0	0
LOC107843112	LOC107843112	XM_016687290.2	protein_coding	0	1	1	121	0	0	0	0	73	0	0	0	0	3	1	0	0	0	0	0	0	0	1	0	0	40	3	0	2
LOC107843113	LOC107843113	XM_016687291.2	protein_coding	0	0	0	45	0	0	0	0	29	0	0	0	0	1	0	0	0	0	0	0	0	0	0	0	0	15	0	0	0
LOC107843114	LOC107843114	XR_001666262.2		0	0	0	50	0	0	0	0	6	0	0	0	0	3	0	0	0	0	0	0	0	0	0	0	0	41	0	0	0
LOC107843115	LOC107843115	XM_016687292.2	protein_coding	1	1	1	104	0	0	0	0	51	0	1	0	0	30	1	0	0	0	0	0	0	0	1	0	0	16	7	0	0
LOC107843116	LOC107843116	XM_016687293.2	protein_coding	0	0	0	185	0	0	0	0	57	0	0	0	0	50	0	0	0	0	0	0	0	0	0	0	0	76	2	0	0
LOC107843117	LOC107843117	XM_016687295.2	protein_coding	0	1	3	109	0	0	0	0	1	0	0	0	0	43	3	0	0	0	0	0	0	0	1	0	0	63	0	0	2
LOC107843117	LOC107843117	XM_047396031.1	protein_coding	0	1	2	54	0	0	0	0	1	0	0	0	0	27	2	0	0	0	0	0	0	0	1	0	0	26	0	0	0
LOC107843118	LOC107843118	XM_016687297.2	protein_coding	0	0	0	29	0	0	0	0	12	0	0	0	0	3	0	0	0	0	0	0	0	0	0	0	0	14	0	0	0
LOC107843118	LOC107843118	XM_016687298.2	protein_coding	0	0	0	28	0	0	0	0	12	0	0	0	0	3	0	0	0	0	0	0	0	0	0	0	0	13	0	0	0
LOC107843118	LOC107843118	XM_047396033.1	protein_coding	0	0	0	29	0	0	0	0	12	0	0	0	0	3	0	0	0	0	0	0	0	0	0	0	0	14	0	0	0
LOC107843118	LOC107843118	XM_047396034.1	protein_coding	0	0	0	29	0	0	0	0	12	0	0	0	0	3	0	0	0	0	0	0	0	0	0	0	0	14	0	0	0
LOC107843118	LOC107843118	XM_047396035.1	protein_coding	0	0	0	29	0	0	0	0	12	0	0	0	0	3	0	0	0	0	0	0	0	0	0	0	0	14	0	0	0
LOC107843118	LOC107843118	XM_047396036.1	protein_coding	0	0	0	29	0	0	0	0	12	0	0	0	0	3	0	0	0	0	0	0	0	0	0	0	0	14	0	0	0
LOC107843118	LOC107843118	XM_047396037.1	protein_coding	0	0	0	29	0	0	0	0	12	0	0	0	0	3	0	0	0	0	0	0	0	0	0	0	0	14	0	0	0
LOC107843118	LOC107843118	XM_047396038.1	protein_coding	0	0	0	29	0	0	0	0	12	0	0	0	0	3	0	0	0	0	0	0	0	0	0	0	0	14	0	0	0
LOC107843120	LOC107843120	XM_016687299.2	protein_coding	0	2	0	38	0	0	0	0	25	0	0	0	0	5	0	0	0	0	0	0	0	0	2	0	0	8	0	0	0
LOC107843121	LOC107843121	XM_016687300.2	protein_coding	0	3	1	31	0	0	0	0	6	0	0	0	0	0	1	0	0	0	0	0	0	0	3	0	0	22	0	0	3
LOC107843122	LOC107843122	XM_016687301.2	protein_coding	0	0	0	153	0	0	0	0	30	0	0	0	0	60	0	0	0	0	0	0	0	0	0	0	0	61	1	0	1
LOC107843123	LOC107843123	XM_047396028.1	protein_coding	0	0	1	139	0	0	0	0	28	0	0	0	0	7	1	0	0	0	0	0	0	0	0	0	0	99	0	0	5
LOC107843123	LOC107843123	XM_047396029.1	protein_coding	0	0	1	139	0	0	0	0	28	0	0	0	0	7	1	0	0	0	0	0	0	0	0	0	0	98	0	0	6
LOC107843124	LOC107843124	XM_016687305.2	protein_coding	0	2	2	208	0	0	0	0	96	0	0	0	0	18	2	0	0	0	1	0	0	0	1	0	0	81	5	0	8
LOC107843125	LOC107843125	XM_047396026.1	protein_coding	0	0	0	172	0	0	0	0	36	0	0	0	0	100	0	0	0	0	0	0	0	0	0	0	0	34	0	0	2
LOC107843125	LOC107843125	XM_047396027.1	protein_coding	0	0	0	172	0	0	0	0	36	0	0	0	0	100	0	0	0	0	0	0	0	0	0	0	0	34	0	0	2
LOC107843126	LOC107843126	XM_016687307.2	protein_coding	0	13	2	185	0	0	0	0	56	0	0	0	0	26	2	0	0	0	0	0	0	0	13	0	0	101	1	0	1
LOC107843127	LOC107843127	XM_016687308.2	protein_coding	0	3	0	244	0	0	0	0	90	0	0	0	0	21	0	0	0	0	0	0	0	0	3	0	1	131	0	0	1
LOC107843128	LOC107843128	XM_047396021.1	protein_coding	0	4	0	297	0	0	0	0	59	0	0	0	0	85	0	0	0	0	0	0	0	0	4	0	0	150	3	0	0
LOC107843128	LOC107843128	XM_047396022.1	protein_coding	0	4	0	284	0	0	0	0	51	0	0	0	0	83	0	0	0	0	0	0	0	0	4	0	0	150	0	0	0
LOC107843129	LOC107843129	NM_001324606.1	protein_coding	0	3	0	228	0	0	0	0	162	0	0	0	0	0	0	0	0	0	0	0	0	0	3	0	0	66	0	0	0
LOC107843129	LOC107843129	XM_016687310.2	protein_coding	0	3	0	279	0	0	0	0	156	0	0	0	0	24	0	0	0	0	0	0	0	0	3	0	0	88	7	0	4
LOC107843131	LOC107843131	XM_016687311.2	protein_coding	1	0	0	225	0	0	1	0	57	0	0	0	0	60	0	0	0	0	0	1	0	0	0	0	0	98	3	0	7
LOC107843131	LOC107843131	XM_016687312.2	protein_coding	1	0	0	230	0	0	1	0	57	0	0	0	0	84	0	0	0	0	0	1	0	0	0	0	1	83	3	0	2
LOC107843131	LOC107843131	XM_016687313.2	protein_coding	1	0	0	228	0	0	1	0	57	0	0	0	0	78	0	0	0	0	0	1	0	0	0	0	0	83	3	0	7
LOC107843131	LOC107843131	XM_016687314.2	protein_coding	1	0	0	224	0	0	1	0	57	0	0	0	0	44	0	0	0	0	0	1	0	0	0	0	0	105	3	0	15
LOC107843131	LOC107843131	XM_047396020.1	protein_coding	1	0	0	228	0	0	1	0	57	0	0	0	0	78	0	0	0	0	0	1	0	0	0	0	0	85	3	0	5
LOC107843132	LOC107843132	XM_016687316.2	protein_coding	0	2	3	184	0	0	0	0	23	0	0	0	0	0	3	0	0	0	0	0	0	0	2	0	0	161	0	0	0
LOC107843133	LOC107843133	XM_016687317.2	protein_coding	0	3	2	254	0	0	0	0	140	0	0	0	0	51	2	0	0	0	0	0	0	0	3	0	0	60	1	0	2
LOC107843134	LOC107843134	XM_016687318.2	protein_coding	0	0	0	161	0	0	0	0	95	0	0	0	0	39	0	0	0	0	0	0	0	0	0	0	0	12	12	0	3
LOC107843135	LOC107843135	XM_016687320.2	protein_coding	0	0	2	326	0	0	0	0	103	0	0	0	0	134	2	0	0	0	0	0	0	0	0	0	0	84	2	0	3
LOC107843136	LOC107843136	XM_016687321.2	protein_coding	0	0	0	247	0	0	0	0	98	0	0	0	0	70	0	0	0	0	0	0	0	0	0	0	0	77	2	0	0
LOC107843137	LOC107843137	XM_016687322.2	protein_coding	0	3	1	220	0	0	0	0	74	0	0	0	0	29	1	0	0	0	0	0	0	0	3	0	0	116	0	0	1
LOC107843138	LOC107843138	XM_016687323.2	protein_coding	0	17	20	933	0	0	0	0	178	0	0	0	0	562	20	0	0	0	0	0	0	0	17	0	0	147	44	0	2
LOC107843138	LOC107843138	XM_047396019.1	protein_coding	1	18	17	934	0	0	0	0	178	0	1	0	0	559	17	0	0	0	0	0	0	0	18	0	0	147	44	0	6
LOC107843140	LOC107843140	XM_016687324.2	protein_coding	0	2	0	130	0	0	0	0	36	0	0	0	0	38	0	0	0	0	0	0	0	0	2	0	0	48	2	0	6
LOC107843140	LOC107843140	XM_047396017.1	protein_coding	0	2	0	130	0	0	0	0	36	0	0	0	0	38	0	0	0	0	0	0	0	0	2	0	0	48	2	0	6
LOC107843141	LOC107843141	XM_047396018.1	protein_coding	1	2	1	148	0	0	0	0	34	0	1	0	0	35	1	0	0	0	0	0	1	0	2	0	0	74	2	0	3
LOC107843142	LOC107843142	XM_016687326.2	protein_coding	0	0	1	169	0	0	0	0	53	0	0	0	0	28	1	0	0	0	0	0	0	0	0	0	0	86	0	0	2
LOC107843142	LOC107843142	XM_047396016.1	protein_coding	0	0	1	169	0	0	0	0	53	0	0	0	0	21	1	0	0	0	0	0	0	0	0	0	0	89	0	0	6
LOC107843145	LOC107843145	XM_016687333.2	protein_coding	0	3	5	109	0	0	0	0	10	0	0	0	0	37	5	0	0	0	0	0	0	0	3	0	0	57	3	0	2
LOC107843145	LOC107843145	XM_016687334.2	protein_coding	0	3	5	106	0	0	0	0	10	0	0	0	0	36	5	0	0	0	0	0	0	0	3	0	0	57	3	0	0
LOC107843145	LOC107843145	XM_047396012.1	protein_coding	0	3	5	106	0	0	0	0	10	0	0	0	0	35	5	0	0	0	0	0	0	0	3	0	0	57	3	0	1
LOC107843145	LOC107843145	XM_047396013.1	protein_coding	0	3	5	106	0	0	0	0	10	0	0	0	0	36	5	0	0	0	0	0	0	0	3	0	0	56	3	0	1
LOC107843146	LOC107843146	XM_016687335.2	protein_coding	0	1	0	120	0	0	0	0	34	0	0	0	0	6	0	0	0	0	0	0	0	0	1	0	0	78	2	0	0
LOC107843147	LOC107843147	XM_047396010.1	protein_coding	0	1	1	108	0	0	0	0	35	0	0	0	0	10	1	0	0	0	0	0	0	0	1	0	0	61	0	0	2
LOC107843148	LOC107843148	XM_016687338.2	protein_coding	6	15	19	132	0	0	1	1	31	0	5	0	0	0	17	0	0	0	0	0	1	0	15	0	0	93	4	0	4
LOC107843149	LOC107843149	XM_016687339.2	protein_coding	0	0	0	227	0	0	0	0	118	0	0	0	0	12	0	0	0	0	0	0	0	0	0	0	0	94	2	0	1
LOC107843149	LOC107843149	XM_047396005.1	protein_coding	1	0	0	227	0	0	0	0	118	0	0	0	0	13	0	0	1	0	0	0	0	0	0	0	1	93	2	0	2
LOC107843150	LOC107843150	XM_016687340.2	protein_coding	0	3	4	151	0	0	0	0	57	0	0	0	0	27	4	0	0	0	0	0	0	0	3	0	0	65	2	0	0
LOC107843150	LOC107843150	XM_016687341.2	protein_coding	0	3	4	165	0	0	0	0	65	0	0	0	0	32	4	0	0	0	0	0	0	0	3	0	0	65	3	0	0
LOC107843150	LOC107843150	XM_016687342.2	protein_coding	0	3	4	151	0	0	0	0	57	0	0	0	0	27	4	0	0	0	0	0	0	0	3	0	0	65	2	0	0
LOC107843150	LOC107843150	XM_016687343.2	protein_coding	0	2	4	152	0	0	0	0	57	0	0	0	0	28	4	0	0	0	0	0	0	0	2	0	0	65	2	0	0
LOC107843152	LOC107843152	XM_016687346.2	protein_coding	0	0	4	141	1	1	0	0	73	0	0	0	0	0	2	0	0	0	0	0	0	0	0	0	0	67	0	0	1
LOC107843153	LOC107843153	XM_016687347.2	protein_coding	2	1	1	192	0	0	0	0	39	0	2	0	0	53	1	0	0	0	1	2	0	0	0	0	0	97	1	0	2
LOC107843154	LOC107843154	XM_016687348.2	protein_coding	0	1	2	30	0	0	0	0	2	0	0	0	0	23	2	0	0	0	0	0	0	0	1	0	0	5	0	0	0
LOC107843154	LOC107843154	XM_016687349.2	protein_coding	0	1	2	65	0	0	0	0	2	0	0	0	0	28	2	0	0	0	0	0	0	0	1	0	0	35	0	0	0
LOC107843155	LOC107843155	XM_047396003.1	protein_coding	0	0	3	55	0	0	0	0	8	0	0	0	0	16	3	0	0	0	0	0	0	0	0	0	0	31	0	0	0
LOC107843156	LOC107843156	XM_016687351.2	protein_coding	0	3	10	248	0	0	0	0	34	0	0	0	0	28	10	0	0	0	0	0	0	0	3	0	0	181	2	0	3
LOC107843157	LOC107843157	XM_047396002.1	protein_coding	0	3	1	110	0	0	0	0	31	0	0	0	0	46	1	0	0	0	0	0	0	0	3	0	0	32	1	0	0
LOC107843158	LOC107843158	XM_016687354.2	protein_coding	0	5	2	80	0	0	0	0	52	0	0	0	0	0	2	0	0	0	1	0	0	0	4	0	0	19	4	0	5
LOC107843158	LOC107843158	XM_016687355.2	protein_coding	0	5	2	73	0	0	0	0	49	0	0	0	0	0	2	0	0	0	1	0	0	0	4	0	0	19	0	0	5
LOC107843159	LOC107843159	XM_016687357.2	protein_coding	0	1	0	178	0	0	0	0	32	0	0	0	0	55	0	0	0	0	0	0	0	0	1	0	0	88	1	0	2
LOC107843160	LOC107843160	XM_016687358.2	protein_coding	0	1	2	165	0	0	0	0	69	0	0	0	0	51	2	0	0	0	0	0	0	0	1	0	0	41	4	0	0
LOC107843161	LOC107843161	XM_016687359.2	protein_coding	0	4	4	182	0	0	0	0	83	0	0	0	0	51	4	0	0	0	0	0	0	0	4	0	0	40	8	0	0
LOC107843161	LOC107843161	XM_016687360.2	protein_coding	0	4	4	182	0	0	0	0	83	0	0	0	0	51	4	0	0	0	0	0	0	0	4	0	0	40	8	0	0
LOC107843162	LOC107843162	XM_016687362.2	protein_coding	0	2	2	174	0	0	0	0	64	0	0	0	0	57	2	0	0	0	0	0	0	0	2	0	0	50	2	0	1
LOC107843163	LOC107843163	XM_016687363.2	protein_coding	0	5	1	101	0	0	0	0	28	0	0	0	0	1	1	0	0	0	1	0	0	0	4	0	0	71	0	0	1
LOC107843164	LOC107843164	XM_016687364.2	protein_coding	1	1	3	106	0	0	0	0	22	0	1	0	0	15	3	0	0	0	0	1	0	0	1	0	0	62	4	0	3
LOC107843165	LOC107843165	XM_016687365.2	protein_coding	0	1	2	75	0	0	0	0	29	0	0	0	0	14	2	0	0	0	0	0	0	0	1	0	0	29	2	0	1
LOC107843167	LOC107843167	XM_016687366.2	protein_coding	0	1	1	228	0	0	0	0	95	0	0	0	0	56	1	0	0	0	0	0	0	0	1	0	0	74	1	0	2
LOC107843168	LOC107843168	XM_016687367.2	protein_coding	0	3	1	147	0	0	0	0	37	0	0	0	0	6	1	0	0	0	2	0	0	0	1	0	0	98	1	0	5
LOC107843170	LOC107843170	XM_047395997.1	protein_coding	0	1	2	267	0	0	0	0	95	0	0	0	0	73	2	0	0	0	0	0	0	0	1	0	0	85	10	0	4
LOC107843170	LOC107843170	XM_047395998.1	protein_coding	0	1	2	267	0	0	0	0	95	0	0	0	0	73	2	0	0	0	0	0	0	0	1	0	0	85	10	0	4
LOC107843170	LOC107843170	XM_047395999.1	protein_coding	0	0	2	196	0	0	0	0	42	0	0	0	0	65	2	0	0	0	0	0	0	0	0	0	0	85	0	0	4
LOC107843170	LOC107843170	XM_047396000.1	protein_coding	0	0	2	196	0	0	0	0	42	0	0	0	0	65	2	0	0	0	0	0	0	0	0	0	0	85	0	0	4
LOC107843170	LOC107843170	XM_047396001.1	protein_coding	0	0	2	180	0	0	0	0	27	0	0	0	0	55	2	0	0	0	0	0	0	0	0	0	0	85	9	0	4
LOC107843170	LOC107843170	XR_007044377.1		1	0	0	280	0	0	0	0	101	11	0	0	0	84	0	0	1	0	0	0	0	0	0	0	0	85	0	0	0
LOC107843170	LOC107843170	XR_007044378.1		0	0	0	182	0	0	0	0	27	8	0	0	0	62	0	0	0	0	0	0	0	0	0	0	0	85	0	0	0
LOC107843171	LOC107843171	XM_047395989.1	protein_coding	0	2	1	249	0	0	0	0	118	0	0	0	0	51	1	0	0	0	0	0	0	0	2	0	0	74	6	0	0
LOC107843171	LOC107843171	XM_047395990.1	protein_coding	0	2	1	249	0	0	0	0	118	0	0	0	0	51	1	0	0	0	0	0	0	0	2	0	0	74	6	0	0
LOC107843172	LOC107843172	XM_047395993.1	protein_coding	0	7	3	352	0	0	0	0	81	0	0	0	0	113	3	0	0	0	5	0	0	0	2	0	0	142	1	0	15
LOC107843173	LOC107843173	XM_016687373.2	protein_coding	0	1	0	99	0	0	0	0	52	0	0	0	0	9	0	0	0	0	0	0	0	0	1	0	0	36	0	0	2
LOC107843174	LOC107843174	XM_016687374.2	protein_coding	0	0	1	115	0	0	0	0	49	0	0	0	0	23	1	0	0	0	0	0	0	0	0	0	0	40	2	0	1
LOC107843175	LOC107843175	XM_016687375.2	protein_coding	0	2	0	109	0	0	0	0	41	0	0	0	0	39	0	0	0	0	0	0	0	0	2	0	0	21	4	0	4
LOC107843175	LOC107843175	XM_047395994.1	protein_coding	0	8	0	96	0	0	0	0	41	0	0	0	0	16	0	0	0	0	6	0	0	0	2	0	0	13	4	0	22
LOC107843176	LOC107843176	XM_047395995.1	protein_coding	0	2	6	258	0	0	0	0	106	0	0	0	0	11	6	0	0	0	0	0	0	0	2	0	0	133	8	0	0
LOC107843177	LOC107843177	XM_047395996.1	protein_coding	0	2	5	183	0	0	0	0	117	0	0	0	0	24	5	0	0	0	1	0	0	0	1	0	0	37	2	0	3
LOC107843180	LOC107843180	XM_016687380.2	protein_coding	0	4	9	230	1	0	0	0	69	0	0	0	0	65	8	0	0	0	1	0	0	0	3	0	0	86	5	0	5
LOC107843181	LOC107843181	XM_016687381.2	protein_coding	0	5	3	150	0	0	0	0	110	0	0	0	0	2	3	0	0	0	0	0	0	0	5	0	0	36	2	0	0
LOC107843182	LOC107843182	XM_016687382.2	protein_coding	0	0	3	117	0	0	0	0	37	0	0	0	0	14	3	0	0	0	0	0	0	0	0	0	0	65	0	0	1
LOC107843184	LOC107843184	XM_016687384.2	protein_coding	0	4	1	88	0	0	0	0	42	0	0	0	0	26	1	0	0	0	0	0	0	0	4	0	0	13	2	0	5
LOC107843184	LOC107843184	XM_016687385.2	protein_coding	0	4	1	88	0	0	0	0	42	0	0	0	0	26	1	0	0	0	0	0	0	0	4	0	0	13	2	0	5
LOC107843184	LOC107843184	XM_016687386.2	protein_coding	0	4	1	88	0	0	0	0	42	0	0	0	0	31	1	0	0	0	0	0	0	0	4	0	0	13	2	0	0
LOC107843184	LOC107843184	XM_016687387.2	protein_coding	0	4	1	84	0	0	0	0	42	0	0	0	0	24	1	0	0	0	0	0	0	0	4	0	0	16	2	0	0
LOC107843184	LOC107843184	XM_016687389.2	protein_coding	0	4	1	82	0	0	0	0	42	0	0	0	0	23	1	0	0	0	0	0	0	0	4	0	0	14	2	0	1
LOC107843185	LOC107843185	XM_016687391.2	protein_coding	0	4	1	80	0	0	0	0	11	0	0	0	0	3	1	0	0	0	0	0	0	0	4	0	0	66	0	0	0
LOC107843186	LOC107843186	XM_016687392.2	protein_coding	0	0	1	88	0	0	0	0	37	0	0	0	0	8	1	0	0	0	0	0	0	0	0	0	0	40	0	0	3
LOC107843186	LOC107843186	XM_016687394.2	protein_coding	0	0	1	88	0	0	0	0	37	0	0	0	0	8	1	0	0	0	0	0	0	0	0	0	0	40	0	0	3
LOC107843186	LOC107843186	XM_016687396.2	protein_coding	0	1	1	88	0	0	0	0	37	0	0	0	0	6	1	0	0	0	1	0	0	0	0	0	0	44	0	0	1
LOC107843186	LOC107843186	XM_047395988.1	protein_coding	0	1	1	88	0	0	0	0	37	0	0	0	0	6	1	0	0	0	1	0	0	0	0	0	0	44	0	0	1
LOC107843188	LOC107843188	XM_016687398.2	protein_coding	0	1	2	135	0	0	0	0	45	0	0	0	0	10	2	0	0	0	1	0	0	0	0	0	0	75	3	0	2
LOC107843188	LOC107843188	XM_047395987.1	protein_coding	0	0	2	135	0	0	0	0	45	0	0	0	0	12	2	0	0	0	0	0	0	0	0	0	0	75	3	0	0
LOC107843189	LOC107843189	XM_016687400.2	protein_coding	0	0	1	114	0	1	0	0	35	0	0	0	0	16	0	0	0	0	0	0	0	0	0	0	0	60	2	0	1
LOC107843189	LOC107843189	XM_047395986.1	protein_coding	0	0	1	114	0	1	0	0	30	0	0	0	0	20	0	0	0	0	0	0	0	0	0	0	0	60	3	0	1
LOC107843190	LOC107843190	XM_016687401.2	protein_coding	0	0	0	19	0	0	0	0	8	0	0	0	0	0	0	0	0	0	0	0	0	0	0	0	0	11	0	0	0
LOC107843190	LOC107843190	XM_047395981.1	protein_coding	0	0	0	19	0	0	0	0	8	0	0	0	0	0	0	0	0	0	0	0	0	0	0	0	0	11	0	0	0
LOC107843191	LOC107843191	XM_016687402.2	protein_coding	0	0	1	32	0	0	0	0	22	0	0	0	0	2	1	0	0	0	0	0	0	0	0	0	0	5	0	0	3
LOC107843191	LOC107843191	XM_016687403.2	protein_coding	0	0	1	32	0	0	0	0	22	0	0	0	0	2	1	0	0	0	0	0	0	0	0	0	0	8	0	0	0
LOC107843192	LOC107843192	XM_016687404.2	protein_coding	0	3	7	88	0	0	0	0	30	0	0	0	0	12	7	0	0	0	0	0	0	0	3	0	0	44	0	0	2
LOC107843192	LOC107843192	XM_016687405.2	protein_coding	0	3	7	88	0	0	0	0	30	0	0	0	0	12	7	0	0	0	0	0	0	0	3	0	0	44	0	0	2
LOC107843193	LOC107843193	XM_016687407.2	protein_coding	0	0	2	139	0	1	0	0	31	0	0	0	0	57	1	0	0	0	0	0	0	0	0	0	0	50	1	0	0
LOC107843193	LOC107843193	XM_047395982.1	protein_coding	0	0	2	141	0	1	0	0	31	0	0	0	0	60	1	0	0	0	0	0	0	0	0	0	0	50	0	0	0
LOC107843194	LOC107843194	XM_047395983.1	protein_coding	0	5	3	129	0	0	0	0	14	0	0	0	0	15	3	0	0	0	2	0	0	0	3	0	0	82	9	0	9
LOC107843194	LOC107843194	XR_007044367.1		0	0	0	135	0	0	0	0	14	23	0	0	0	16	0	0	0	0	0	0	0	0	0	0	0	82	0	0	0
LOC107843194	LOC107843194	XR_007044368.1		0	0	0	135	0	0	0	0	14	24	0	0	0	15	0	0	0	0	0	0	0	0	0	0	0	82	0	0	0
LOC107843194	LOC107843194	XR_007044369.1		0	0	0	135	0	0	0	0	14	24	0	0	0	15	0	0	0	0	0	0	0	0	0	0	0	82	0	0	0
LOC107843194	LOC107843194	XR_007044370.1		0	0	0	135	0	0	0	0	14	21	0	0	0	18	0	0	0	0	0	0	0	0	0	0	0	82	0	0	0
LOC107843194	LOC107843194	XR_007044371.1		0	0	0	135	0	0	0	0	14	23	0	0	0	16	0	0	0	0	0	0	0	0	0	0	0	82	0	0	0
LOC107843194	LOC107843194	XR_007044372.1		0	0	0	135	0	0	0	0	14	21	0	0	0	18	0	0	0	0	0	0	0	0	0	0	0	82	0	0	0
LOC107843194	LOC107843194	XR_007044373.1		0	0	0	135	0	0	0	0	14	23	0	0	0	16	0	0	0	0	0	0	0	0	0	0	0	82	0	0	0
LOC107843195	LOC107843195	XM_016687413.2	protein_coding	0	7	9	265	0	1	0	0	135	0	0	0	0	36	8	0	0	0	0	0	0	0	7	0	0	78	11	0	5
LOC107843195	LOC107843195	XM_016687414.2	protein_coding	0	7	9	265	0	1	0	0	135	0	0	0	0	38	8	0	0	0	0	0	0	0	7	0	0	78	9	0	5
LOC107843196	LOC107843196	XM_016687416.2	protein_coding	0	0	0	213	0	0	0	0	129	0	0	0	0	19	0	0	0	0	0	0	0	0	0	0	0	55	9	0	1
LOC107843197	LOC107843197	XM_016687417.2	protein_coding	0	0	0	87	0	0	0	0	41	0	0	0	0	15	0	0	0	0	0	0	0	0	0	0	0	29	1	0	1
LOC107843198	LOC107843198	XM_016687418.2	protein_coding	0	0	0	59	0	0	0	0	51	0	0	0	0	1	0	0	0	0	0	0	0	0	0	0	0	7	0	0	0
LOC107843198	LOC107843198	XM_047395969.1	protein_coding	0	0	0	59	0	0	0	0	51	0	0	0	0	1	0	0	0	0	0	0	0	0	0	0	0	7	0	0	0
LOC107843199	LOC107843199	XM_016687419.2	protein_coding	2	3	5	128	0	0	1	0	73	0	2	0	0	34	4	0	0	0	0	0	0	0	3	0	0	21	0	0	0
LOC107843200	LOC107843200	XM_016687420.2	protein_coding	0	3	3	218	0	0	0	0	133	0	0	0	0	0	3	0	0	0	1	0	0	0	2	0	0	78	0	0	7
LOC107843201	LOC107843201	XM_016687422.2	protein_coding	0	5	3	108	0	0	0	0	65	0	0	0	0	13	3	0	0	0	0	0	0	0	5	0	0	30	0	0	0
LOC107843201	LOC107843201	XM_047395978.1	protein_coding	0	5	3	108	0	0	0	0	65	0	0	0	0	13	3	0	0	0	0	0	0	0	5	0	0	30	0	0	0
LOC107843202	LOC107843202	XM_047395977.1	protein_coding	1	6	0	164	0	0	0	0	74	0	1	0	0	12	0	0	0	0	6	0	0	0	0	0	0	55	4	0	19
LOC107843203	LOC107843203	XR_007044379.1		0	0	0	151	0	0	0	0	59	16	0	0	0	0	0	0	0	0	0	0	0	0	0	0	0	76	0	0	0
LOC107843204	LOC107843204	XM_016687429.2	protein_coding	0	0	3	160	0	0	0	0	9	0	0	0	0	26	3	0	0	0	0	0	0	0	0	0	0	123	2	0	0
LOC107843204	LOC107843204	XM_016687430.2	protein_coding	0	0	3	160	0	0	0	0	9	0	0	0	0	26	3	0	0	0	0	0	0	0	0	0	0	123	2	0	0
LOC107843204	LOC107843204	XM_016687432.2	protein_coding	0	0	3	160	0	0	0	0	9	0	0	0	0	26	3	0	0	0	0	0	0	0	0	0	0	123	2	0	0
LOC107843205	LOC107843205	XM_047395952.1	protein_coding	0	4	1	427	0	0	0	0	120	0	0	0	0	246	1	0	0	0	0	0	0	0	4	0	0	56	4	0	1
LOC107843205	LOC107843205	XM_047395953.1	protein_coding	0	5	1	427	0	0	0	0	120	0	0	0	0	243	1	0	0	0	1	0	0	0	4	0	0	56	4	0	4
LOC107843205	LOC107843205	XM_047395954.1	protein_coding	0	5	1	427	0	0	0	0	120	0	0	0	0	243	1	0	0	0	1	0	0	0	4	0	0	56	4	0	4
LOC107843205	LOC107843205	XM_047395955.1	protein_coding	0	4	1	427	0	0	0	0	120	0	0	0	0	246	1	0	0	0	0	0	0	0	4	0	0	56	4	0	1
LOC107843205	LOC107843205	XM_047395956.1	protein_coding	0	5	1	427	0	0	0	0	120	0	0	0	0	243	1	0	0	0	1	0	0	0	4	0	0	56	4	0	4
LOC107843205	LOC107843205	XM_047395957.1	protein_coding	0	4	1	427	0	0	0	0	120	0	0	0	0	246	1	0	0	0	0	0	0	0	4	0	0	56	4	0	1
LOC107843205	LOC107843205	XM_047395958.1	protein_coding	0	4	1	427	0	0	0	0	120	0	0	0	0	246	1	0	0	0	0	0	0	0	4	0	0	56	4	0	1
LOC107843205	LOC107843205	XM_047395959.1	protein_coding	0	4	1	427	0	0	0	0	120	0	0	0	0	246	1	0	0	0	0	0	0	0	4	0	0	56	4	0	1
LOC107843205	LOC107843205	XM_047395960.1	protein_coding	0	4	1	246	0	0	0	0	120	0	0	0	0	48	1	0	0	0	0	0	0	0	4	0	0	72	4	0	2
LOC107843207	LOC107843207	XM_047395950.1	protein_coding	0	0	2	206	0	0	0	0	40	0	0	0	0	95	2	0	0	0	0	0	0	0	0	0	0	71	0	0	0
LOC107843208	LOC107843208	XM_016687437.2	protein_coding	0	4	1	150	0	0	0	0	90	0	0	0	0	1	1	0	0	0	1	0	0	0	3	0	0	53	1	0	5
LOC107843209	LOC107843209	XM_016687438.2	protein_coding	0	2	2	222	0	0	0	0	80	0	0	0	0	68	2	0	0	0	0	0	0	0	2	0	0	72	0	0	2
LOC107843209	LOC107843209	XM_047395947.1	protein_coding	0	2	2	221	0	0	0	0	80	0	0	0	0	66	2	0	0	0	0	0	0	0	2	0	0	73	0	0	2
LOC107843209	LOC107843209	XM_047395948.1	protein_coding	0	2	2	233	0	0	0	0	85	0	0	0	0	68	2	0	0	0	0	0	0	0	2	0	0	74	6	0	0
LOC107843209	LOC107843209	XM_047395949.1	protein_coding	0	2	2	233	0	0	0	0	85	0	0	0	0	66	2	0	0	0	0	0	0	0	2	0	0	74	6	0	2
LOC107843211	LOC107843211	XM_016687441.2	protein_coding	0	5	7	244	0	0	0	0	73	0	0	0	0	27	7	0	0	0	1	0	0	0	4	0	0	101	5	0	38
LOC107843212	LOC107843212	XM_016687442.2	protein_coding	1	9	17	310	0	0	0	0	96	0	0	0	0	93	17	0	0	1	0	0	0	0	9	0	0	112	7	0	3
LOC107843214	LOC107843214	XM_016687443.2	protein_coding	0	11	10	410	0	0	0	0	120	0	0	0	0	161	10	0	0	0	2	0	0	0	9	0	0	112	12	0	5
LOC107843215	LOC107843215	XR_007044362.1		0	0	0	107	0	0	0	0	26	10	0	0	0	0	0	0	0	0	0	0	0	0	0	0	0	71	0	0	0
LOC107843215	LOC107843215	XR_007044363.1		0	0	0	107	0	0	0	0	26	10	0	0	0	0	0	0	0	0	0	0	0	0	0	0	0	71	0	0	0
LOC107843216	LOC107843216	XM_016687452.2	protein_coding	0	5	9	216	0	0	0	0	11	0	0	0	0	100	9	0	0	0	0	0	0	0	5	0	0	95	5	0	5
LOC107843216	LOC107843216	XM_047395945.1	protein_coding	0	5	9	216	0	0	0	0	11	0	0	0	0	83	9	0	0	0	0	0	0	0	5	0	0	95	22	0	5
LOC107843216	LOC107843216	XM_047395946.1	protein_coding	0	0	1	270	0	0	0	0	46	0	0	0	0	120	1	0	0	0	0	0	0	0	0	0	0	94	5	0	5
LOC107843216	LOC107843216	XR_001666274.2		0	0	0	254	0	0	0	0	30	30	0	0	0	99	0	0	0	0	0	0	0	0	0	0	0	95	0	0	0
LOC107843216	LOC107843216	XR_001666275.2		0	0	0	254	0	0	0	0	30	24	0	0	0	105	0	0	0	0	0	0	0	0	0	0	0	95	0	0	0
LOC107843216	LOC107843216	XR_007044357.1		0	0	0	254	0	0	0	0	30	41	0	0	0	88	0	0	0	0	0	0	0	0	0	0	0	95	0	0	0
LOC107843216	LOC107843216	XR_007044358.1		0	0	0	254	0	0	0	0	30	41	0	0	0	88	0	0	0	0	0	0	0	0	0	0	0	95	0	0	0
LOC107843216	LOC107843216	XR_007044359.1		0	0	0	254	0	0	0	0	30	24	0	0	0	105	0	0	0	0	0	0	0	0	0	0	0	95	0	0	0
LOC107843216	LOC107843216	XR_007044360.1		0	0	0	254	0	0	0	0	30	24	0	0	0	105	0	0	0	0	0	0	0	0	0	0	0	95	0	0	0
LOC107843216	LOC107843216	XR_007044361.1		0	0	0	254	0	0	0	0	30	33	0	0	0	96	0	0	0	0	0	0	0	0	0	0	0	95	0	0	0
LOC107843218	LOC107843218	XM_016687459.2	protein_coding	0	4	2	343	0	0	0	0	124	0	0	0	0	47	2	0	0	0	0	0	0	0	4	0	0	166	3	0	3
LOC107843218	LOC107843218	XM_016701106.2	protein_coding	2	4	5	228	0	0	0	0	80	0	2	0	0	62	5	0	0	0	0	2	0	0	4	0	0	79	6	0	1
LOC107843218	LOC107843218	XM_016701110.2	protein_coding	1	8	11	294	1	0	0	0	80	0	0	0	0	174	10	0	1	0	1	0	0	0	7	0	0	30	6	0	5
LOC107843218	LOC107843218	XM_016701111.2	protein_coding	0	5	6	182	0	0	0	0	82	0	0	0	0	72	6	0	0	0	0	0	0	0	5	0	0	25	3	0	0
LOC107843218	LOC107843218	XM_016701112.2	protein_coding	0	5	5	178	0	0	0	0	82	0	0	0	0	47	5	0	0	0	0	0	0	0	5	0	0	36	3	0	10
LOC107843218	LOC107843218	XM_016701113.2	protein_coding	0	6	5	176	0	0	0	0	82	0	0	0	0	38	5	0	0	0	1	0	0	0	5	0	0	45	3	0	8
LOC107843218	LOC107843218	XM_047395936.1	protein_coding	0	6	2	852	0	0	0	0	82	0	0	0	0	598	2	0	0	0	0	0	0	0	6	0	0	166	3	0	3
LOC107843218	LOC107843218	XM_047395937.1	protein_coding	0	5	2	331	0	0	0	0	82	0	0	0	0	114	2	0	0	0	0	0	0	0	5	0	0	131	3	0	1
LOC107843218	LOC107843218	XM_047395938.1	protein_coding	0	5	2	336	0	0	0	0	82	0	0	0	0	115	2	0	0	0	0	0	0	0	5	0	0	136	3	0	0
LOC107843218	LOC107843218	XM_047395939.1	protein_coding	0	5	2	330	0	0	0	0	82	0	0	0	0	112	2	0	0	0	0	0	0	0	5	0	0	130	3	0	3
LOC107843218	LOC107843218	XM_047395940.1	protein_coding	0	10	2	850	0	0	0	0	82	0	0	0	0	589	2	0	0	0	4	0	0	0	6	0	0	167	3	0	9
LOC107843218	LOC107843218	XM_047395941.1	protein_coding	0	6	2	298	0	0	0	0	82	0	0	0	0	96	2	0	0	0	1	0	0	0	5	0	0	107	3	0	10
LOC107843218	LOC107843218	XM_047395942.1	protein_coding	0	5	2	328	0	0	0	0	82	0	0	0	0	114	2	0	0	0	0	0	0	0	5	0	0	128	3	0	1
LOC107843219	LOC107843219	XM_016687460.2	protein_coding	2	3	7	253	0	0	0	0	84	0	0	0	0	66	7	0	1	1	0	0	1	0	3	0	0	104	0	0	0
LOC107843220	LOC107843220	XM_047395934.1	protein_coding	3	1	11	259	1	0	0	0	45	0	3	0	0	144	10	0	0	0	0	0	0	0	1	0	0	69	1	0	0
LOC107843221	LOC107843221	XM_016687461.2	protein_coding	0	2	0	157	0	0	0	0	88	0	0	0	0	29	0	0	0	0	0	0	0	0	2	0	0	38	1	0	1
LOC107843222	LOC107843222	XM_016687462.2	protein_coding	0	0	1	133	0	0	0	0	53	0	0	0	0	42	1	0	0	0	0	0	0	0	0	0	0	38	0	0	0
LOC107843222	LOC107843222	XM_016687463.2	protein_coding	0	0	1	194	0	0	0	0	91	0	0	0	0	53	1	0	0	0	0	0	0	0	0	0	0	38	12	0	0
LOC107843223	LOC107843223	XM_016687465.2	protein_coding	0	0	2	155	0	0	0	0	64	0	0	0	0	53	2	0	0	0	0	0	0	0	0	0	0	32	4	0	2
LOC107843223	LOC107843223	XM_047395932.1	protein_coding	0	0	2	155	0	0	0	0	64	0	0	0	0	53	2	0	0	0	0	0	0	0	0	0	0	32	4	0	2
LOC107843224	LOC107843224	XM_047395930.1	protein_coding	1	0	0	143	0	0	0	0	41	0	1	0	0	28	0	0	0	0	0	0	0	0	0	0	0	71	0	0	3
LOC107843224	LOC107843224	XM_047395931.1	protein_coding	1	0	0	137	0	0	0	0	37	0	1	0	0	25	0	0	0	0	0	0	0	0	0	0	0	71	1	0	3
LOC107843224	LOC107843224	XR_007044355.1		0	0	0	138	0	0	0	0	37	4	0	0	0	26	0	0	0	0	0	0	0	0	0	0	0	71	0	0	0
LOC107843225	LOC107843225	XM_016687467.2	protein_coding	0	2	1	182	0	0	0	0	78	0	0	0	0	28	1	0	0	0	0	0	0	0	2	0	0	73	1	0	2
LOC107843226	LOC107843226	XM_016687468.2	protein_coding	0	4	1	173	0	0	0	0	61	0	0	0	0	34	1	0	0	0	2	0	0	0	2	0	0	71	2	0	5
LOC107843227	LOC107843227	XM_016687469.2	protein_coding	0	2	1	208	0	0	0	0	25	0	0	0	0	132	1	0	0	0	0	0	0	0	2	0	0	47	2	0	2
LOC107843228	LOC107843228	XM_016687470.2	protein_coding	0	0	2	201	0	0	0	0	68	0	0	0	0	49	2	0	0	0	0	0	0	0	0	0	0	78	2	0	4
LOC107843228	LOC107843228	XM_016687471.2	protein_coding	0	0	2	201	0	0	0	0	68	0	0	0	0	49	2	0	0	0	0	0	0	0	0	0	0	78	2	0	4
LOC107843229	LOC107843229	XM_016687472.2	protein_coding	2	5	14	346	0	0	0	0	115	0	1	0	0	99	14	0	0	1	0	0	0	0	5	0	0	132	1	0	0
LOC107843231	LOC107843231	XM_047395918.1	protein_coding	2	11	18	552	0	0	1	0	44	0	1	0	0	222	17	0	1	0	5	0	0	0	5	1	0	235	10	0	42
LOC107843231	LOC107843231	XM_047395919.1	protein_coding	1	11	18	553	0	0	1	0	44	0	1	0	0	222	17	0	0	0	5	0	0	0	5	1	0	235	10	0	42
LOC107843231	LOC107843231	XR_007044352.1		1	0	0	577	0	0	0	0	44	83	0	0	0	216	0	0	1	0	0	0	0	0	0	0	0	235	0	0	0
LOC107843234	LOC107843234	XM_016687475.2	protein_coding	0	1	2	122	0	0	0	0	13	0	0	0	0	47	2	0	0	0	0	0	0	0	1	0	0	62	0	0	0
LOC107843235	LOC107843235	XM_047395927.1	protein_coding	0	3	2	48	0	0	0	0	23	0	0	0	0	0	2	0	0	0	0	0	0	0	3	0	0	25	0	0	0
LOC107843236	LOC107843236	XM_016687484.2	protein_coding	0	0	1	81	0	0	0	0	51	0	0	0	0	0	1	0	0	0	0	0	0	0	0	0	0	29	0	0	1
LOC107843237	LOC107843237	XM_016687489.2	protein_coding	0	1	0	92	0	0	0	0	38	0	0	0	0	30	0	0	0	0	0	0	0	0	1	0	0	24	0	0	0
LOC107843238	LOC107843238	XM_016687490.2	protein_coding	0	1	1	60	0	0	0	0	41	0	0	0	0	0	1	0	0	0	0	0	0	0	1	0	0	16	1	0	2
LOC107843239	LOC107843239	XM_016687491.2	protein_coding	1	4	6	75	0	0	0	0	16	0	0	0	0	36	6	0	0	0	0	0	1	0	4	0	0	17	2	0	4
LOC107843239	LOC107843239	XM_047395923.1	protein_coding	1	3	5	72	0	0	0	0	16	0	0	0	0	33	5	0	0	0	0	0	1	0	3	0	0	21	2	0	0
LOC107843240	LOC107843240	XM_016687492.2	protein_coding	0	0	0	17	0	0	0	0	3	0	0	0	0	2	0	0	0	0	0	0	0	0	0	0	0	12	0	0	0
LOC107843241	LOC107843241	XM_016687493.2	protein_coding	0	0	0	18	0	0	0	0	13	0	0	0	0	2	0	0	0	0	0	0	0	0	0	0	0	3	0	0	0
LOC107843241	LOC107843241	XM_047395921.1	protein_coding	0	0	0	18	0	0	0	0	13	0	0	0	0	1	0	0	0	0	0	0	0	0	0	0	0	4	0	0	0
LOC107843242	LOC107843242	XM_016687494.2	protein_coding	0	0	1	15	0	0	0	0	3	0	0	0	0	0	1	0	0	0	0	0	0	0	0	0	0	11	1	0	0
LOC107843243	LOC107843243	XM_016687495.2	protein_coding	0	1	1	14	0	0	0	0	4	0	0	0	0	1	1	0	0	0	0	0	0	0	1	0	0	9	0	0	0
LOC107843243	LOC107843243	XM_016687496.2	protein_coding	0	1	1	14	0	0	0	0	4	0	0	0	0	1	1	0	0	0	0	0	0	0	1	0	0	9	0	0	0
LOC107843245	LOC107843245	XM_016687498.2	protein_coding	0	1	1	9	0	1	0	0	6	0	0	0	0	2	0	0	0	0	0	0	0	0	1	0	0	1	0	0	0
LOC107843245	LOC107843245	XM_047395917.1	protein_coding	0	1	1	9	0	1	0	0	6	0	0	0	0	2	0	0	0	0	0	0	0	0	1	0	0	1	0	0	0
LOC107843246	LOC107843246	XM_016687499.2	protein_coding	1	0	0	27	0	0	0	0	1	0	1	0	0	21	0	0	0	0	0	0	0	0	0	0	0	4	1	0	0
LOC107843246	LOC107843246	XM_016687500.2	protein_coding	1	0	0	27	0	0	0	0	1	0	1	0	0	21	0	0	0	0	0	0	0	0	0	0	0	4	1	0	0
LOC107843246	LOC107843246	XM_016687501.2	protein_coding	1	0	0	27	0	0	0	0	1	0	1	0	0	21	0	0	0	0	0	0	0	0	0	0	0	4	1	0	0
LOC107843246	LOC107843246	XM_016687502.2	protein_coding	1	0	0	25	0	0	0	0	21	0	1	0	0	0	0	0	0	0	0	0	0	0	0	0	0	4	0	0	0
LOC107843246	LOC107843246	XM_016687503.2	protein_coding	1	0	0	25	0	0	0	0	21	0	1	0	0	0	0	0	0	0	0	0	0	0	0	0	0	4	0	0	0
LOC107843248	LOC107843248	XM_016687504.2	protein_coding	0	0	0	10	0	0	0	0	0	0	0	0	0	3	0	0	0	0	0	0	0	0	0	0	0	6	1	0	0
LOC107843248	LOC107843248	XM_016687505.2	protein_coding	0	0	0	9	0	0	0	0	0	0	0	0	0	3	0	0	0	0	0	0	0	0	0	0	0	5	1	0	0
LOC107843248	LOC107843248	XM_016687506.2	protein_coding	0	1	0	9	0	0	0	0	0	0	0	0	0	1	0	0	0	0	1	0	0	0	0	0	0	5	1	0	2
LOC107843248	LOC107843248	XM_047395915.1	protein_coding	0	1	0	9	0	0	0	0	0	0	0	0	0	1	0	0	0	0	1	0	0	0	0	0	0	5	1	0	2
LOC107843249	LOC107843249	XM_016687507.2	protein_coding	0	0	0	83	0	0	0	0	6	0	0	0	0	0	0	0	0	0	0	0	0	0	0	0	0	77	0	0	0
LOC107843250	LOC107843250	XM_016687508.2	protein_coding	0	0	0	174	0	0	0	0	67	0	0	0	0	89	0	0	0	0	0	0	0	0	0	0	0	18	0	0	0
LOC107843250	LOC107843250	XM_047395914.1	protein_coding	0	0	1	171	0	0	0	0	67	0	0	0	0	86	1	0	0	0	0	0	0	0	0	0	0	18	0	0	0
LOC107843251	LOC107843251	XM_016687509.2	protein_coding	0	0	1	37	0	0	0	0	11	0	0	0	0	0	1	0	0	0	0	0	0	0	0	0	0	18	1	0	7
LOC107843252	LOC107843252	XM_016687510.2	protein_coding	0	3	0	30	0	0	0	0	19	0	0	0	0	5	0	0	0	0	1	0	0	0	2	0	0	3	2	0	1
LOC107843252	LOC107843252	XM_016687512.2	protein_coding	0	3	0	30	0	0	0	0	19	0	0	0	0	5	0	0	0	0	1	0	0	0	2	0	0	3	2	0	1
LOC107843252	LOC107843252	XM_016687513.2	protein_coding	0	2	0	30	0	0	0	0	19	0	0	0	0	3	0	0	0	0	0	0	0	0	2	0	0	5	2	0	1
LOC107843252	LOC107843252	XM_016687514.2	protein_coding	0	2	0	30	0	0	0	0	19	0	0	0	0	6	0	0	0	0	0	0	0	0	2	0	0	3	2	0	0
LOC107843252	LOC107843252	XM_016687515.2	protein_coding	0	2	0	30	0	0	0	0	19	0	0	0	0	3	0	0	0	0	0	0	0	0	2	0	0	6	2	0	0
LOC107843252	LOC107843252	XM_016687517.2	protein_coding	0	2	0	30	0	0	0	0	19	0	0	0	0	6	0	0	0	0	0	0	0	0	2	0	0	3	2	0	0
LOC107843252	LOC107843252	XM_047395909.1	protein_coding	0	3	0	30	0	0	0	0	19	0	0	0	0	4	0	0	0	0	1	0	0	0	2	0	0	3	2	0	2
LOC107843252	LOC107843252	XM_047395911.1	protein_coding	0	2	0	30	0	0	0	0	19	0	0	0	0	3	0	0	0	0	0	0	0	0	2	0	0	6	2	0	0
LOC107843252	LOC107843252	XM_047395912.1	protein_coding	0	2	0	30	0	0	0	0	19	0	0	0	0	6	0	0	0	0	0	0	0	0	2	0	0	3	2	0	0
LOC107843252	LOC107843252	XM_047395913.1	protein_coding	0	3	0	30	0	0	0	0	19	0	0	0	0	5	0	0	0	0	1	0	0	0	2	0	0	3	2	0	1
LOC107843253	LOC107843253	XM_016687518.2	protein_coding	0	0	0	31	0	0	0	0	11	0	0	0	0	9	0	0	0	0	0	0	0	0	0	0	0	7	0	0	4
LOC107843254	LOC107843254	XM_016687519.2	protein_coding	0	0	0	7	0	0	0	0	0	0	0	0	0	1	0	0	0	0	0	0	0	0	0	0	0	6	0	0	0
LOC107843255	LOC107843255	XM_016687520.2	protein_coding	0	0	0	42	0	0	0	0	35	0	0	0	0	0	0	0	0	0	0	0	0	0	0	0	0	7	0	0	0
LOC107843256	LOC107843256	XM_016687521.2	protein_coding	0	0	0	48	0	0	0	0	6	0	0	0	0	0	0	0	0	0	0	0	0	0	0	0	0	42	0	0	0
LOC107843257	LOC107843257	XM_016687522.2	protein_coding	0	0	0	47	0	0	0	0	42	0	0	0	0	0	0	0	0	0	0	0	0	0	0	0	0	5	0	0	0
LOC107843258	LOC107843258	XR_001666296.2		0	0	0	55	0	0	0	0	7	3	0	0	0	42	0	0	0	0	0	0	0	0	0	0	0	3	0	0	0
LOC107843259	LOC107843259	XM_016687523.2	protein_coding	0	0	0	8	0	0	0	0	1	0	0	0	0	2	0	0	0	0	0	0	0	0	0	0	0	5	0	0	0
LOC107843259	LOC107843259	XM_016687524.2	protein_coding	0	0	0	8	0	0	0	0	1	0	0	0	0	2	0	0	0	0	0	0	0	0	0	0	0	5	0	0	0
LOC107843260	LOC107843260	XM_016687525.2	protein_coding	0	0	0	9	0	0	0	0	6	0	0	0	0	0	0	0	0	0	0	0	0	0	0	0	0	3	0	0	0
LOC107843260	LOC107843260	XM_016687526.2	protein_coding	0	0	0	9	0	0	0	0	6	0	0	0	0	0	0	0	0	0	0	0	0	0	0	0	0	3	0	0	0
LOC107843261	LOC107843261	XM_016687528.2	protein_coding	0	0	0	17	0	0	0	0	9	0	0	0	0	8	0	0	0	0	0	0	0	0	0	0	0	0	0	0	0
LOC107843262	LOC107843262	XM_016687529.2	protein_coding	0	0	0	15	0	0	0	0	11	0	0	0	0	0	0	0	0	0	0	0	0	0	0	0	0	3	0	0	1
LOC107843263	LOC107843263	XM_047396936.1	protein_coding	3	2	1	90	0	0	0	1	84	0	2	0	0	0	1	0	0	0	0	0	3	0	2	0	0	6	0	0	0
LOC107843265	LOC107843265	XM_016687532.2	protein_coding	0	10	11	114	0	0	0	0	69	0	0	0	0	28	11	0	0	0	0	0	0	0	10	0	0	9	2	0	6
LOC107843266	LOC107843266	XM_016687535.2	protein_coding	0	1	1	115	0	0	0	0	38	0	0	0	0	13	1	0	0	0	0	0	0	0	1	0	0	63	0	0	1
LOC107843266	LOC107843266	XM_047395906.1	protein_coding	0	1	0	110	0	0	0	0	38	0	0	0	0	14	0	0	0	0	0	0	0	0	1	0	0	58	0	0	0
LOC107843266	LOC107843266	XM_047395907.1	protein_coding	0	1	1	110	0	0	0	0	38	0	0	0	0	13	1	0	0	0	0	0	0	0	1	0	0	59	0	0	0
LOC107843266	LOC107843266	XM_047395908.1	protein_coding	0	1	0	110	0	0	0	0	38	0	0	0	0	14	0	0	0	0	0	0	0	0	1	0	0	58	0	0	0
LOC107843267	LOC107843267	XR_001666300.2		0	0	0	162	0	0	0	0	59	60	0	0	0	10	0	0	0	0	0	0	0	0	0	0	0	33	0	0	0
LOC107843268	LOC107843268	XM_016687538.2	protein_coding	0	2	2	300	0	0	0	0	66	0	0	0	0	106	2	0	0	0	0	0	0	0	2	0	0	125	2	0	1
LOC107843269	LOC107843269	XM_016687539.2	protein_coding	0	0	6	191	0	0	0	0	64	0	0	0	0	0	6	0	0	0	0	0	0	0	0	0	0	127	0	0	0
LOC107843270	LOC107843270	XM_016687540.2	protein_coding	0	5	0	230	0	0	0	0	65	0	0	0	0	43	0	0	0	0	2	0	0	0	3	0	0	118	0	0	4
LOC107843270	LOC107843270	XM_047395904.1	protein_coding	0	5	0	230	0	0	0	0	65	0	0	0	0	43	0	0	0	0	2	0	0	0	3	0	0	118	0	0	4
LOC107843271	LOC107843271	XM_016687541.2	protein_coding	0	1	0	86	0	0	0	0	18	0	0	0	0	9	0	0	0	0	1	0	0	0	0	0	0	56	0	0	3
LOC107843271	LOC107843271	XM_016687542.2	protein_coding	0	0	0	68	0	0	0	0	18	0	0	0	0	2	0	0	0	0	0	0	0	0	0	0	0	46	0	0	2
LOC107843271	LOC107843271	XM_047395903.1	protein_coding	0	2	0	85	0	0	0	0	18	0	0	0	0	4	0	0	0	0	2	0	0	0	0	0	0	58	0	0	5
LOC107843273	LOC107843273	XM_016687543.2	protein_coding	0	6	5	175	0	0	0	0	38	0	0	1	0	105	5	0	0	0	0	0	0	0	6	0	0	26	4	0	1
LOC107843273	LOC107843273	XM_047395902.1	protein_coding	0	6	5	173	0	0	0	0	38	0	0	1	0	89	5	0	0	0	0	0	0	0	6	0	0	41	4	0	0
LOC107844304	LOC107844304	XM_016688751.2	protein_coding	0	0	3	155	0	0	0	0	77	0	0	0	0	0	3	0	0	0	0	0	0	0	0	0	0	78	0	0	0
LOC107844314	LOC107844314	XM_016688760.2	protein_coding	0	3	16	280	0	0	0	0	165	0	0	0	0	13	16	0	0	0	0	0	0	0	3	0	0	102	0	0	0
LOC107844853	LOC107844853	XM_016689196.2	protein_coding	1	5	12	190	0	0	0	0	77	0	1	0	0	5	12	0	0	0	0	0	0	0	5	0	0	89	19	0	0
LOC107846016	LOC107846016	XM_047396063.1	protein_coding	0	0	0	129	0	0	0	0	78	0	0	0	0	0	0	0	0	0	0	0	0	0	0	0	1	41	8	0	1
LOC107846018	LOC107846018	XM_016690544.2	protein_coding	0	14	1	52	0	0	0	0	38	0	0	0	0	0	1	0	0	0	0	0	0	0	13	1	0	0	14	0	0
LOC107846285	LOC107846285	XM_047396705.1	protein_coding	0	0	1	181	0	0	0	0	98	0	0	0	0	0	1	0	0	0	0	0	0	0	0	0	1	77	3	0	2
LOC107846666	LOC107846666	XR_007044812.1		0	0	0	181	0	0	0	0	50	41	0	0	0	19	0	0	0	0	0	0	0	0	0	0	0	71	0	0	0
LOC107846666	LOC107846666	XR_007044813.1		0	0	0	182	0	0	0	0	50	25	0	0	0	39	0	0	0	0	0	0	0	0	0	0	0	68	0	0	0
LOC107846666	LOC107846666	XR_007044814.1		0	0	0	181	0	0	0	0	50	41	0	0	0	19	0	0	0	0	0	0	0	0	0	0	0	71	0	0	0
LOC107846666	LOC107846666	XR_007044815.1		0	0	0	183	0	0	0	0	50	25	0	0	0	39	0	0	0	0	0	0	0	0	0	0	0	69	0	0	0
LOC107846666	LOC107846666	XR_007044816.1		0	0	0	181	0	0	0	0	50	28	0	0	0	32	0	0	0	0	0	0	0	0	0	0	0	71	0	0	0
LOC107846667	LOC107846667	XM_016690979.1	protein_coding	1	6	14	254	0	0	0	0	47	0	0	0	0	0	14	0	0	0	0	0	0	1	6	0	0	207	0	0	0
LOC107846752	LOC107846752	XM_016691052.2	protein_coding	3	12	17	376	0	0	0	0	222	0	3	0	0	3	17	1	0	0	0	0	3	0	10	1	0	151	0	0	0
LOC107846754	LOC107846754	XM_016691053.2	protein_coding	2	4	5	4520	0	0	0	0	271	0	0	0	0	3940	5	0	1	0	0	0	1	0	4	0	0	310	0	0	0
LOC107846894	LOC107846894	XM_016691163.2	protein_coding	0	4	0	226	0	0	0	0	141	0	0	0	0	13	0	0	0	0	0	0	0	0	4	0	0	69	2	0	1
LOC107846894	LOC107846894	XM_016691164.2	protein_coding	0	4	0	225	0	0	0	0	141	0	0	0	0	13	0	0	0	0	0	0	0	0	4	0	0	68	2	0	1
LOC107846894	LOC107846894	XM_016691165.2	protein_coding	1	4	0	222	0	0	0	0	141	0	0	0	0	12	0	0	1	0	0	0	0	0	4	0	0	67	2	0	1
LOC107846894	LOC107846894	XM_016691166.2	protein_coding	0	3	0	227	0	0	0	0	141	0	0	0	0	13	0	0	0	0	0	0	0	0	3	0	0	69	3	0	1
LOC107846950	LOC107846950	XM_016691225.2	protein_coding	0	0	2	460	0	0	0	0	195	0	0	0	0	76	2	0	0	0	0	0	0	0	0	0	0	180	5	0	4
LOC107846950	LOC107846950	XM_047396505.1	protein_coding	0	1	2	698	0	0	0	0	243	0	0	0	0	255	2	0	0	0	0	0	0	0	1	0	0	180	16	0	4
LOC107846955	LOC107846955	XM_016691231.2	protein_coding	1	5	12	413	0	0	0	0	171	0	0	0	0	34	12	0	1	0	0	0	0	0	5	0	0	203	3	0	3
LOC107847003	LOC107847003	XM_016691265.2	protein_coding	0	1	2	510	0	0	0	0	180	0	0	0	0	107	2	0	0	0	0	0	0	0	1	0	0	216	6	0	1
LOC107847007	LOC107847007	XM_047396718.1	protein_coding	4	23	35	468	0	1	1	0	218	0	2	0	0	62	33	0	0	0	2	0	2	0	21	0	0	180	0	0	8
LOC107847007	LOC107847007	XM_047396719.1	protein_coding	5	21	35	467	0	1	1	0	218	0	2	0	0	68	33	0	1	0	0	0	2	0	21	0	0	180	0	0	2
LOC107847083	LOC107847083	XM_016691328.2	protein_coding	0	2	5	309	0	0	0	0	114	0	0	0	0	19	5	0	0	0	1	0	0	0	1	0	0	169	2	0	5
LOC107847083	LOC107847083	XM_016691329.2	protein_coding	0	1	3	313	0	0	0	0	114	0	0	0	0	25	3	0	0	0	0	0	0	0	1	0	0	171	2	0	1
LOC107847156	LOC107847156	XM_016691387.2	protein_coding	0	4	10	201	0	0	0	0	92	0	0	0	0	15	10	0	0	0	1	0	0	0	3	0	0	88	1	0	5
LOC107847259	LOC107847259	XM_016691451.2	protein_coding	0	5	9	315	0	0	0	0	165	0	0	0	0	21	9	0	0	0	0	0	0	0	5	0	0	122	6	0	1
LOC107847274	LOC107847274	XM_047396382.1	protein_coding	0	13	4	322	0	0	0	0	95	0	0	0	0	123	4	0	0	0	10	0	0	0	3	0	0	37	0	0	67
LOC107847410	LOC107847410	XM_047396852.1	protein_coding	1	1	3	425	0	0	0	0	29	0	1	0	0	258	3	0	0	0	0	0	0	0	1	0	0	2	135	0	1
LOC107847410	LOC107847410	XM_047396853.1	protein_coding	0	2	2	429	0	0	0	0	27	0	0	0	0	398	2	0	0	0	1	0	0	0	1	0	0	0	1	0	3
LOC107847410	LOC107847410	XM_047396854.1	protein_coding	0	0	1	281	0	0	0	0	88	0	0	0	0	183	1	0	0	0	0	0	0	0	0	0	0	2	7	0	1
LOC107847477	LOC107847477	XM_016691748.2	protein_coding	0	7	1	349	0	0	0	0	47	0	0	0	0	221	1	0	0	0	1	0	0	0	6	0	0	68	8	0	5
LOC107847477	LOC107847477	XM_016691749.2	protein_coding	0	7	1	349	0	0	0	0	47	0	0	0	0	221	1	0	0	0	1	0	0	0	6	0	0	68	8	0	5
LOC107847477	LOC107847477	XM_047396795.1	protein_coding	0	7	1	349	0	0	0	0	47	0	0	0	0	221	1	0	0	0	1	0	0	0	6	0	0	68	8	0	5
LOC107847477	LOC107847477	XM_047396796.1	protein_coding	0	5	1	294	0	0	0	0	47	0	0	0	0	178	1	0	0	0	0	0	0	0	5	0	0	58	8	0	3
LOC107847477	LOC107847477	XR_007044811.1		0	0	0	350	0	0	0	0	49	12	0	0	0	221	0	0	0	0	0	0	0	0	0	0	0	68	0	0	0
LOC107847757	LOC107847757	XR_007044593.1		0	0	0	781	0	0	0	0	230	74	0	0	0	283	0	0	0	0	0	0	0	0	0	0	0	194	0	0	0
LOC107847757	LOC107847757	XR_007044594.1		0	0	0	781	0	0	0	0	230	66	0	0	0	291	0	0	0	0	0	0	0	0	0	0	0	194	0	0	0
LOC107847757	LOC107847757	XR_007044595.1		0	0	0	781	0	0	0	0	230	72	0	0	0	285	0	0	0	0	0	0	0	0	0	0	0	194	0	0	0
LOC107847757	LOC107847757	XR_007044596.1		0	0	0	781	0	0	0	0	230	64	0	0	0	293	0	0	0	0	0	0	0	0	0	0	0	194	0	0	0
LOC107847757	LOC107847757	XR_007044597.1		0	0	0	781	0	0	0	0	230	56	0	0	0	301	0	0	0	0	0	0	0	0	0	0	0	194	0	0	0
LOC107848041	LOC107848041	XR_001667766.2		0	0	0	134	0	0	0	0	48	4	0	0	0	45	0	0	0	0	0	0	0	0	0	0	0	37	0	0	0
LOC107848041	LOC107848041	XR_007044591.1		0	0	0	134	0	0	0	0	48	4	0	0	0	45	0	0	0	0	0	0	0	0	0	0	0	37	0	0	0
LOC107848041	LOC107848041	XR_007044592.1		0	0	0	134	0	0	0	0	48	4	0	0	0	45	0	0	0	0	0	0	0	0	0	0	0	37	0	0	0
LOC107848064	LOC107848064	XM_016692722.2	protein_coding	0	11	6	711	0	0	0	0	195	0	0	0	0	242	6	0	0	0	0	0	0	0	11	0	0	270	4	0	0
LOC107848083	LOC107848083	XM_016692755.2	protein_coding	0	4	2	369	0	0	0	0	39	0	0	0	0	33	2	0	0	0	3	0	0	0	1	0	0	274	5	0	18
LOC107848083	LOC107848083	XM_016692756.2	protein_coding	0	3	2	363	0	0	0	0	39	0	0	0	0	34	2	0	0	0	3	0	0	0	0	0	0	268	5	0	17
LOC107848151	LOC107848151	XM_016692843.2	protein_coding	2	7	9	271	0	0	0	0	106	0	2	0	0	33	9	0	0	0	0	0	0	0	7	0	0	123	1	0	8
LOC107848181	LOC107848181	XM_016692884.2	protein_coding	0	4	4	585	0	0	0	0	116	0	0	0	0	241	4	0	0	0	0	0	0	0	4	0	0	205	6	0	17
LOC107848181	LOC107848181	XM_047396506.1	protein_coding	0	2	4	587	0	0	0	0	116	0	0	0	0	243	4	0	0	0	0	0	0	0	2	0	0	214	6	0	8
LOC107848181	LOC107848181	XR_001667894.2		0	0	0	609	0	0	0	0	118	23	0	0	0	254	0	0	0	0	0	0	0	0	0	0	0	214	0	0	0
LOC107848181	LOC107848181	XR_001667896.2		0	0	0	608	0	0	0	0	118	19	0	0	0	256	0	0	0	0	0	0	0	0	0	0	0	215	0	0	0
LOC107848307	LOC107848307	XM_016693042.2	protein_coding	3	14	10	499	1	0	0	0	207	0	1	0	0	45	9	0	1	1	7	0	0	0	7	0	0	200	6	0	43
LOC107848307	LOC107848307	XM_016693043.2	protein_coding	2	14	10	500	1	0	0	0	207	0	1	0	0	44	9	0	1	0	7	0	0	0	7	0	0	200	6	0	44
LOC107848365	LOC107848365	XM_016693127.2	protein_coding	0	4	10	494	0	0	0	0	173	0	0	0	0	94	10	0	0	0	2	0	0	0	2	0	0	215	3	0	9
LOC107848453	LOC107848453	XR_001668022.2		0	0	0	86	0	0	0	0	20	22	0	0	0	41	0	0	0	0	0	0	0	0	0	0	0	3	0	0	0
LOC107848479	LOC107848479	XM_016693256.2	protein_coding	0	10	14	336	0	0	0	0	125	0	0	0	0	7	14	0	0	0	0	0	0	0	10	0	0	184	1	0	19
LOC107848522	LOC107848522	XR_001668057.2		0	0	0	88	0	0	0	0	2	0	0	0	0	36	0	0	0	0	0	0	0	0	0	0	0	50	0	0	0
LOC107848522	LOC107848522	XR_001668061.2		0	0	0	88	0	0	0	0	2	0	0	0	0	36	0	0	0	0	0	0	0	0	0	0	0	50	0	0	0
LOC107848522	LOC107848522	XR_007044802.1		0	0	0	88	0	0	0	0	2	0	0	0	0	36	0	0	0	0	0	0	0	0	0	0	0	50	0	0	0
LOC107848522	LOC107848522	XR_007044803.1		0	0	0	88	0	0	0	0	2	0	0	0	0	36	0	0	0	0	0	0	0	0	0	0	0	50	0	0	0
LOC107848591	LOC107848591	XM_016693377.2	protein_coding	0	3	3	270	0	0	0	0	95	0	0	0	0	0	3	0	0	0	0	0	0	0	3	0	0	163	10	0	2
LOC107848619	LOC107848619	XM_016693396.2	protein_coding	2	0	4	213	0	0	0	0	134	0	2	0	0	43	4	0	0	0	0	0	1	0	0	0	0	33	3	0	0
LOC107848619	LOC107848619	XM_016693403.2	protein_coding	1	0	2	216	0	0	0	0	134	0	0	0	0	46	2	0	0	0	0	1	0	0	0	0	0	33	3	0	0
LOC107848619	LOC107848619	XM_047397014.1	protein_coding	0	5	0	197	0	0	0	0	134	0	0	0	0	10	0	0	0	0	5	0	0	0	0	0	0	36	3	0	14
LOC107848619	LOC107848619	XR_001668130.2		0	0	0	219	0	0	0	0	134	6	0	0	0	46	0	0	0	0	0	0	0	0	0	0	0	33	0	0	0
LOC107848619	LOC107848619	XR_001668133.2		0	0	0	219	0	0	0	0	134	9	0	0	0	43	0	0	0	0	0	0	0	0	0	0	0	33	0	0	0
LOC107848619	LOC107848619	XR_001668135.2		0	0	0	219	0	0	0	0	134	6	0	0	0	46	0	0	0	0	0	0	0	0	0	0	0	33	0	0	0
LOC107848619	LOC107848619	XR_007045016.1		0	0	0	219	0	0	0	0	134	9	0	0	0	43	0	0	0	0	0	0	0	0	0	0	0	33	0	0	0
LOC107848619	LOC107848619	XR_007045017.1		0	0	0	219	0	0	0	0	134	16	0	0	0	36	0	0	0	0	0	0	0	0	0	0	0	33	0	0	0
LOC107848641	LOC107848641	XR_001668136.2		0	0	0	69	0	0	0	0	29	20	0	0	0	18	0	0	0	0	0	0	0	0	0	0	0	2	0	0	0
LOC107848641	LOC107848641	XR_007045018.1		0	0	0	69	0	0	0	0	29	30	0	0	0	8	0	0	0	0	0	0	0	0	0	0	0	2	0	0	0
LOC107848641	LOC107848641	XR_007045019.1		0	0	0	69	0	0	0	0	29	17	0	0	0	21	0	0	0	0	0	0	0	0	0	0	0	2	0	0	0
LOC107848641	LOC107848641	XR_007045020.1		0	0	0	69	0	0	0	0	29	17	0	0	0	21	0	0	0	0	0	0	0	0	0	0	0	2	0	0	0
LOC107848659	LOC107848659	XM_016693435.2	protein_coding	0	0	1	35	0	0	0	0	8	0	0	0	0	17	1	0	0	0	0	0	0	0	0	0	0	8	0	0	2
LOC107848672	LOC107848672	XM_016693443.2	protein_coding	3	18	22	390	0	0	0	0	104	0	2	0	0	70	22	0	0	0	0	0	2	0	18	0	0	203	6	0	7
LOC107848672	LOC107848672	XM_047396507.1	protein_coding	2	16	16	400	0	0	0	0	104	0	1	0	0	79	16	0	0	0	0	0	2	0	16	0	0	204	6	0	7
LOC107848672	LOC107848672	XM_047396508.1	protein_coding	3	12	20	560	0	0	0	0	153	0	2	0	0	197	20	0	0	0	0	0	2	0	12	0	0	203	0	0	7
LOC107848696	LOC107848696	XM_047397018.1	protein_coding	0	0	0	91	0	0	0	0	29	0	0	0	0	0	0	0	0	0	0	0	0	0	0	0	0	62	0	0	0
LOC107848707	LOC107848707	NM_001324657.1	protein_coding	0	0	0	11	0	0	0	0	8	0	0	0	0	0	0	0	0	0	0	0	0	0	0	0	0	3	0	0	0
LOC107848715	LOC107848715	XM_047397017.1	protein_coding	0	0	0	17	0	0	0	0	5	0	0	0	0	0	0	0	0	0	0	0	0	0	0	0	0	11	0	0	1
LOC107848728	LOC107848728	XM_016693500.2	protein_coding	0	1	0	7	0	0	0	0	3	0	0	0	0	0	0	0	0	0	0	0	0	0	1	0	0	4	0	0	0
LOC107848728	LOC107848728	XR_007045021.1		0	0	0	8	0	0	0	0	3	1	0	0	0	0	0	0	0	0	0	0	0	0	0	0	0	4	0	0	0
LOC107848737	LOC107848737	XM_016693502.2	protein_coding	0	0	0	35	0	0	0	0	10	0	0	0	0	18	0	0	0	0	0	0	0	0	0	0	0	6	0	0	1
LOC107848737	LOC107848737	XM_016693503.2	protein_coding	0	0	0	35	0	0	0	0	10	0	0	0	0	18	0	0	0	0	0	0	0	0	0	0	0	6	0	0	1
LOC107848737	LOC107848737	XM_047397015.1	protein_coding	0	0	0	35	0	0	0	0	10	0	0	0	0	18	0	0	0	0	0	0	0	0	0	0	0	6	0	0	1
LOC107848737	LOC107848737	XM_047397016.1	protein_coding	0	0	0	35	0	0	0	0	10	0	0	0	0	18	0	0	0	0	0	0	0	0	0	0	0	6	0	0	1
LOC107851334	LOC107851334	XM_016696304.2	protein_coding	0	0	1	135	0	0	0	0	33	0	0	0	0	11	1	0	0	0	0	0	0	0	0	0	0	87	4	0	0
LOC107851334	LOC107851334	XM_016696306.2	protein_coding	0	0	1	135	0	0	0	0	37	0	0	0	0	10	1	0	0	0	0	0	0	0	0	0	0	87	1	0	0
LOC107851334	LOC107851334	XM_016696307.2	protein_coding	0	1	0	135	0	0	0	0	33	0	0	0	0	11	0	0	0	0	0	0	0	0	1	0	0	87	4	0	0
LOC107851334	LOC107851334	XM_047396873.1	protein_coding	1	0	0	135	0	0	0	0	39	0	0	0	0	9	0	0	0	0	0	0	0	1	0	0	0	87	0	0	0
LOC107851951	LOC107851951	XM_047396014.1	protein_coding	0	1	0	272	0	0	0	0	169	0	0	0	0	52	0	0	0	0	0	0	0	0	1	0	0	49	1	0	1
LOC107851951	LOC107851951	XM_047396015.1	protein_coding	0	1	1	258	0	0	0	0	158	0	0	0	0	51	1	0	0	0	0	0	0	0	1	0	0	48	0	0	1
LOC107852091	LOC107852091	XR_007044580.1		1	0	0	343	0	0	0	0	33	109	0	0	0	39	0	0	1	0	0	0	0	0	0	0	0	163	0	0	0
LOC107852091	LOC107852091	XR_007044581.1		2	0	0	342	0	0	0	0	33	107	0	0	0	41	0	0	2	0	0	0	0	0	0	0	0	163	0	0	0
LOC107852091	LOC107852091	XR_007044582.1		1	0	0	343	0	0	0	0	33	96	0	0	0	52	0	0	1	0	0	0	0	0	0	0	0	163	0	0	0
LOC107852091	LOC107852091	XR_007044583.1		2	0	0	618	0	0	0	0	179	127	0	0	0	151	0	0	2	0	0	0	0	0	0	0	0	163	0	0	0
LOC107852091	LOC107852091	XR_007044584.1		2	0	0	617	0	0	0	0	178	121	0	0	0	157	0	0	2	0	0	0	0	0	0	0	0	163	0	0	0
LOC107852091	LOC107852091	XR_007044585.1		2	0	0	613	0	0	0	0	177	117	0	0	0	158	0	0	2	0	0	0	0	0	0	0	0	163	0	0	0
LOC107852091	LOC107852091	XR_007044586.1		1	0	0	618	0	0	0	0	178	117	0	0	0	161	0	0	1	0	0	0	0	0	0	0	0	163	0	0	0
LOC107852092	LOC107852092	XM_047396484.1	protein_coding	5	9	18	732	0	0	0	0	197	0	1	0	0	390	18	0	1	2	3	0	2	0	6	0	0	101	28	0	19
LOC107852135	LOC107852135	XM_016697189.2	protein_coding	0	10	12	242	1	0	0	3	90	0	0	0	0	0	8	0	0	0	4	0	0	0	6	0	0	135	0	0	17
LOC107852298	LOC107852298	XM_016697360.2	protein_coding	0	1	1	5	0	0	0	0	3	0	0	0	0	0	1	0	0	0	0	0	0	0	1	0	0	2	0	0	0
LOC107852298	LOC107852298	XM_016697362.2	protein_coding	0	1	1	5	0	0	0	0	3	0	0	0	0	0	1	0	0	0	0	0	0	0	1	0	0	2	0	0	0
LOC107852299	LOC107852299	XM_016697363.2	protein_coding	0	0	2	279	0	0	0	0	41	0	0	0	0	159	2	0	0	0	0	0	0	0	0	0	0	78	1	0	0
LOC107852300	LOC107852300	XR_001669376.2		0	0	0	133	0	0	0	0	60	1	0	0	0	26	0	0	0	0	0	0	0	0	0	0	0	46	0	0	0
LOC107852301	LOC107852301	XR_001669377.2		0	0	0	157	0	0	0	0	61	8	0	0	0	35	0	0	0	0	0	0	0	0	0	0	0	53	0	0	0
LOC107852301	LOC107852301	XR_001669378.2		0	0	0	128	0	0	0	0	63	8	0	0	0	4	0	0	0	0	0	0	0	0	0	0	0	53	0	0	0
LOC107852302	LOC107852302	XM_016697365.2	protein_coding	1	2	5	725	0	0	0	0	18	0	0	0	0	656	5	0	0	0	0	0	1	0	2	0	0	49	2	0	0
LOC107852302	LOC107852302	XM_016697366.2	protein_coding	1	2	5	725	0	0	0	0	18	0	0	0	0	656	5	0	0	0	0	0	1	0	2	0	0	49	2	0	0
LOC107852302	LOC107852302	XM_016697367.2	protein_coding	1	2	5	725	0	0	0	0	18	0	0	0	0	656	5	0	0	0	0	0	1	0	2	0	0	49	2	0	0
LOC107852302	LOC107852302	XM_047397106.1	protein_coding	1	2	5	725	0	0	0	0	18	0	0	0	0	656	5	0	0	0	0	0	1	0	2	0	0	49	2	0	0
LOC107852302	LOC107852302	XM_047397107.1	protein_coding	1	2	4	726	0	0	0	0	18	0	0	0	0	657	4	0	0	0	0	0	1	0	2	0	0	49	2	0	0
LOC107852302	LOC107852302	XM_047397108.1	protein_coding	1	2	4	726	0	0	0	0	18	0	0	0	0	657	4	0	0	0	0	0	1	0	2	0	0	49	2	0	0
LOC107852303	LOC107852303	XM_016697368.2	protein_coding	0	1	0	133	0	0	0	0	57	0	0	0	0	40	0	0	0	0	1	0	0	0	0	0	0	30	0	0	6
LOC107852304	LOC107852304	XR_001669380.2		0	0	0	120	0	0	0	0	50	10	0	0	0	29	0	0	0	0	0	0	0	0	0	0	0	31	0	0	0
LOC107852304	LOC107852304	XR_007045168.1		0	0	0	181	0	0	0	0	61	10	0	0	0	79	0	0	0	0	0	0	0	0	0	0	0	31	0	0	0
LOC107852305	LOC107852305	XM_016697371.2	protein_coding	0	1	1	264	0	0	0	0	21	0	0	0	0	172	1	0	0	0	0	0	0	0	1	0	0	64	4	0	3
LOC107852305	LOC107852305	XM_016697372.2	protein_coding	0	1	1	264	0	0	0	0	21	0	0	0	0	172	1	0	0	0	0	0	0	0	1	0	0	64	4	0	3
LOC107852544	LOC107852544	XM_016697581.2	protein_coding	5	21	33	842	0	0	0	0	315	0	2	0	0	19	33	0	0	0	0	0	3	0	21	0	0	508	0	0	0
LOC107852609	LOC107852609	XM_016697639.2	protein_coding	0	5	0	570	0	0	0	0	319	0	0	0	0	78	0	0	0	0	0	0	0	0	5	0	0	161	8	0	4
LOC107852611	LOC107852611	XM_016697642.2	protein_coding	0	8	7	468	0	0	0	0	102	0	0	0	0	122	7	0	0	0	0	0	0	0	8	0	0	229	11	0	4
LOC107852611	LOC107852611	XM_047396532.1	protein_coding	0	11	7	440	0	0	0	0	102	0	0	0	0	98	7	0	0	0	3	0	0	0	8	0	0	214	11	0	15
LOC107853015	LOC107853015	XM_016698040.1	protein_coding	2	2	4	9	0	0	1	0	8	0	1	0	0	0	4	0	0	0	0	0	0	1	2	0	0	1	0	0	0
LOC107853020	LOC107853020	XM_047396068.1	protein_coding	0	0	1	37	0	0	0	0	11	0	0	0	0	11	1	0	0	0	0	0	0	0	0	0	0	15	0	0	0
LOC107853262	LOC107853262	XM_016698257.2	protein_coding	0	3	1	137	0	0	0	0	40	0	0	0	0	10	1	0	0	0	2	0	0	0	1	0	0	81	2	0	4
LOC107853263	LOC107853263	XM_016698259.2	protein_coding	0	1	3	144	1	0	0	0	49	0	0	0	0	28	2	0	0	0	0	0	0	0	1	0	0	64	2	0	1
LOC107853263	LOC107853263	XM_016698260.2	protein_coding	0	1	3	144	1	0	0	0	49	0	0	0	0	28	2	0	0	0	0	0	0	0	1	0	0	64	2	0	1
LOC107853298	LOC107853298	XR_007045027.1		0	0	0	36	0	0	0	0	2	2	0	0	0	31	0	0	0	0	0	0	0	0	0	0	0	1	0	0	0
LOC107853300	LOC107853300	XM_016698304.2	protein_coding	0	0	0	59	0	0	0	0	3	0	0	0	0	39	0	0	0	0	0	0	0	0	0	0	0	16	1	0	0
LOC107853300	LOC107853300	XM_047397021.1	protein_coding	0	0	0	55	0	0	0	0	5	0	0	0	0	34	0	0	0	0	0	0	0	0	0	0	0	16	0	0	0
LOC107853382	LOC107853382	XM_016698372.1	protein_coding	0	0	0	186	0	0	0	0	78	0	0	0	0	0	0	0	0	0	0	0	0	0	0	0	0	108	0	0	0
LOC107853384	LOC107853384	XM_016698374.2	protein_coding	0	5	1	241	0	0	0	0	159	0	0	0	0	23	1	0	0	0	0	0	0	0	5	0	0	55	4	0	0
LOC107853385	LOC107853385	XM_016698375.2	protein_coding	0	4	4	133	0	0	0	0	31	0	0	0	0	24	4	0	0	0	0	0	0	0	4	0	0	70	1	0	7
LOC107853385	LOC107853385	XM_047395963.1	protein_coding	0	5	4	133	0	0	0	0	31	0	0	0	0	5	4	0	0	0	1	0	0	0	4	0	0	74	1	0	22
LOC107853385	LOC107853385	XM_047395964.1	protein_coding	0	4	4	133	0	0	0	0	31	0	0	0	0	22	4	0	0	0	0	0	0	0	4	0	0	74	1	0	5
LOC107853385	LOC107853385	XM_047395965.1	protein_coding	0	4	4	133	0	0	0	0	31	0	0	0	0	24	4	0	0	0	0	0	0	0	4	0	0	74	1	0	3
LOC107853386	LOC107853386	XM_016698378.2	protein_coding	0	0	0	39	0	0	0	0	2	0	0	0	0	1	0	0	0	0	0	0	0	0	0	0	0	36	0	0	0
LOC107853387	LOC107853387	XM_016698379.2	protein_coding	0	0	0	17	0	0	0	0	1	0	0	0	0	2	0	0	0	0	0	0	0	0	0	0	0	13	0	0	1
LOC107853519	LOC107853519	XM_016698508.2	protein_coding	0	0	1	107	0	0	0	0	38	0	0	0	0	26	1	0	0	0	0	0	0	0	0	0	0	43	0	0	0
LOC107853519	LOC107853519	XM_047397049.1	protein_coding	1	2	1	106	0	0	0	0	38	0	0	0	0	21	1	0	1	0	2	0	0	0	0	0	0	43	0	0	5
LOC107853519	LOC107853519	XM_047397050.1	protein_coding	0	0	1	107	0	0	0	0	38	0	0	0	0	26	1	0	0	0	0	0	0	0	0	0	0	43	0	0	0
LOC107853520	LOC107853520	XR_001669795.2		0	0	0	90	0	0	0	0	21	6	0	0	0	21	0	0	0	0	0	0	0	0	0	0	0	42	0	0	0
LOC107853521	LOC107853521	XR_001669800.2		0	0	0	100	0	0	0	0	44	7	0	0	0	1	0	0	0	0	0	0	0	0	0	0	0	48	0	0	0
LOC107853524	LOC107853524	XM_047396316.1	protein_coding	2	6	2	204	0	0	0	0	59	0	0	0	0	44	2	0	1	0	5	0	1	0	1	0	0	48	3	0	51
LOC107853625	LOC107853625	XM_016698603.2	protein_coding	0	2	3	145	0	0	0	0	72	0	0	0	0	0	3	0	0	0	0	0	0	0	2	0	0	73	0	0	0
LOC107853752	LOC107853752	XM_016698739.1	protein_coding	0	0	1	115	0	0	0	0	3	0	0	0	0	108	1	0	0	0	0	0	0	0	0	0	0	4	0	0	0
LOC107853754	LOC107853754	XM_047396053.1	protein_coding	0	1	0	11	0	0	0	0	9	0	0	0	0	0	0	0	0	0	0	0	0	0	1	0	0	2	0	0	0
LOC107853755	LOC107853755	XM_016698742.2	protein_coding	0	0	2	99	0	0	0	0	70	0	0	0	0	20	2	0	0	0	0	0	0	0	0	0	0	2	0	0	7
LOC107853756	LOC107853756	XM_016698743.2	protein_coding	2	3	4	75	0	0	0	0	3	0	1	0	0	30	4	0	0	0	1	0	1	0	2	0	0	38	0	0	4
LOC107853759	LOC107853759	XM_016698747.2	protein_coding	0	0	0	10	0	0	0	0	1	0	0	0	0	0	0	0	0	0	0	0	0	0	0	0	0	9	0	0	0
LOC107853760	LOC107853760	XM_016698749.2	protein_coding	0	0	0	49	0	0	0	0	15	0	0	0	0	31	0	0	0	0	0	0	0	0	0	0	0	2	0	0	1
LOC107853760	LOC107853760	XM_016698750.2	protein_coding	0	0	0	49	0	0	0	0	15	0	0	0	0	31	0	0	0	0	0	0	0	0	0	0	0	2	0	0	1
LOC107853760	LOC107853760	XM_016698751.2	protein_coding	0	0	0	49	0	0	0	0	15	0	0	0	0	31	0	0	0	0	0	0	0	0	0	0	0	2	0	0	1
LOC107853760	LOC107853760	XM_016698752.2	protein_coding	0	0	0	49	0	0	0	0	15	0	0	0	0	31	0	0	0	0	0	0	0	0	0	0	0	2	0	0	1
LOC107853760	LOC107853760	XM_016698753.2	protein_coding	0	0	0	49	0	0	0	0	15	0	0	0	0	31	0	0	0	0	0	0	0	0	0	0	0	2	0	0	1
LOC107853760	LOC107853760	XM_016698754.2	protein_coding	0	0	0	49	0	0	0	0	15	0	0	0	0	31	0	0	0	0	0	0	0	0	0	0	0	2	0	0	1
LOC107853760	LOC107853760	XM_047396051.1	protein_coding	0	0	0	49	0	0	0	0	15	0	0	0	0	31	0	0	0	0	0	0	0	0	0	0	0	2	0	0	1
LOC107853760	LOC107853760	XM_047396052.1	protein_coding	0	0	0	49	0	0	0	0	15	0	0	0	0	31	0	0	0	0	0	0	0	0	0	0	0	2	0	0	1
LOC107853761	LOC107853761	XR_007044396.1		1	0	0	491	0	0	0	0	175	31	0	0	0	281	0	0	1	0	0	0	0	0	0	0	0	5	0	0	0
LOC107853762	LOC107853762	XR_007044696.1		0	0	0	94	0	0	0	0	55	31	0	0	0	4	0	0	0	0	0	0	0	0	0	0	0	4	0	0	0
LOC107853764	LOC107853764	XM_016698740.2	protein_coding	0	0	0	13	0	0	0	0	8	0	0	0	0	1	0	0	0	0	0	0	0	0	0	0	0	3	1	0	0
LOC107853764	LOC107853764	XR_007044401.1		0	0	0	15	0	0	0	0	1	0	0	0	0	4	0	0	0	0	0	0	0	0	0	0	0	10	0	0	0
LOC107853765	LOC107853765	XR_001669862.2		0	0	0	2	0	0	0	0	2	0	0	0	0	0	0	0	0	0	0	0	0	0	0	0	0	0	0	0	0
LOC107853766	LOC107853766	XR_001669863.2		0	0	0	58	0	0	0	0	5	9	0	0	0	36	0	0	0	0	0	0	0	0	0	0	0	8	0	0	0
LOC107853766	LOC107853766	XR_001669864.2		0	0	0	58	0	0	0	0	5	9	0	0	0	36	0	0	0	0	0	0	0	0	0	0	0	8	0	0	0
LOC107853766	LOC107853766	XR_007044397.1		0	0	0	44	0	0	0	0	25	12	0	0	0	2	0	0	0	0	0	0	0	0	0	0	0	5	0	0	0
LOC107853766	LOC107853766	XR_007044398.1		0	0	0	58	0	0	0	0	5	9	0	0	0	36	0	0	0	0	0	0	0	0	0	0	0	8	0	0	0
LOC107853847	LOC107853847	XM_016698832.2	protein_coding	0	1	2	226	0	0	0	0	96	0	0	0	0	29	2	0	0	0	0	0	0	0	1	0	0	96	0	0	5
LOC107853921	LOC107853921	XM_016698909.2	protein_coding	2	14	20	230	0	1	0	0	91	0	1	0	0	0	19	0	0	0	0	0	1	0	14	0	0	139	0	0	0
LOC107854008	LOC107854008	XM_016698986.1	protein_coding	1	1	4	22	0	0	0	0	10	0	0	0	0	1	4	0	0	0	0	0	1	0	1	0	0	11	0	0	0
LOC107854011	LOC107854011	XM_016698990.2	protein_coding	0	1	4	107	0	0	0	0	65	0	0	0	0	0	4	0	0	0	0	0	0	0	1	0	0	40	1	0	1
LOC107854012	LOC107854012	XM_016698991.2	protein_coding	0	0	2	59	0	0	0	0	34	0	0	0	0	3	2	0	0	0	0	0	0	0	0	0	0	21	1	0	0
LOC107854012	LOC107854012	XM_047396459.1	protein_coding	0	0	2	59	0	0	0	0	34	0	0	0	0	3	2	0	0	0	0	0	0	0	0	0	0	21	1	0	0
LOC107854013	LOC107854013	XM_016698992.2	protein_coding	0	0	0	146	0	0	0	0	50	0	0	0	0	12	0	0	0	0	0	0	0	0	0	0	0	78	3	0	3
LOC107854015	LOC107854015	XM_016698998.2	protein_coding	0	2	1	231	0	0	0	0	5	0	0	0	0	106	1	0	0	0	0	0	0	0	2	0	0	117	3	0	0
LOC107854016	LOC107854016	XM_016698999.2	protein_coding	0	1	1	77	0	0	0	0	33	0	0	0	0	8	1	0	0	0	1	0	0	0	0	0	0	30	3	0	3
LOC107854017	LOC107854017	XR_007044547.1		0	0	0	32	0	0	0	0	14	3	0	0	0	4	0	0	0	0	0	0	0	0	0	0	0	11	0	0	0
LOC107854017	LOC107854017	XR_007044548.1		0	0	0	32	0	0	0	0	14	3	0	0	0	4	0	0	0	0	0	0	0	0	0	0	0	11	0	0	0
LOC107854017	LOC107854017	XR_007044549.1		0	0	0	32	0	0	0	0	14	6	0	0	0	1	0	0	0	0	0	0	0	0	0	0	0	11	0	0	0
LOC107854019	LOC107854019	XM_016699017.2	protein_coding	0	0	0	19	0	0	0	0	4	0	0	0	0	9	0	0	0	0	0	0	0	0	0	0	0	6	0	0	0
LOC107854019	LOC107854019	XM_016699018.2	protein_coding	0	0	0	19	0	0	0	0	4	0	0	0	0	9	0	0	0	0	0	0	0	0	0	0	0	6	0	0	0
LOC107854019	LOC107854019	XM_016699020.2	protein_coding	0	0	0	19	0	0	0	0	4	0	0	0	0	9	0	0	0	0	0	0	0	0	0	0	0	6	0	0	0
LOC107854019	LOC107854019	XM_016699021.2	protein_coding	0	0	0	19	0	0	0	0	4	0	0	0	0	9	0	0	0	0	0	0	0	0	0	0	0	6	0	0	0
LOC107854019	LOC107854019	XM_016699022.2	protein_coding	0	0	0	18	0	0	0	0	4	0	0	0	0	0	0	0	0	0	0	0	0	0	0	0	0	14	0	0	0
LOC107854019	LOC107854019	XM_047396454.1	protein_coding	0	0	0	19	0	0	0	0	4	0	0	0	0	9	0	0	0	0	0	0	0	0	0	0	0	6	0	0	0
LOC107854019	LOC107854019	XM_047396455.1	protein_coding	0	0	0	18	0	0	0	0	4	0	0	0	0	0	0	0	0	0	0	0	0	0	0	0	0	14	0	0	0
LOC107854019	LOC107854019	XM_047396456.1	protein_coding	0	0	0	19	0	0	0	0	4	0	0	0	0	9	0	0	0	0	0	0	0	0	0	0	0	6	0	0	0
LOC107854019	LOC107854019	XR_007044544.1		0	0	0	19	0	0	0	0	4	0	0	0	0	9	0	0	0	0	0	0	0	0	0	0	0	6	0	0	0
LOC107854019	LOC107854019	XR_007044545.1		0	0	0	19	0	0	0	0	4	0	0	0	0	9	0	0	0	0	0	0	0	0	0	0	0	6	0	0	0
LOC107854022	LOC107854022	XR_001669917.2		0	0	0	399	0	0	0	0	61	6	0	0	0	265	0	0	0	0	0	0	0	0	0	0	0	67	0	0	0
LOC107854022	LOC107854022	XR_001669920.2		0	0	0	399	0	0	0	0	61	6	0	0	0	265	0	0	0	0	0	0	0	0	0	0	0	67	0	0	0
LOC107854023	LOC107854023	XM_016699024.2	protein_coding	0	7	1	519	0	0	0	0	199	0	0	0	0	118	1	0	0	0	0	0	0	0	7	0	0	178	19	0	5
LOC107854023	LOC107854023	XM_016699026.2	protein_coding	0	7	1	519	0	0	0	0	199	0	0	0	0	118	1	0	0	0	0	0	0	0	7	0	0	178	19	0	5
LOC107854023	LOC107854023	XM_016699027.2	protein_coding	0	7	1	519	0	0	0	0	199	0	0	0	0	118	1	0	0	0	0	0	0	0	7	0	0	178	19	0	5
LOC107854023	LOC107854023	XM_016699028.2	protein_coding	0	7	1	442	0	0	0	0	199	0	0	0	0	69	1	0	0	0	0	0	0	0	7	0	0	150	19	0	5
LOC107854025	LOC107854025	XR_001669921.2		0	0	0	221	0	0	0	0	110	39	0	0	0	17	0	0	0	0	0	0	0	0	0	0	0	55	0	0	0
LOC107854027	LOC107854027	XM_016699030.2	protein_coding	0	0	0	25	0	0	0	0	2	0	0	0	0	2	0	0	0	0	0	0	0	0	0	0	0	20	0	0	1
LOC107854028	LOC107854028	XM_016699031.2	protein_coding	0	2	0	65	0	0	0	0	3	0	0	0	0	37	0	0	0	0	0	0	0	0	2	0	0	25	0	0	0
LOC107854029	LOC107854029	XM_016699032.2	protein_coding	0	0	0	79	0	0	0	0	32	0	0	0	0	0	0	0	0	0	0	0	0	0	0	0	0	47	0	0	0
LOC107854029	LOC107854029	XM_016699033.2	protein_coding	0	0	0	79	0	0	0	0	32	0	0	0	0	0	0	0	0	0	0	0	0	0	0	0	0	47	0	0	0
LOC107854085	LOC107854085	XM_047396432.1	protein_coding	0	6	6	930	0	0	0	0	68	0	0	0	0	780	6	0	0	0	0	0	0	0	6	0	0	75	3	0	4
LOC107854089	LOC107854089	XM_016699083.2	protein_coding	0	1	1	101	0	0	0	0	39	0	0	0	0	45	1	0	0	0	1	0	0	0	0	0	0	13	0	0	4
LOC107854104	LOC107854104	XM_047395970.1	protein_coding	0	1	4	227	0	0	0	0	36	0	0	0	0	59	4	0	0	0	0	0	0	0	1	0	0	132	0	0	0
LOC107854105	LOC107854105	XM_047395971.1	protein_coding	0	0	0	121	0	0	0	0	15	0	0	0	0	39	0	0	0	0	0	0	0	0	0	0	0	63	1	0	3
LOC107854127	LOC107854127	XM_016699122.2	protein_coding	2	14	17	442	2	1	0	1	235	0	1	0	0	0	13	0	0	0	0	0	1	0	14	0	0	202	1	0	4
LOC107854199	LOC107854199	XM_016699203.2	protein_coding	0	0	2	124	0	0	0	0	15	0	0	0	0	68	2	0	0	0	0	0	0	0	0	0	0	41	0	0	0
LOC107854200	LOC107854200	XM_016699204.2	protein_coding	0	0	0	15	0	0	0	0	3	0	0	0	0	10	0	0	0	0	0	0	0	0	0	0	0	2	0	0	0
LOC107854201	LOC107854201	XM_016699205.2	protein_coding	0	0	0	34	0	0	0	0	26	0	0	0	0	2	0	0	0	0	0	0	0	0	0	0	0	5	1	0	0
LOC107854201	LOC107854201	XM_016699206.2	protein_coding	0	0	0	34	0	0	0	0	26	0	0	0	0	2	0	0	0	0	0	0	0	0	0	0	0	5	1	0	0
LOC107854201	LOC107854201	XM_047396770.1	protein_coding	0	0	0	82	0	0	0	0	54	0	0	0	0	22	0	0	0	0	0	0	0	0	0	0	0	5	1	0	0
LOC107854203	LOC107854203	XM_016699207.2	protein_coding	0	0	0	59	0	0	0	0	14	0	0	0	0	2	0	0	0	0	0	0	0	0	0	0	0	42	0	0	1
LOC107854204	LOC107854204	XM_016699208.2	protein_coding	0	0	0	5	0	0	0	0	3	0	0	0	0	0	0	0	0	0	0	0	0	0	0	0	0	2	0	0	0
LOC107854714	LOC107854714	XM_047396335.1	protein_coding	0	0	3	145	0	0	0	0	86	0	0	0	0	40	3	0	0	0	0	0	0	0	0	0	0	19	0	0	0
LOC107854716	LOC107854716	XM_016699731.2	protein_coding	0	2	3	131	0	0	0	0	64	0	0	0	0	0	3	0	0	0	0	0	0	0	2	0	0	67	0	0	0
LOC107854721	LOC107854721	XR_001670084.2		0	0	0	154	0	0	0	0	69	8	0	0	0	0	0	0	0	0	0	0	0	0	0	0	0	77	0	0	0
LOC107854722	LOC107854722	XR_001670085.2		0	0	0	321	0	0	0	0	125	30	0	0	0	60	0	0	0	0	0	0	0	0	0	0	0	106	0	0	0
LOC107854723	LOC107854723	XR_001670086.2		0	0	0	247	0	0	0	0	72	74	0	0	0	18	0	0	0	0	0	0	0	0	0	0	0	83	0	0	0
LOC107854727	LOC107854727	XM_047397096.1	protein_coding	0	1	1	322	0	0	0	0	67	0	0	0	0	114	1	0	0	0	0	0	0	0	1	0	0	132	6	0	3
LOC107854727	LOC107854727	XM_047397097.1	protein_coding	0	1	1	322	0	0	0	0	67	0	0	0	0	114	1	0	0	0	0	0	0	0	1	0	0	131	6	0	4
LOC107854727	LOC107854727	XM_047397098.1	protein_coding	0	1	1	317	0	0	0	0	67	0	0	0	0	114	1	0	0	0	0	0	0	0	1	0	0	130	6	0	0
LOC107854727	LOC107854727	XM_047397099.1	protein_coding	0	1	1	321	0	0	0	0	67	0	0	0	0	114	1	0	0	0	0	0	0	0	1	0	0	132	6	0	2
LOC107854728	LOC107854728	XM_016699738.2	protein_coding	0	8	2	160	0	0	0	0	56	0	0	0	0	32	2	0	0	0	0	0	0	0	8	0	0	70	0	0	2
LOC107854728	LOC107854728	XM_047397093.1	protein_coding	0	8	2	161	0	0	0	0	56	0	0	0	0	32	2	0	0	0	0	0	0	0	8	0	0	71	0	0	2
LOC107854728	LOC107854728	XM_047397094.1	protein_coding	0	8	2	156	0	0	0	0	56	0	0	0	0	24	2	0	0	0	0	0	0	0	8	0	0	67	0	0	9
LOC107854728	LOC107854728	XM_047397095.1	protein_coding	0	8	2	147	0	0	0	0	56	0	0	0	0	18	2	0	0	0	0	0	0	0	8	0	0	73	0	0	0
LOC107854729	LOC107854729	XM_016699739.2	protein_coding	0	4	0	303	0	0	0	0	149	0	0	0	0	58	0	0	0	0	2	0	0	0	2	0	0	71	2	0	23
LOC107854729	LOC107854729	XM_016699740.2	protein_coding	0	3	0	302	0	0	0	0	149	0	0	0	0	58	0	0	0	0	1	0	0	0	2	0	0	74	2	0	19
LOC107854730	LOC107854730	XM_016699741.2	protein_coding	0	2	1	133	0	0	0	0	73	0	0	0	0	0	1	0	0	0	0	0	0	0	2	0	0	55	4	0	1
LOC107854730	LOC107854730	XM_016699742.2	protein_coding	0	2	1	124	0	0	0	0	68	0	0	0	0	0	1	0	0	0	0	0	0	0	2	0	0	55	0	0	1
LOC107854732	LOC107854732	XR_007045160.1		0	0	0	179	0	0	0	0	92	9	0	0	0	14	0	0	0	0	0	0	0	0	0	0	0	64	0	0	0
LOC107854732	LOC107854732	XR_007045161.1		0	0	0	179	0	0	0	0	92	8	0	0	0	14	0	0	0	0	0	0	0	0	0	0	0	65	0	0	0
LOC107854732	LOC107854732	XR_007045162.1		0	0	0	179	0	0	0	0	92	5	0	0	0	17	0	0	0	0	0	0	0	0	0	0	0	65	0	0	0
LOC107854732	LOC107854732	XR_007045163.1		0	0	0	217	0	0	0	0	68	21	0	0	0	63	0	0	0	0	0	0	0	0	0	0	0	65	0	0	0
LOC107854735	LOC107854735	XM_016699744.1	protein_coding	0	0	0	14	0	0	0	0	2	0	0	0	0	9	0	0	0	0	0	0	0	0	0	0	0	3	0	0	0
LOC107854740	LOC107854740	XR_007045191.1		0	0	0	1364	0	0	0	0	208	29	0	0	0	961	0	0	0	0	0	0	0	0	0	0	0	166	0	0	0
LOC107854742	LOC107854742	XM_016699749.2	protein_coding	0	0	0	40	0	0	0	0	0	0	0	0	0	1	0	0	0	0	0	0	0	0	0	0	0	39	0	0	0
LOC107854745	LOC107854745	XM_047397114.1	protein_coding	0	0	0	18	0	0	0	0	1	0	0	0	0	0	0	0	0	0	0	0	0	0	0	0	0	17	0	0	0
LOC107854746	LOC107854746	XR_001670093.2		0	0	0	13	0	0	0	0	1	0	0	0	0	0	0	0	0	0	0	0	0	0	0	0	0	12	0	0	0
LOC107854747	LOC107854747	XM_016699751.2	protein_coding	0	0	0	90	0	0	0	0	85	0	0	0	0	0	0	0	0	0	0	0	0	0	0	0	0	5	0	0	0
LOC107854748	LOC107854748	XR_001670094.2		0	0	0	42	0	0	0	0	20	1	0	0	0	15	0	0	0	0	0	0	0	0	0	0	0	6	0	0	0
LOC107854750	LOC107854750	XR_001670096.2		0	0	0	20	0	0	0	0	16	1	0	0	0	1	0	0	0	0	0	0	0	0	0	0	0	2	0	0	0
LOC107854750	LOC107854750	XR_007045174.1		0	0	0	20	0	0	0	0	16	1	0	0	0	1	0	0	0	0	0	0	0	0	0	0	0	2	0	0	0
LOC107854751	LOC107854751	XM_016699752.2	protein_coding	0	6	6	498	0	0	0	0	127	0	0	0	0	237	6	0	0	0	0	0	0	0	5	1	0	125	4	0	5
LOC107854752	LOC107854752	XM_016699753.2	protein_coding	0	0	0	26	0	0	0	0	6	0	0	0	0	11	0	0	0	0	0	0	0	0	0	0	0	7	2	0	0
LOC107854753	LOC107854753	XR_007045177.1		0	0	0	234	0	0	0	0	29	73	0	0	0	5	0	0	0	0	0	0	0	0	0	0	0	127	0	0	0
LOC107854753	LOC107854753	XR_007045178.1		0	0	0	234	0	0	0	0	29	73	0	0	0	5	0	0	0	0	0	0	0	0	0	0	0	127	0	0	0
LOC107854753	LOC107854753	XR_007045179.1		0	0	0	234	0	0	0	0	29	66	0	0	0	12	0	0	0	0	0	0	0	0	0	0	0	127	0	0	0
LOC107854753	LOC107854753	XR_007045180.1		0	0	0	234	0	0	0	0	29	71	0	0	0	7	0	0	0	0	0	0	0	0	0	0	0	127	0	0	0
LOC107854753	LOC107854753	XR_007045181.1		0	0	0	234	0	0	0	0	29	73	0	0	0	5	0	0	0	0	0	0	0	0	0	0	0	127	0	0	0
LOC107854753	LOC107854753	XR_007045182.1		0	0	0	234	0	0	0	0	29	72	0	0	0	6	0	0	0	0	0	0	0	0	0	0	0	127	0	0	0
LOC107854753	LOC107854753	XR_007045183.1		0	0	0	234	0	0	0	0	29	73	0	0	0	5	0	0	0	0	0	0	0	0	0	0	0	127	0	0	0
LOC107854753	LOC107854753	XR_007045184.1		0	0	0	234	0	0	0	0	29	69	0	0	0	9	0	0	0	0	0	0	0	0	0	0	0	127	0	0	0
LOC107854753	LOC107854753	XR_007045185.1		1	0	0	233	0	0	0	0	29	70	0	0	0	9	0	0	0	1	0	0	0	0	0	0	0	127	0	0	0
LOC107854753	LOC107854753	XR_007045186.1		0	0	0	234	0	0	0	0	29	69	0	0	0	9	0	0	0	0	0	0	0	0	0	0	0	127	0	0	0
LOC107854753	LOC107854753	XR_007045187.1		0	0	0	234	0	0	0	0	29	69	0	0	0	9	0	0	0	0	0	0	0	0	0	0	0	127	0	0	0
LOC107854753	LOC107854753	XR_007045188.1		1	0	0	233	0	0	0	0	29	70	0	0	0	9	0	0	0	1	0	0	0	0	0	0	0	127	0	0	0
LOC107854753	LOC107854753	XR_007045189.1		0	0	0	234	0	0	0	0	29	69	0	0	0	9	0	0	0	0	0	0	0	0	0	0	0	127	0	0	0
LOC107854756	LOC107854756	XM_016699756.2	protein_coding	0	0	0	40	0	0	0	0	14	0	0	0	0	2	0	0	0	0	0	0	0	0	0	0	0	24	0	0	0
LOC107854756	LOC107854756	XM_016699757.2	protein_coding	0	0	0	40	0	0	0	0	14	0	0	0	0	2	0	0	0	0	0	0	0	0	0	0	0	24	0	0	0
LOC107854756	LOC107854756	XM_016699758.2	protein_coding	0	0	0	40	0	0	0	0	14	0	0	0	0	2	0	0	0	0	0	0	0	0	0	0	0	24	0	0	0
LOC107854756	LOC107854756	XM_047397116.1	protein_coding	0	0	0	40	0	0	0	0	14	0	0	0	0	2	0	0	0	0	0	0	0	0	0	0	0	24	0	0	0
LOC107854756	LOC107854756	XM_047397117.1	protein_coding	0	0	0	40	0	0	0	0	14	0	0	0	0	2	0	0	0	0	0	0	0	0	0	0	0	24	0	0	0
LOC107854757	LOC107854757	XM_016699759.2	protein_coding	0	1	0	365	0	0	0	0	102	0	0	0	0	129	0	0	0	0	0	0	0	0	1	0	0	123	1	0	10
LOC107854758	LOC107854758	XM_016699760.2	protein_coding	0	3	8	357	0	0	0	0	161	0	0	0	0	126	8	0	0	0	0	0	0	0	3	0	0	65	4	0	1
LOC107854759	LOC107854759	XR_001670111.2		0	0	0	562	0	0	0	0	123	5	0	0	0	224	0	0	0	0	0	0	0	0	0	0	0	210	0	0	0
LOC107854760	LOC107854760	XR_001670112.2		0	0	0	433	0	0	0	0	184	29	0	0	0	61	0	0	0	0	0	0	0	0	0	0	0	159	0	0	0
LOC107854761	LOC107854761	XR_001670113.2		0	0	0	134	0	0	0	0	35	0	0	0	0	96	0	0	0	0	0	0	0	0	0	0	0	3	0	0	0
LOC107854761	LOC107854761	XR_007045173.1		0	0	0	134	0	0	0	0	35	0	0	0	0	96	0	0	0	0	0	0	0	0	0	0	0	3	0	0	0
LOC107854763	LOC107854763	XM_016699761.2	protein_coding	0	6	6	963	0	0	0	0	144	0	0	0	0	735	6	0	0	0	0	0	0	0	6	0	0	81	2	0	1
LOC107854764	LOC107854764	XM_016699762.2	protein_coding	0	0	0	22	0	0	0	0	18	0	0	0	0	0	0	0	0	0	0	0	0	0	0	0	0	3	1	0	0
LOC107854852	LOC107854852	XM_016699842.2	protein_coding	0	1	3	92	0	0	0	0	19	0	0	0	0	2	3	0	0	0	1	0	0	0	0	0	0	67	0	0	4
LOC107854852	LOC107854852	XM_016699844.2	protein_coding	0	1	1	94	0	0	0	0	19	0	0	0	0	4	1	0	0	0	1	0	0	0	0	0	0	67	0	0	4
LOC107854854	LOC107854854	XM_016699845.2	protein_coding	0	0	2	75	0	0	0	0	54	0	0	0	0	16	2	0	0	0	0	0	0	0	0	0	0	5	0	0	0
LOC107854855	LOC107854855	XM_016699846.2	protein_coding	0	2	3	135	0	0	0	0	41	0	0	0	0	35	3	0	0	0	0	0	0	0	2	0	0	58	1	0	0
LOC107854855	LOC107854855	XM_016699847.2	protein_coding	0	1	3	135	0	0	0	0	41	0	0	0	0	36	3	0	0	0	0	0	0	0	1	0	0	57	1	0	0
LOC107854856	LOC107854856	XM_016699848.2	protein_coding	0	0	0	77	0	0	0	0	28	0	0	0	0	5	0	0	0	0	0	0	0	0	0	0	0	43	0	0	1
LOC107855273	LOC107855273	XM_047395991.1	protein_coding	0	5	2	274	0	0	0	0	130	0	0	0	0	55	2	0	0	0	2	0	0	0	3	0	0	37	16	0	36
LOC107855273	LOC107855273	XM_047395992.1	protein_coding	0	5	2	274	0	0	0	0	130	0	0	0	0	55	2	0	0	0	2	0	0	0	3	0	0	37	16	0	36
LOC107855661	LOC107855661	XM_016700679.2	protein_coding	0	0	0	86	0	0	0	0	4	0	0	0	0	72	0	0	0	0	0	0	0	0	0	0	0	10	0	0	0
LOC107855662	LOC107855662	XM_016700680.2	protein_coding	0	0	2	287	0	0	0	0	40	0	0	0	0	31	2	0	0	0	0	0	0	0	0	0	0	213	1	0	2
LOC107855662	LOC107855662	XM_016700681.2	protein_coding	0	0	2	435	0	0	0	0	62	0	0	0	0	155	2	0	0	0	0	0	0	0	0	0	0	213	3	0	2
LOC107855662	LOC107855662	XM_047397156.1	protein_coding	0	0	2	287	0	0	0	0	40	0	0	0	0	31	2	0	0	0	0	0	0	0	0	0	0	213	1	0	2
LOC107855664	LOC107855664	XM_016700682.2	protein_coding	1	0	1	9	0	0	0	0	3	0	1	0	0	0	1	0	0	0	0	1	0	0	0	0	0	6	0	0	0
LOC107855899	LOC107855899	XM_016700910.2	protein_coding	0	0	0	62	0	0	0	0	5	0	0	0	0	0	0	0	0	0	0	0	0	0	0	0	0	57	0	0	0
LOC107856002	LOC107856002	XM_047396814.1	protein_coding	0	2	0	369	0	0	0	0	39	0	0	0	0	208	0	0	0	0	0	0	0	0	2	0	0	110	8	0	4
LOC107856002	LOC107856002	XM_047396815.1	protein_coding	0	2	0	369	0	0	0	0	39	0	0	0	0	208	0	0	0	0	0	0	0	0	2	0	0	110	8	0	4
LOC107856109	LOC107856109	XM_016701101.2	protein_coding	0	2	1	203	0	0	0	0	98	0	0	0	0	0	1	0	0	0	1	0	0	0	1	0	0	101	2	0	2
LOC107856109	LOC107856109	XM_047395943.1	protein_coding	0	3	2	204	0	0	0	0	98	0	0	0	0	3	2	0	0	0	1	0	0	0	2	0	0	101	0	0	2
LOC107856113	LOC107856113	XM_016701108.2	protein_coding	0	5	2	229	0	1	0	0	93	0	0	0	0	55	1	0	0	0	0	0	0	0	5	0	0	76	5	0	0
LOC107856114	LOC107856114	XM_016701109.2	protein_coding	0	1	3	149	0	0	0	0	61	0	0	0	0	0	3	0	0	0	0	0	0	0	1	0	0	87	1	0	0
LOC107856119	LOC107856119	XM_047396480.1	protein_coding	16	22	62	1722	0	0	0	0	236	0	6	0	0	1242	62	0	1	1	0	0	8	1	22	0	0	239	7	0	0
LOC107856416	LOC107856416	XM_016701434.2	protein_coding	0	5	3	196	0	0	0	0	82	0	0	0	0	0	3	0	0	0	0	0	0	0	5	0	0	109	0	0	5
LOC107856424	LOC107856424	XM_016701438.2	protein_coding	1	3	8	161	1	0	0	0	25	0	1	0	0	71	7	0	0	0	1	0	1	0	2	0	0	61	1	0	3
LOC107856424	LOC107856424	XM_047396951.1	protein_coding	1	3	8	161	1	0	0	0	25	0	1	0	0	71	7	0	0	0	1	0	1	0	2	0	0	61	1	0	3
LOC107856424	LOC107856424	XM_047396952.1	protein_coding	1	3	8	161	1	0	0	0	25	0	1	0	0	71	7	0	0	0	1	0	1	0	2	0	0	61	1	0	3
LOC107856424	LOC107856424	XM_047396953.1	protein_coding	1	3	8	161	1	0	0	0	25	0	1	0	0	72	7	0	0	0	1	0	1	0	2	0	0	61	1	0	2
LOC107856424	LOC107856424	XM_047396954.1	protein_coding	1	3	8	161	1	0	0	0	25	0	1	0	0	72	7	0	0	0	1	0	1	0	2	0	0	61	1	0	2
LOC107856424	LOC107856424	XM_047396955.1	protein_coding	1	2	8	139	1	0	0	0	25	0	1	0	0	56	7	0	0	0	0	0	1	0	2	0	0	57	1	0	0
LOC107856424	LOC107856424	XM_047396956.1	protein_coding	1	3	8	161	1	0	0	0	25	0	1	0	0	72	7	0	0	0	1	0	1	0	2	0	0	61	1	0	2
LOC107856425	LOC107856425	XR_001670554.2		0	0	0	215	0	0	0	0	111	22	0	0	0	3	0	0	0	0	0	0	0	0	0	0	0	79	0	0	0
LOC107856426	LOC107856426	XR_007044971.1		0	0	0	384	0	0	0	0	157	49	0	0	0	89	0	0	0	0	0	0	0	0	0	0	0	89	0	0	0
LOC107856426	LOC107856426	XR_007044972.1		0	0	0	434	0	0	0	0	155	53	0	0	0	137	0	0	0	0	0	0	0	0	0	0	0	89	0	0	0
LOC107856472	LOC107856472	XR_001670564.2		0	0	0	9	0	0	0	0	3	0	0	0	0	0	0	0	0	0	0	0	0	0	0	0	0	6	0	0	0
LOC107856536	LOC107856536	XM_016701527.2	protein_coding	1	7	1	170	0	0	0	0	58	0	0	0	0	39	1	0	0	0	5	0	0	1	2	0	0	42	0	0	31
LOC107856536	LOC107856536	XM_047396004.1	protein_coding	1	7	1	170	0	0	0	0	58	0	0	0	0	39	1	0	0	0	5	0	0	1	2	0	0	42	0	0	31
LOC107856609	LOC107856609	XR_007044676.1		0	0	0	8	0	0	0	0	6	0	0	0	0	1	0	0	0	0	0	0	0	0	0	0	0	1	0	0	0
LOC107856620	LOC107856620	XM_016701612.2	protein_coding	3	4	9	341	0	0	0	0	112	0	0	0	0	62	9	0	0	0	0	0	3	0	4	0	0	159	3	0	5
LOC107856620	LOC107856620	XM_016701613.2	protein_coding	3	4	9	341	0	0	0	0	112	0	0	0	0	63	9	0	0	0	0	0	3	0	4	0	0	159	2	0	5
LOC107856867	LOC107856867	XM_047396317.1	protein_coding	0	0	0	3	0	0	0	0	0	0	0	0	0	2	0	0	0	0	0	0	0	0	0	0	0	1	0	0	0
LOC107856869	LOC107856869	XM_047396318.1	protein_coding	7	13	36	674	0	0	0	0	283	0	0	0	0	172	36	0	1	1	0	0	4	1	12	1	0	221	0	0	0
LOC107856871	LOC107856871	XM_016701836.2	protein_coding	0	1	5	195	0	0	0	0	18	0	0	0	0	0	5	0	0	0	0	0	0	0	1	0	0	177	0	0	0
LOC107856873	LOC107856873	XM_047397051.1	protein_coding	0	0	6	202	0	0	0	0	37	0	0	0	0	100	6	0	0	0	0	0	0	0	0	0	0	59	2	0	4
LOC107856874	LOC107856874	XR_007045091.1		0	0	0	83	0	0	0	0	19	24	0	0	0	28	0	0	0	0	0	0	0	0	0	0	0	12	0	0	0
LOC107856874	LOC107856874	XR_007045092.1		0	0	0	83	0	0	0	0	19	24	0	0	0	28	0	0	0	0	0	0	0	0	0	0	0	12	0	0	0
LOC107856874	LOC107856874	XR_007045093.1		0	0	0	83	0	0	0	0	19	24	0	0	0	28	0	0	0	0	0	0	0	0	0	0	0	12	0	0	0
LOC107856874	LOC107856874	XR_007045094.1		0	0	0	83	0	0	0	0	19	24	0	0	0	28	0	0	0	0	0	0	0	0	0	0	0	12	0	0	0
LOC107856874	LOC107856874	XR_007045095.1		0	0	0	83	0	0	0	0	19	24	0	0	0	28	0	0	0	0	0	0	0	0	0	0	0	12	0	0	0
LOC107856874	LOC107856874	XR_007045096.1		0	0	0	83	0	0	0	0	19	24	0	0	0	28	0	0	0	0	0	0	0	0	0	0	0	12	0	0	0
LOC107856874	LOC107856874	XR_007045097.1		0	0	0	83	0	0	0	0	19	24	0	0	0	28	0	0	0	0	0	0	0	0	0	0	0	12	0	0	0
LOC107856874	LOC107856874	XR_007045098.1		0	0	0	83	0	0	0	0	19	24	0	0	0	28	0	0	0	0	0	0	0	0	0	0	0	12	0	0	0
LOC107856874	LOC107856874	XR_007045099.1		0	0	0	83	0	0	0	0	19	24	0	0	0	28	0	0	0	0	0	0	0	0	0	0	0	12	0	0	0
LOC107856874	LOC107856874	XR_007045100.1		0	0	0	83	0	0	0	0	19	24	0	0	0	28	0	0	0	0	0	0	0	0	0	0	0	12	0	0	0
LOC107856874	LOC107856874	XR_007045101.1		0	0	0	83	0	0	0	0	19	24	0	0	0	28	0	0	0	0	0	0	0	0	0	0	0	12	0	0	0
LOC107856874	LOC107856874	XR_007045102.1		0	0	0	83	0	0	0	0	19	24	0	0	0	28	0	0	0	0	0	0	0	0	0	0	0	12	0	0	0
LOC107856874	LOC107856874	XR_007045103.1		0	0	0	83	0	0	0	0	19	24	0	0	0	28	0	0	0	0	0	0	0	0	0	0	0	12	0	0	0
LOC107856874	LOC107856874	XR_007045104.1		0	0	0	83	0	0	0	0	19	24	0	0	0	28	0	0	0	0	0	0	0	0	0	0	0	12	0	0	0
LOC107856874	LOC107856874	XR_007045105.1		0	0	0	83	0	0	0	0	19	24	0	0	0	28	0	0	0	0	0	0	0	0	0	0	0	12	0	0	0
LOC107856874	LOC107856874	XR_007045106.1		0	0	0	83	0	0	0	0	19	24	0	0	0	28	0	0	0	0	0	0	0	0	0	0	0	12	0	0	0
LOC107856874	LOC107856874	XR_007045107.1		0	0	0	83	0	0	0	0	19	24	0	0	0	28	0	0	0	0	0	0	0	0	0	0	0	12	0	0	0
LOC107856874	LOC107856874	XR_007045108.1		0	0	0	83	0	0	0	0	19	24	0	0	0	28	0	0	0	0	0	0	0	0	0	0	0	12	0	0	0
LOC107856874	LOC107856874	XR_007045109.1		0	0	0	83	0	0	0	0	19	24	0	0	0	28	0	0	0	0	0	0	0	0	0	0	0	12	0	0	0
LOC107856874	LOC107856874	XR_007045110.1		0	0	0	83	0	0	0	0	19	24	0	0	0	28	0	0	0	0	0	0	0	0	0	0	0	12	0	0	0
LOC107856874	LOC107856874	XR_007045111.1		0	0	0	83	0	0	0	0	19	24	0	0	0	28	0	0	0	0	0	0	0	0	0	0	0	12	0	0	0
LOC107856876	LOC107856876	XM_016701841.2	protein_coding	1	1	1	637	0	0	0	0	137	0	0	0	0	369	1	0	0	1	0	0	0	0	1	0	0	118	12	0	2
LOC107856876	LOC107856876	XM_016701843.2	protein_coding	1	1	1	345	0	0	0	0	67	0	0	0	0	157	1	0	0	1	0	0	0	0	1	0	0	119	2	0	1
LOC107856876	LOC107856876	XM_016701844.2	protein_coding	1	1	1	637	0	0	0	0	137	0	0	0	0	369	1	0	0	1	0	0	0	0	1	0	0	119	12	0	1
LOC107856879	LOC107856879	XM_016701845.2	protein_coding	0	0	0	47	0	0	0	0	0	0	0	0	0	41	0	0	0	0	0	0	0	0	0	0	0	6	0	0	0
LOC107856879	LOC107856879	XM_047397052.1	protein_coding	0	0	0	47	0	0	0	0	0	0	0	0	0	41	0	0	0	0	0	0	0	0	0	0	0	6	0	0	0
LOC107856880	LOC107856880	XM_016701846.2	protein_coding	0	2	0	162	0	0	0	0	96	0	0	0	0	17	0	0	0	0	0	0	0	0	2	0	0	48	0	0	1
LOC107856881	LOC107856881	XM_016701848.2	protein_coding	0	0	1	1	0	0	0	0	1	0	0	0	0	0	1	0	0	0	0	0	0	0	0	0	0	0	0	0	0
LOC107856881	LOC107856881	XM_016701849.2	protein_coding	0	0	1	1	0	0	0	0	1	0	0	0	0	0	1	0	0	0	0	0	0	0	0	0	0	0	0	0	0
LOC107856882	LOC107856882	XR_001670720.2		0	0	0	97	0	0	0	0	19	4	0	0	0	2	0	0	0	0	0	0	0	0	0	0	0	72	0	0	0
LOC107856882	LOC107856882	XR_007045085.1		0	0	0	107	0	0	0	0	24	7	0	0	0	4	0	0	0	0	0	0	0	0	0	0	0	72	0	0	0
LOC107857046	LOC107857046	XM_016701995.2	protein_coding	0	1	0	157	0	0	0	0	98	0	0	0	0	3	0	0	0	0	1	0	0	0	0	0	0	51	4	0	1
LOC107857057	LOC107857057	XR_001670774.2		0	0	0	422	0	0	0	0	81	10	0	0	0	171	0	0	0	0	0	0	0	0	0	0	0	160	0	0	0
LOC107857307	LOC107857307	XR_001670829.2		0	0	0	38	0	0	0	0	7	2	0	0	0	23	0	0	0	0	0	0	0	0	0	0	0	6	0	0	0
LOC107857310	LOC107857310	XR_001670831.2		0	0	0	5	0	0	0	0	3	0	0	0	0	0	0	0	0	0	0	0	0	0	0	0	0	2	0	0	0
LOC107857553	LOC107857553	XM_016702348.2	protein_coding	0	2	7	43	0	0	0	0	6	0	0	0	0	5	7	0	0	0	1	0	0	0	1	0	0	23	6	0	3
LOC107857905	LOC107857905	XM_047396771.1	protein_coding	0	0	0	27	0	0	0	0	6	0	0	0	0	8	0	0	0	0	0	0	0	0	0	0	0	13	0	0	0
LOC107857906	LOC107857906	XM_047396232.1	protein_coding	0	0	0	100	0	0	0	0	12	0	0	0	0	85	0	0	0	0	0	0	0	0	0	0	0	3	0	0	0
LOC107857909	LOC107857909	XM_016702682.2	protein_coding	0	0	0	13	0	0	0	0	9	0	0	0	0	0	0	0	0	0	0	0	0	0	0	0	0	4	0	0	0
LOC107858802	LOC107858802	XR_001671243.2		0	0	0	46	0	0	0	0	45	0	0	0	0	0	0	0	0	0	0	0	0	0	0	0	0	1	0	0	0
LOC107858803	LOC107858803	XM_016703592.2	protein_coding	0	0	0	32	0	0	0	0	29	0	0	0	0	2	0	0	0	0	0	0	0	0	0	0	0	0	0	0	1
LOC107859686	LOC107859686	XM_047396933.1	protein_coding	0	0	2	211	0	0	0	0	37	0	0	0	0	11	2	0	0	0	0	0	0	0	0	0	0	160	3	0	0
LOC107861018	LOC107861018	XM_047396891.1	protein_coding	0	8	3	138	0	0	0	0	66	0	0	0	0	0	3	0	0	0	0	0	0	0	8	0	0	72	0	0	0
LOC107861040	LOC107861040	XM_016706439.2	protein_coding	0	0	0	8	0	0	0	0	2	0	0	0	0	0	0	0	0	0	0	0	0	0	0	0	0	6	0	0	0
LOC107863280	LOC107863280	XM_016709139.2	protein_coding	1	0	0	321	0	0	0	0	72	0	0	0	0	31	0	0	0	0	0	1	0	0	0	0	0	215	2	0	1
LOC107863743	LOC107863743	XM_047396699.1	protein_coding	3	4	9	217	0	0	0	0	98	0	2	0	0	23	9	0	0	0	0	0	1	0	4	0	0	96	0	0	0
LOC107865089	LOC107865089	XM_047396360.1	protein_coding	1	6	18	149	0	0	0	0	78	0	0	0	0	29	18	0	0	0	0	0	1	0	6	0	0	42	0	0	0
LOC107866165	LOC107866165	XM_016712336.2	protein_coding	1	1	3	306	0	0	0	0	145	0	0	0	0	28	3	0	0	1	0	0	0	0	1	0	0	134	0	0	0
LOC107866382	LOC107866382	XR_001672903.2		0	0	0	45	0	0	0	0	8	19	0	0	0	1	0	0	0	0	0	0	0	0	0	0	0	17	0	0	0
LOC107875385	LOC107875385	XR_007044801.1		0	0	0	342	0	0	0	0	121	109	0	0	0	3	0	0	0	0	0	0	0	0	0	0	0	109	0	0	0
LOC107876266	LOC107876266	XM_047396668.1	protein_coding	1	15	15	785	1	1	0	0	410	0	1	0	0	62	13	0	0	0	4	0	0	0	11	0	0	287	2	0	24
LOC107876731	LOC107876731	XM_047397163.1	protein_coding	6	7	17	962	1	0	0	0	52	0	4	0	0	839	16	0	0	0	1	0	3	0	6	0	0	53	3	0	15
LOC107876731	LOC107876731	XM_047397164.1	protein_coding	7	7	16	962	0	0	0	0	52	0	5	0	0	840	16	0	1	0	1	0	3	0	6	0	0	53	3	0	15
LOC107876732	LOC107876732	XM_047397166.1	protein_coding	0	0	2	27	0	0	0	0	3	0	0	0	0	3	2	0	0	0	0	0	0	0	0	0	0	20	0	0	1
LOC107876732	LOC107876732	XM_047397167.1	protein_coding	0	0	2	85	0	0	0	0	2	0	0	0	0	57	2	0	0	0	0	0	0	0	0	0	0	20	5	0	1
LOC107876982	LOC107876982	XM_047396650.1	protein_coding	3	13	23	388	0	0	0	0	236	0	2	0	0	0	23	0	0	0	4	0	1	0	9	0	0	130	0	0	22
LOC107877244	LOC107877244	XM_016723933.2	protein_coding	0	1	0	98	0	0	0	0	64	0	0	0	0	26	0	0	0	0	0	0	0	0	1	0	0	8	0	0	0
LOC107877245	LOC107877245	XM_016723934.2	protein_coding	0	5	2	244	0	0	0	0	142	0	0	0	0	43	2	0	0	0	3	0	0	0	2	0	0	40	2	0	17
LOC107877246	LOC107877246	XM_016723935.2	protein_coding	0	3	1	216	0	0	0	0	62	0	0	0	0	50	1	0	0	0	0	0	0	0	3	0	0	101	3	0	0
LOC107877249	LOC107877249	XR_001676272.2		0	0	0	83	0	0	0	0	9	1	0	0	0	12	0	0	0	0	0	0	0	0	0	0	0	61	0	0	0
LOC107877323	LOC107877323	XR_001676318.2		0	0	0	308	0	0	0	0	70	25	0	0	0	109	0	0	0	0	0	0	0	0	0	0	0	104	0	0	0
LOC107877759	LOC107877759	XM_016724466.2	protein_coding	0	0	0	17	0	0	0	0	9	0	0	0	0	2	0	0	0	0	0	0	0	0	0	0	0	5	0	0	1
LOC107878229	LOC107878229	XM_016725151.2	protein_coding	0	5	0	64	0	0	0	0	22	0	0	0	0	30	0	0	0	0	0	0	0	0	5	0	0	5	3	0	4
LOC107878230	LOC107878230	XM_016725152.2	protein_coding	0	2	1	62	0	0	0	0	15	0	0	0	0	12	1	0	0	0	0	0	0	0	2	0	0	32	2	0	1
LOC107878231	LOC107878231	XR_001676776.2		0	0	0	50	0	0	0	0	23	9	0	0	0	11	0	0	0	0	0	0	0	0	0	0	0	7	0	0	0
LOC107878231	LOC107878231	XR_001676778.2		0	0	0	50	0	0	0	0	23	9	0	0	0	11	0	0	0	0	0	0	0	0	0	0	0	7	0	0	0
LOC107878231	LOC107878231	XR_001676779.2		0	0	0	50	0	0	0	0	23	4	0	0	0	16	0	0	0	0	0	0	0	0	0	0	0	7	0	0	0
LOC107878233	LOC107878233	XM_016725153.2	protein_coding	0	3	0	122	0	0	0	0	57	0	0	0	0	37	0	0	0	0	0	0	0	0	3	0	0	23	3	0	2
LOC107878234	LOC107878234	XR_001676783.2		0	0	0	90	0	0	0	0	31	17	0	0	0	14	0	0	0	0	0	0	0	0	0	0	0	28	0	0	0
LOC107878234	LOC107878234	XR_001676787.2		0	0	0	90	0	0	0	0	31	17	0	0	0	14	0	0	0	0	0	0	0	0	0	0	0	28	0	0	0
LOC107878234	LOC107878234	XR_001676788.2		0	0	0	90	0	0	0	0	31	17	0	0	0	14	0	0	0	0	0	0	0	0	0	0	0	28	0	0	0
LOC107878234	LOC107878234	XR_001676789.2		0	0	0	90	0	0	0	0	31	16	0	0	0	15	0	0	0	0	0	0	0	0	0	0	0	28	0	0	0
LOC107878234	LOC107878234	XR_007044532.1		0	0	0	90	0	0	0	0	31	15	0	0	0	16	0	0	0	0	0	0	0	0	0	0	0	28	0	0	0
LOC107878234	LOC107878234	XR_007044533.1		0	0	0	90	0	0	0	0	31	18	0	0	0	13	0	0	0	0	0	0	0	0	0	0	0	28	0	0	0
LOC107878236	LOC107878236	XM_016725155.2	protein_coding	0	2	1	117	0	0	0	0	32	0	0	0	0	24	1	0	0	0	0	0	0	0	2	0	0	59	0	0	2
LOC107878237	LOC107878237	XM_016725156.2	protein_coding	0	2	0	251	0	0	0	0	110	0	0	0	0	60	0	0	0	0	0	0	0	0	2	0	0	77	4	0	0
LOC107878237	LOC107878237	XM_047396421.1	protein_coding	0	2	0	230	0	0	0	0	110	0	0	0	0	53	0	0	0	0	0	0	0	0	2	0	0	63	4	0	0
LOC107878239	LOC107878239	XM_016725157.2	protein_coding	1	3	6	196	0	0	0	0	115	0	1	0	0	17	6	0	0	0	0	0	0	0	3	0	0	56	4	0	4
LOC107878239	LOC107878239	XR_001676796.2		0	0	0	206	0	0	0	0	115	17	0	0	0	19	0	0	0	0	0	0	0	0	0	0	0	55	0	0	0
LOC107878239	LOC107878239	XR_007044530.1		0	0	0	259	0	0	0	0	94	25	0	0	0	84	0	0	0	0	0	0	0	0	0	0	0	56	0	0	0
LOC107878240	LOC107878240	XM_016725158.2	protein_coding	0	1	3	47	0	0	0	0	15	0	0	0	0	27	3	0	0	0	0	0	0	0	1	0	0	3	1	0	1
LOC107878240	LOC107878240	XR_001676797.2		0	0	0	36	0	0	0	0	10	22	0	0	0	1	0	0	0	0	0	0	0	0	0	0	0	3	0	0	0
LOC107878240	LOC107878240	XR_001676798.2		0	0	0	36	0	0	0	0	10	22	0	0	0	1	0	0	0	0	0	0	0	0	0	0	0	3	0	0	0
LOC107878241	LOC107878241	XM_016725160.2	protein_coding	0	4	4	121	0	0	0	0	60	0	0	0	0	3	4	0	0	0	0	0	0	0	4	0	0	54	4	0	0
LOC107878242	LOC107878242	XM_047397165.1	protein_coding	0	0	0	47	0	0	0	0	18	0	0	0	0	2	0	0	0	0	0	0	0	0	0	0	0	26	0	0	1
LOC107878381	LOC107878381	XM_047396835.1	protein_coding	0	6	3	574	0	0	0	0	0	0	0	0	0	570	3	0	0	0	0	0	0	0	6	0	0	4	0	0	0
LOC107878383	LOC107878383	XM_016725344.2	protein_coding	0	0	0	29	0	0	0	0	2	0	0	0	0	19	0	0	0	0	0	0	0	0	0	0	0	8	0	0	0
LOC107878384	LOC107878384	XM_016725345.2	protein_coding	0	6	4	209	0	0	0	0	73	0	0	0	0	30	4	0	0	0	2	0	0	0	4	0	0	98	2	0	6
LOC107878384	LOC107878384	XM_016725346.2	protein_coding	0	4	4	198	0	0	0	0	73	0	0	0	0	30	4	0	0	0	0	0	0	0	4	0	0	93	2	0	0
LOC107879180	LOC107879180	XM_016726276.1	protein_coding	2	8	9	256	0	0	0	0	84	0	1	0	0	119	9	0	0	0	0	0	1	0	8	0	0	53	0	0	0
LOC107879482	LOC107879482	XM_047396802.1	protein_coding	0	2	0	118	0	0	0	0	56	0	0	0	0	35	0	0	0	0	2	0	0	0	0	0	0	21	0	0	6
LOC107879482	LOC107879482	XM_047396803.1	protein_coding	0	2	0	47	0	0	0	0	5	0	0	0	0	15	0	0	0	0	2	0	0	0	0	0	0	21	0	0	6
LOC107879482	LOC107879482	XR_007044836.1		0	0	0	48	0	0	0	0	1	11	0	0	0	15	0	0	0	0	0	0	0	0	0	0	0	21	0	0	0
LOC107879482	LOC107879482	XR_007044837.1		0	0	0	48	0	0	0	0	1	11	0	0	0	15	0	0	0	0	0	0	0	0	0	0	0	21	0	0	0
LOC107879698	LOC107879698	XR_001677076.2		0	0	0	378	0	0	0	0	152	10	0	0	0	86	0	0	0	0	0	0	0	0	0	0	0	130	0	0	0
LOC107879700	LOC107879700	XM_016726662.2	protein_coding	3	0	1	120	0	0	0	0	58	0	3	0	0	0	1	0	0	0	0	0	3	0	0	0	0	60	0	0	2
LOC107879701	LOC107879701	XM_047396717.1	protein_coding	0	0	1	122	0	0	0	0	9	0	0	0	0	46	1	0	0	0	0	0	0	0	0	0	0	63	4	0	0
LOC107879702	LOC107879702	XM_016726666.2	protein_coding	1	4	4	212	1	0	0	0	101	0	0	0	0	0	3	0	0	0	0	0	1	0	4	0	0	110	0	0	1
LOC124885102	LOC124885102	XM_047396530.1	protein_coding	0	3	5	368	0	0	0	0	145	0	0	0	0	0	5	0	0	0	0	0	0	0	3	0	0	204	8	0	11
LOC124885102	LOC124885102	XM_047396531.1	protein_coding	0	3	5	368	0	0	0	0	145	0	0	0	0	0	5	0	0	0	0	0	0	0	3	0	0	204	8	0	11
LOC124885118	LOC124885118	XM_016687537.2	protein_coding	0	0	0	128	0	0	0	0	73	0	0	0	0	15	0	0	0	0	0	0	0	0	0	0	0	35	3	0	2
LOC124885160	LOC124885160	XM_047396870.1	protein_coding	0	2	1	83	0	0	0	0	38	0	0	0	0	17	1	0	0	0	1	0	0	0	1	0	0	26	0	0	2
LOC124885181	LOC124885181	XM_047397056.1	protein_coding	0	0	5	238	0	0	0	0	73	0	0	0	0	32	5	0	0	0	0	0	0	0	0	0	0	129	1	0	3
LOC124885186	LOC124885186	XM_047396216.1	protein_coding	1	1	2	191	0	0	0	0	79	0	0	0	0	60	2	0	0	0	0	0	0	1	1	0	0	52	0	0	0
LOC124885242	LOC124885242	XM_047396378.1	protein_coding	1	2	7	581	0	0	0	0	232	0	1	0	0	119	7	0	0	0	0	0	0	0	2	0	0	230	0	0	0
LOC124885348	LOC124885348	XM_047395897.1	protein_coding	0	0	0	38	0	0	0	0	9	0	0	0	0	24	0	0	0	0	0	0	0	0	0	0	0	5	0	0	0
LOC124886960	LOC124886960	XM_047395887.1	protein_coding	0	1	2	233	0	0	0	0	105	0	0	0	0	103	2	0	0	0	0	0	0	0	1	0	0	22	1	0	2
LOC124886960	LOC124886960	XM_047395888.1	protein_coding	0	1	2	233	0	0	0	0	105	0	0	0	0	103	2	0	0	0	0	0	0	0	1	0	0	22	1	0	2
LOC124886961	LOC124886961	XM_047395889.1	protein_coding	0	1	0	215	0	0	0	0	51	0	0	0	0	11	0	0	0	0	0	0	0	0	1	0	0	151	1	0	1
LOC124886963	LOC124886963	XM_047395890.1	protein_coding	0	1	0	21	0	0	0	0	0	0	0	0	0	0	0	0	0	0	0	0	0	0	1	0	0	20	1	0	0
LOC124886963	LOC124886963	XM_047395891.1	protein_coding	0	1	0	21	0	0	0	0	0	0	0	0	0	0	0	0	0	0	0	0	0	0	1	0	0	20	1	0	0
LOC124886964	LOC124886964	XR_007044349.1		0	0	0	3	0	0	0	0	1	0	0	0	0	0	0	0	0	0	0	0	0	0	0	0	0	2	0	0	0
LOC124886964	LOC124886964	XR_007044350.1		0	0	0	3	0	0	0	0	1	0	0	0	0	0	0	0	0	0	0	0	0	0	0	0	0	2	0	0	0
LOC124886965	LOC124886965	XM_047395893.1	protein_coding	0	1	0	30	0	0	0	0	4	0	0	0	0	1	0	0	0	0	0	0	0	0	1	0	0	24	0	0	1
LOC124886965	LOC124886965	XM_047395894.1	protein_coding	0	1	0	30	0	0	0	0	4	0	0	0	0	1	0	0	0	0	0	0	0	0	1	0	0	24	0	0	1
LOC124886966	LOC124886966	XM_047395895.1	protein_coding	0	0	0	12	0	0	0	0	5	0	0	0	0	5	0	0	0	0	0	0	0	0	0	0	0	2	0	0	0
LOC124886966	LOC124886966	XM_047395896.1	protein_coding	0	0	0	12	0	0	0	0	5	0	0	0	0	5	0	0	0	0	0	0	0	0	0	0	0	2	0	0	0
LOC124886967	LOC124886967	XM_047395898.1	protein_coding	0	0	0	16	0	0	0	0	0	0	0	0	0	7	0	0	0	0	0	0	0	0	0	0	0	9	0	0	0
LOC124886968	LOC124886968	XM_047395899.1	protein_coding	0	0	1	47	0	0	0	0	32	0	0	0	0	6	1	0	0	0	0	0	0	0	0	0	0	9	0	0	0
LOC124886969	LOC124886969	XM_047395900.1	protein_coding	0	1	1	81	0	0	0	0	52	0	0	0	0	13	1	0	0	0	0	0	0	0	1	0	0	4	12	0	0
LOC124886970	LOC124886970	XM_047395901.1	protein_coding	0	1	1	112	0	0	0	0	27	0	0	0	0	51	1	0	0	0	0	0	0	0	1	0	0	31	2	0	1
LOC124886971	LOC124886971	XR_007044353.1		0	0	0	208	0	0	0	0	77	7	0	0	0	18	0	0	0	0	0	0	0	0	0	0	0	106	0	0	0
LOC124886972	LOC124886972	XR_007044354.1		0	0	0	198	0	0	0	0	58	0	0	0	0	15	0	0	0	0	0	0	0	0	0	0	0	125	0	0	0
LOC124886973	LOC124886973	XM_047395933.1	protein_coding	0	1	3	161	0	0	0	0	78	0	0	0	0	1	3	0	0	0	0	0	0	0	1	0	0	75	6	0	1
LOC124886975	LOC124886975	XM_047395951.1	protein_coding	0	4	1	204	0	0	0	0	50	0	0	0	0	1	1	0	0	0	0	0	0	0	4	0	0	152	1	0	0
LOC124886977	LOC124886977	XM_047395973.1	protein_coding	1	5	6	86	0	0	0	0	43	0	0	0	0	3	6	0	0	0	0	0	1	0	5	0	0	30	7	0	3
LOC124886977	LOC124886977	XM_047395974.1	protein_coding	1	5	6	86	0	0	0	0	43	0	0	0	0	3	6	0	0	0	0	0	1	0	5	0	0	31	7	0	2
LOC124886977	LOC124886977	XM_047395975.1	protein_coding	1	5	6	86	0	0	0	0	43	0	0	0	0	3	6	0	0	0	0	0	1	0	5	0	0	31	7	0	2
LOC124886977	LOC124886977	XM_047395976.1	protein_coding	1	5	6	86	0	0	0	0	43	0	0	0	0	3	6	0	0	0	0	0	1	0	5	0	0	31	7	0	2
LOC124886978	LOC124886978	XM_047395979.1	protein_coding	0	6	12	118	0	0	0	0	71	0	0	0	0	37	12	0	0	0	0	0	0	0	6	0	0	9	0	0	1
LOC124886979	LOC124886979	XR_007044374.1		0	0	0	200	0	0	0	0	88	11	0	0	0	33	0	0	0	0	0	0	0	0	0	0	0	68	0	0	0
LOC124886980	LOC124886980	XM_047395984.1	protein_coding	0	6	0	158	0	0	0	0	84	0	0	0	0	32	0	0	0	0	0	0	0	0	6	0	0	38	2	0	2
LOC124886981	LOC124886981	XM_047395985.1	protein_coding	1	0	1	98	0	0	0	0	49	0	1	0	0	0	1	0	0	0	0	0	0	0	0	0	0	42	6	0	1
LOC124886985	LOC124886985	XR_007044382.1		0	0	0	287	0	0	0	0	103	53	0	0	0	6	0	0	0	0	0	0	0	0	0	0	0	125	0	0	0
LOC124886986	LOC124886986	XR_007044384.1		0	0	0	370	0	0	0	0	215	36	0	0	0	6	0	0	0	0	0	0	0	0	0	0	0	113	0	0	0
LOC124886987	LOC124886987	XM_047396025.1	protein_coding	0	4	5	259	0	0	0	0	171	0	0	0	0	26	5	0	0	0	3	0	0	0	1	0	0	49	2	0	11
LOC124886988	LOC124886988	XR_007044385.1		0	0	0	170	0	0	0	0	65	23	0	0	0	26	0	0	0	0	0	0	0	0	0	0	0	56	0	0	0
LOC124886988	LOC124886988	XR_007044386.1		0	0	0	152	0	0	0	0	65	19	0	0	0	14	0	0	0	0	0	0	0	0	0	0	0	54	0	0	0
LOC124886988	LOC124886988	XR_007044387.1		0	0	0	136	0	0	0	0	65	26	0	0	0	0	0	0	0	0	0	0	0	0	0	0	0	45	0	0	0
LOC124886988	LOC124886988	XR_007044388.1		0	0	0	136	0	0	0	0	65	22	0	0	0	4	0	0	0	0	0	0	0	0	0	0	0	45	0	0	0
LOC124886989	LOC124886989	XR_007044389.1		0	0	0	88	0	0	0	0	30	3	0	0	0	6	0	0	0	0	0	0	0	0	0	0	0	49	0	0	0
LOC124886989	LOC124886989	XR_007044390.1		0	0	0	195	0	0	0	0	105	4	0	0	0	37	0	0	0	0	0	0	0	0	0	0	0	49	0	0	0
LOC124886990	LOC124886990	XM_047396030.1	protein_coding	0	0	1	135	0	0	0	0	84	0	0	0	0	0	1	0	0	0	0	0	0	0	0	0	0	51	0	0	0
LOC124886991	LOC124886991	XR_007044392.1		0	0	0	38	0	0	0	0	29	0	0	0	0	0	0	0	0	0	0	0	0	0	0	0	0	9	0	0	0
LOC124886992	LOC124886992	XM_047396049.1	protein_coding	0	3	8	279	0	0	1	0	7	0	0	0	0	248	7	0	0	0	2	0	0	0	1	0	0	10	0	0	14
LOC124886992	LOC124886992	XM_047396050.1	protein_coding	0	1	8	19	0	0	1	0	7	0	0	0	0	8	7	0	0	0	0	0	0	0	1	0	0	4	0	0	0
LOC124886993	LOC124886993	XR_007044395.1		0	0	0	110	0	0	0	0	18	0	0	0	0	0	0	0	0	0	0	0	0	0	0	0	0	92	0	0	0
LOC124886995	LOC124886995	XR_007044399.1		0	0	0	58	0	0	0	0	17	2	0	0	0	34	0	0	0	0	0	0	0	0	0	0	0	5	0	0	0
LOC124886995	LOC124886995	XR_007044400.1		0	0	0	58	0	0	0	0	17	2	0	0	0	34	0	0	0	0	0	0	0	0	0	0	0	5	0	0	0
LOC124886996	LOC124886996	XM_047396054.1	protein_coding	0	0	0	3	0	0	0	0	1	0	0	0	0	0	0	0	0	0	0	0	0	0	0	0	0	2	0	0	0
LOC124886997	LOC124886997	XR_007044406.1		0	0	0	70	0	0	0	0	19	19	0	0	0	18	0	0	0	0	0	0	0	0	0	0	0	14	0	0	0
LOC124886998	LOC124886998	XR_007044407.1		0	0	0	153	0	0	0	0	67	0	0	0	0	10	0	0	0	0	0	0	0	0	0	0	0	76	0	0	0
LOC124886999	LOC124886999	XR_007044408.1		0	0	0	142	0	0	0	0	83	6	0	0	0	17	0	0	0	0	0	0	0	0	0	0	0	36	0	0	0
LOC124887000	LOC124887000	XR_007044411.1		0	0	0	187	0	0	0	0	174	0	0	0	0	8	0	0	0	0	0	0	0	0	0	0	0	5	0	0	0
LOC124887001	LOC124887001	XM_047396062.1	protein_coding	0	1	0	109	0	0	0	0	7	0	0	0	0	0	0	0	0	0	0	0	0	0	1	0	0	102	0	0	0
LOC124887002	LOC124887002	XR_007044418.1		0	0	0	23	0	0	0	0	16	0	0	0	0	3	0	0	0	0	0	0	0	0	0	0	0	4	0	0	0
LOC124887003	LOC124887003	XR_007044419.1		0	0	0	14	0	0	0	0	12	0	0	0	0	0	0	0	0	0	0	0	0	0	0	0	0	2	0	0	0
LOC124887004	LOC124887004	XM_047396088.1	protein_coding	0	0	0	5	0	0	0	0	5	0	0	0	0	0	0	0	0	0	0	0	0	0	0	0	0	0	0	0	0
LOC124887004	LOC124887004	XR_007044425.1		0	0	0	146	0	0	0	0	5	2	0	0	0	97	0	0	0	0	0	0	0	0	0	0	0	42	0	0	0
LOC124887005	LOC124887005	XR_007044426.1		0	0	0	5	0	0	0	0	0	0	0	0	0	2	0	0	0	0	0	0	0	0	0	0	0	3	0	0	0
LOC124887006	LOC124887006	XR_007044428.1		0	0	0	177	0	0	0	0	127	9	0	0	0	3	0	0	0	0	0	0	0	0	0	0	0	38	0	0	0
LOC124887007	LOC124887007	XM_047396098.1	protein_coding	1	0	5	191	0	0	0	0	41	0	1	0	0	109	5	0	0	0	0	0	0	0	0	0	0	39	2	0	0
LOC124887007	LOC124887007	XR_007044429.1		0	0	0	118	0	0	0	0	41	26	0	0	0	0	0	0	0	0	0	0	0	0	0	0	0	51	0	0	0
LOC124887009	LOC124887009	XR_007044455.1		0	0	0	182	0	0	0	0	22	3	0	0	0	108	0	0	0	0	0	0	0	0	0	0	0	49	0	0	0
LOC124887009	LOC124887009	XR_007044456.1		0	0	0	182	0	0	0	0	16	3	0	0	0	114	0	0	0	0	0	0	0	0	0	0	0	49	0	0	0
LOC124887010	LOC124887010	XR_007044458.1		0	0	0	205	0	0	0	0	106	23	0	0	0	16	0	0	0	0	0	0	0	0	0	0	0	60	0	0	0
LOC124887011	LOC124887011	XR_007044474.1		1	0	0	200	0	0	0	0	69	17	0	0	0	57	0	0	1	0	0	0	0	0	0	0	0	58	0	0	0
LOC124887012	LOC124887012	XR_007044475.1		0	0	0	25	0	0	0	0	14	0	0	0	0	8	0	0	0	0	0	0	0	0	0	0	0	3	0	0	0
LOC124887012	LOC124887012	XR_007044476.1		0	0	0	18	0	0	0	0	14	2	0	0	0	0	0	0	0	0	0	0	0	0	0	0	0	2	0	0	0
LOC124887012	LOC124887012	XR_007044477.1		0	0	0	25	0	0	0	0	14	0	0	0	0	8	0	0	0	0	0	0	0	0	0	0	0	3	0	0	0
LOC124887013	LOC124887013	XR_007044478.1		0	0	0	16	0	0	0	0	2	1	0	0	0	0	0	0	0	0	0	0	0	0	0	0	0	13	0	0	0
LOC124887014	LOC124887014	XR_007044479.1		0	0	0	41	0	0	0	0	4	0	0	0	0	0	0	0	0	0	0	0	0	0	0	0	0	37	0	0	0
LOC124887015	LOC124887015	XR_007044485.1		0	0	0	20	0	0	0	0	12	6	0	0	0	0	0	0	0	0	0	0	0	0	0	0	0	2	0	0	0
LOC124887016	LOC124887016	XR_007044508.1		0	0	0	7	0	0	0	0	3	0	0	0	0	3	0	0	0	0	0	0	0	0	0	0	0	1	0	0	0
LOC124887017	LOC124887017	XR_007044511.1		0	0	0	50	0	0	0	0	36	0	0	0	0	0	0	0	0	0	0	0	0	0	0	0	0	14	0	0	0
LOC124887019	LOC124887019	XR_007044514.1		0	0	0	60	0	0	0	0	39	2	0	0	0	0	0	0	0	0	0	0	0	0	0	0	0	19	0	0	0
LOC124887020	LOC124887020	XR_007044515.1		0	0	0	75	0	0	0	0	30	7	0	0	0	3	0	0	0	0	0	0	0	0	0	0	0	35	0	0	0
LOC124887021	LOC124887021	XM_047396177.1	protein_coding	0	0	0	59	0	0	0	0	12	0	0	0	0	3	0	0	0	0	0	0	0	0	0	0	0	44	0	0	0
LOC124887023	LOC124887023	XR_007044518.1		0	0	0	135	0	0	0	0	39	13	0	0	0	3	0	0	0	0	0	0	0	0	0	0	0	80	0	0	0
LOC124887024	LOC124887024	XM_047396187.1	protein_coding	1	0	0	266	0	0	0	0	87	0	0	0	0	173	0	0	0	0	0	0	1	0	0	0	0	6	0	0	0
LOC124887025	LOC124887025	XM_047396188.1	protein_coding	0	1	2	70	0	0	0	0	37	0	0	0	0	1	2	1	0	0	0	0	0	0	0	0	0	32	0	0	0
LOC124887027	LOC124887027	XM_047396192.1	protein_coding	1	6	18	102	0	0	0	0	85	0	0	0	0	12	18	0	0	0	0	0	1	0	6	0	0	5	0	0	0
LOC124887028	LOC124887028	XM_047396193.1	protein_coding	1	3	6	102	0	0	0	0	71	0	1	0	0	0	6	0	0	0	0	0	0	0	3	0	0	31	0	0	0
LOC124887030	LOC124887030	XM_047396195.1	protein_coding	0	3	5	58	0	0	0	0	43	0	0	0	0	0	5	0	0	0	0	0	0	0	3	0	0	15	0	0	0
LOC124887032	LOC124887032	XM_047396197.1	protein_coding	4	13	19	308	0	0	0	0	180	0	3	0	0	5	19	0	0	0	0	0	1	0	13	0	0	123	0	0	0
LOC124887034	LOC124887034	XM_047396199.1	protein_coding	0	0	0	18	0	0	0	0	7	0	0	0	0	0	0	0	0	0	0	0	0	0	0	0	0	11	0	0	0
LOC124887035	LOC124887035	XM_047396200.1	protein_coding	2	0	5	148	0	0	0	0	81	0	0	0	0	18	5	0	0	1	0	0	1	0	0	0	0	50	0	0	0
LOC124887036	LOC124887036	XM_047396201.1	protein_coding	2	1	9	90	0	0	0	0	9	0	1	0	0	29	9	0	0	0	0	0	1	0	1	0	0	52	0	0	0
LOC124887038	LOC124887038	XM_047396202.1	protein_coding	0	0	0	6	0	0	0	0	5	0	0	0	0	0	0	0	0	0	0	0	0	0	0	0	0	1	0	0	0
LOC124887039	LOC124887039	XM_047396203.1	protein_coding	0	1	0	58	0	0	0	0	40	0	0	0	0	0	0	0	0	0	0	0	0	0	1	0	0	18	0	0	0
LOC124887040	LOC124887040	XM_047396204.1	protein_coding	0	1	3	148	0	0	0	0	65	0	0	0	0	3	3	0	0	0	0	0	0	0	1	0	0	80	0	0	0
LOC124887041	LOC124887041	XM_047396205.1	protein_coding	1	4	5	154	0	0	0	0	76	0	1	0	0	0	5	0	0	0	0	0	0	0	4	0	0	78	0	0	0
LOC124887042	LOC124887042	XM_047396206.1	protein_coding	1	4	7	948	0	0	0	0	96	0	0	0	0	801	7	0	0	0	0	0	1	0	4	0	0	51	0	0	0
LOC124887043	LOC124887043	XM_047396207.1	protein_coding	2	7	14	11	0	0	0	0	4	0	1	0	0	2	14	0	0	0	0	0	1	0	7	0	0	5	0	0	0
LOC124887044	LOC124887044	XM_047396211.1	protein_coding	0	11	20	423	0	0	0	0	229	0	0	0	0	0	20	0	0	0	0	0	0	0	11	0	0	194	0	0	0
LOC124887045	LOC124887045	XM_047396212.1	protein_coding	1	6	16	1194	0	0	0	0	198	0	0	0	0	871	16	0	0	0	0	0	0	1	6	0	0	125	0	0	0
LOC124887046	LOC124887046	XM_047396213.1	protein_coding	0	0	1	77	0	0	0	0	45	0	0	0	0	0	1	0	0	0	0	0	0	0	0	0	0	32	0	0	0
LOC124887048	LOC124887048	XM_047396217.1	protein_coding	3	1	4	157	0	0	0	0	53	0	2	0	0	4	4	0	0	0	0	0	0	1	1	0	0	100	0	0	0
LOC124887049	LOC124887049	XM_047396218.1	protein_coding	5	14	14	157	0	0	0	0	59	0	4	0	0	14	14	0	0	0	0	0	1	0	14	0	0	84	0	0	0
LOC124887050	LOC124887050	XM_047396219.1	protein_coding	2	7	11	138	0	0	0	0	73	0	0	0	0	14	11	0	0	0	0	0	2	0	7	0	0	51	0	0	0
LOC124887052	LOC124887052	XM_047396221.1	protein_coding	0	0	0	55	0	0	0	0	36	0	0	0	0	5	0	0	0	0	0	0	0	0	0	0	0	14	0	0	0
LOC124887053	LOC124887053	XM_047396222.1	protein_coding	0	0	0	118	0	0	0	0	6	0	0	0	0	105	0	0	0	0	0	0	0	0	0	0	0	7	0	0	0
LOC124887054	LOC124887054	XM_047396223.1	protein_coding	0	0	0	70	0	0	0	0	5	0	0	0	0	57	0	0	0	0	0	0	0	0	0	0	0	8	0	0	0
LOC124887056	LOC124887056	XM_047396224.1	protein_coding	0	3	6	164	0	0	0	0	24	0	0	0	0	111	6	0	0	0	0	0	0	0	3	0	0	29	0	0	0
LOC124887057	LOC124887057	XM_047396226.1	protein_coding	1	1	6	23	0	0	0	0	18	0	0	0	0	0	6	0	0	0	0	0	1	0	1	0	0	5	0	0	0
LOC124887058	LOC124887058	XM_047396229.1	protein_coding	3	11	58	140	0	0	0	0	45	0	0	0	0	31	58	0	1	0	0	0	2	0	11	0	0	65	0	0	0
LOC124887059	LOC124887059	XM_047396230.1	protein_coding	0	0	0	33	0	0	0	0	16	0	0	0	0	0	0	0	0	0	0	0	0	0	0	0	0	17	0	0	0
LOC124887060	LOC124887060	XM_047396231.1	protein_coding	0	0	0	35	0	0	0	0	31	0	0	0	0	0	0	0	0	0	0	0	0	0	0	0	0	4	0	0	0
LOC124887061	LOC124887061	XM_047396236.1	protein_coding	1	2	5	165	0	0	0	0	83	0	1	0	0	0	5	0	0	0	0	0	0	0	2	0	0	82	0	0	0
LOC124887062	LOC124887062	XM_047396237.1	protein_coding	1	83	28	439	0	0	0	0	271	0	0	0	0	63	28	0	0	0	0	0	0	1	83	0	0	105	0	0	0
LOC124887063	LOC124887063	XM_047396238.1	protein_coding	0	0	0	18	0	0	0	0	16	0	0	0	0	0	0	0	0	0	0	0	0	0	0	0	0	2	0	0	0
LOC124887064	LOC124887064	XM_047396239.1	protein_coding	0	0	0	12	0	0	0	0	8	0	0	0	0	0	0	0	0	0	0	0	0	0	0	0	0	4	0	0	0
LOC124887065	LOC124887065	XM_047396240.1	protein_coding	0	0	0	111	0	0	0	0	14	0	0	0	0	66	0	0	0	0	0	0	0	0	0	0	0	31	0	0	0
LOC124887066	LOC124887066	XM_047396243.1	protein_coding	0	0	0	3	0	0	0	0	1	0	0	0	0	0	0	0	0	0	0	0	0	0	0	0	0	2	0	0	0
LOC124887067	LOC124887067	XM_047396244.1	protein_coding	1	1	4	50	0	0	0	0	32	0	0	0	0	8	4	0	0	0	0	0	1	0	1	0	0	10	0	0	0
LOC124887068	LOC124887068	XM_047396245.1	protein_coding	0	5	18	271	0	0	0	0	158	0	0	0	0	0	18	0	0	0	0	0	0	0	5	0	0	113	0	0	0
LOC124887069	LOC124887069	XM_047396246.1	protein_coding	1	1	4	228	0	0	0	0	110	0	0	0	0	0	4	0	0	0	0	0	1	0	1	0	0	118	0	0	0
LOC124887070	LOC124887070	XM_047396247.1	protein_coding	1	2	7	241	0	0	0	0	120	0	0	0	0	12	7	0	1	0	0	0	0	0	2	0	0	110	0	0	0
LOC124887071	LOC124887071	XM_047396248.1	protein_coding	1	6	21	393	0	0	0	0	148	0	0	0	0	84	21	0	0	0	0	0	1	0	6	0	0	161	0	0	0
LOC124887072	LOC124887072	XM_047396250.1	protein_coding	0	6	10	654	0	0	0	0	133	0	0	0	0	263	10	0	0	0	0	0	0	0	6	0	0	258	0	0	0
LOC124887073	LOC124887073	XM_047396251.1	protein_coding	0	9	7	319	0	0	0	0	171	0	0	0	0	0	7	0	0	0	0	0	0	0	9	0	0	148	0	0	0
LOC124887074	LOC124887074	XM_047396252.1	protein_coding	0	1	6	510	0	0	0	0	77	0	0	0	0	358	6	0	0	0	0	0	0	0	1	0	0	75	0	0	0
LOC124887075	LOC124887075	XM_047396253.1	protein_coding	0	0	0	21	0	0	0	0	18	0	0	0	0	0	0	0	0	0	0	0	0	0	0	0	0	3	0	0	0
LOC124887076	LOC124887076	XM_047396254.1	protein_coding	0	0	0	32	0	0	0	0	0	0	0	0	0	1	0	0	0	0	0	0	0	0	0	0	0	31	0	0	0
LOC124887077	LOC124887077	XM_047396255.1	protein_coding	3	2	5	90	1	0	0	0	42	0	3	0	0	8	4	0	0	0	0	0	0	0	2	0	0	40	0	0	0
LOC124887078	LOC124887078	XM_047396256.1	protein_coding	0	0	0	28	0	0	0	0	19	0	0	0	0	3	0	0	0	0	0	0	0	0	0	0	0	6	0	0	0
LOC124887079	LOC124887079	XM_047396257.1	protein_coding	0	0	1	46	0	0	0	0	34	0	0	0	0	1	1	0	0	0	0	0	0	0	0	0	0	11	0	0	0
LOC124887080	LOC124887080	XM_047396258.1	protein_coding	4	11	28	1122	0	0	0	1	138	0	1	0	0	797	27	0	2	1	0	0	0	0	11	0	0	190	0	0	0
LOC124887081	LOC124887081	XM_047396259.1	protein_coding	0	0	0	36	0	0	0	0	36	0	0	0	0	0	0	0	0	0	0	0	0	0	0	0	0	0	0	0	0
LOC124887082	LOC124887082	XM_047396262.1	protein_coding	1	1	13	154	1	0	1	0	121	0	1	0	0	11	11	0	0	0	0	0	0	0	1	0	0	22	0	0	0
LOC124887084	LOC124887084	XM_047396265.1	protein_coding	2	0	3	183	0	0	0	0	86	0	1	0	0	1	3	0	0	0	0	1	0	0	0	0	0	96	0	0	0
LOC124887087	LOC124887087	XM_047396266.1	protein_coding	1	4	20	317	0	0	0	0	120	0	1	0	0	29	20	0	0	0	0	0	0	0	4	0	0	168	0	0	0
LOC124887088	LOC124887088	XM_047396267.1	protein_coding	0	0	2	166	0	0	0	0	17	0	0	0	0	129	2	0	0	0	0	0	0	0	0	0	0	20	0	0	0
LOC124887089	LOC124887089	XM_047396268.1	protein_coding	0	0	0	35	0	0	0	0	35	0	0	0	0	0	0	0	0	0	0	0	0	0	0	0	0	0	0	0	0
LOC124887090	LOC124887090	XM_047396269.1	protein_coding	8	6	37	336	0	0	0	0	101	0	3	0	0	39	37	0	0	0	0	0	5	0	6	0	0	196	0	0	0
LOC124887091	LOC124887091	XM_047396270.1	protein_coding	2	2	8	224	0	0	0	0	99	0	1	0	0	1	8	0	0	0	0	0	1	0	2	0	0	124	0	0	0
LOC124887092	LOC124887092	XM_047396271.1	protein_coding	2	0	12	179	0	0	0	0	100	0	1	0	0	0	12	0	0	0	0	0	1	0	0	0	0	77	2	0	0
LOC124887093	LOC124887093	XM_047396274.1	protein_coding	0	1	6	675	0	0	0	0	34	0	0	0	0	606	6	0	0	0	0	0	0	0	1	0	0	35	0	0	0
LOC124887094	LOC124887094	XM_047396277.1	protein_coding	1	1	20	84	0	0	0	0	39	0	0	0	0	6	20	0	0	0	0	0	1	0	1	0	0	39	0	0	0
LOC124887097	LOC124887097	XM_047396279.1	protein_coding	0	1	8	96	0	0	0	0	54	0	0	0	0	2	8	0	0	0	0	0	0	0	1	0	0	40	0	0	0
LOC124887098	LOC124887098	XM_047396280.1	protein_coding	0	0	0	11	0	0	0	0	3	0	0	0	0	0	0	0	0	0	0	0	0	0	0	0	0	8	0	0	0
LOC124887099	LOC124887099	XM_047396281.1	protein_coding	1	0	3	66	0	0	0	0	29	0	0	0	0	6	3	0	1	0	0	0	0	0	0	0	0	32	0	0	0
LOC124887100	LOC124887100	XM_047396282.1	protein_coding	0	0	0	4	0	0	0	0	1	0	0	0	0	1	0	0	0	0	0	0	0	0	0	0	0	2	0	0	0
LOC124887101	LOC124887101	XM_047396283.1	protein_coding	0	0	0	3	0	0	0	0	3	0	0	0	0	0	0	0	0	0	0	0	0	0	0	0	0	0	0	0	0
LOC124887102	LOC124887102	XM_047396284.1	protein_coding	0	2	5	34	0	0	0	0	21	0	0	0	0	10	5	0	0	0	0	0	0	0	2	0	0	3	0	0	0
LOC124887104	LOC124887104	XM_047396285.1	protein_coding	0	0	0	18	0	0	0	0	2	0	0	0	0	0	0	0	0	0	0	0	0	0	0	0	0	16	0	0	0
LOC124887105	LOC124887105	XM_047396286.1	protein_coding	0	0	0	5	0	0	0	0	2	0	0	0	0	0	0	0	0	0	0	0	0	0	0	0	0	3	0	0	0
LOC124887106	LOC124887106	XM_047396287.1	protein_coding	0	0	0	10	0	0	0	0	7	0	0	0	0	1	0	0	0	0	0	0	0	0	0	0	0	2	0	0	0
LOC124887107	LOC124887107	XM_047396288.1	protein_coding	0	0	0	19	0	0	0	0	10	0	0	0	0	0	0	0	0	0	0	0	0	0	0	0	0	9	0	0	0
LOC124887108	LOC124887108	XM_047396291.1	protein_coding	0	0	0	4	0	0	0	0	4	0	0	0	0	0	0	0	0	0	0	0	0	0	0	0	0	0	0	0	0
LOC124887109	LOC124887109	XM_047396292.1	protein_coding	0	0	1	4	0	0	0	0	2	0	0	0	0	1	1	0	0	0	0	0	0	0	0	0	0	1	0	0	0
LOC124887110	LOC124887110	XM_047396293.1	protein_coding	0	0	0	1	0	0	0	0	0	0	0	0	0	0	0	0	0	0	0	0	0	0	0	0	0	1	0	0	0
LOC124887111	LOC124887111	XM_047396294.1	protein_coding	1	6	17	289	0	0	0	0	131	0	0	0	0	10	17	0	0	0	0	0	0	1	6	0	0	148	0	0	0
LOC124887112	LOC124887112	XM_047396295.1	protein_coding	6	15	34	205	0	0	0	2	34	0	4	0	0	53	33	0	1	0	0	0	1	0	15	0	0	119	0	0	0
LOC124887113	LOC124887113	XM_047396296.1	protein_coding	3	10	13	305	0	0	0	0	143	0	1	0	0	44	13	0	0	0	0	0	2	0	10	0	0	118	0	0	0
LOC124887114	LOC124887114	XM_047396297.1	protein_coding	3	12	23	330	0	1	0	0	130	0	0	0	0	63	22	0	2	1	0	0	0	0	12	0	0	140	0	0	0
LOC124887115	LOC124887115	XM_047396298.1	protein_coding	0	0	0	3	0	0	0	0	0	0	0	0	0	1	0	0	0	0	0	0	0	0	0	0	0	2	0	0	0
LOC124887116	LOC124887116	XM_047396299.1	protein_coding	0	0	0	34	0	0	0	0	31	0	0	0	0	0	0	0	0	0	0	0	0	0	0	0	0	3	0	0	0
LOC124887117	LOC124887117	XM_047396300.1	protein_coding	0	3	3	0	0	0	0	0	0	0	0	0	0	0	3	0	0	0	0	0	0	0	3	0	0	0	0	0	0
LOC124887118	LOC124887118	XM_047396301.1	protein_coding	0	0	0	1	0	0	0	0	1	0	0	0	0	0	0	0	0	0	0	0	0	0	0	0	0	0	0	0	0
LOC124887120	LOC124887120	XM_047396303.1	protein_coding	0	0	0	5	0	0	0	0	3	0	0	0	0	0	0	0	0	0	0	0	0	0	0	0	0	2	0	0	0
LOC124887121	LOC124887121	XM_047396304.1	protein_coding	2	10	11	337	0	0	0	0	161	0	2	0	0	17	11	0	0	0	0	0	0	0	10	0	0	159	0	0	0
LOC124887122	LOC124887122	XM_047396305.1	protein_coding	1	0	0	195	0	0	0	0	79	0	0	0	0	113	0	0	0	0	0	0	1	0	0	0	0	3	0	0	0
LOC124887123	LOC124887123	XM_047396306.1	protein_coding	3	1	9	228	0	0	0	0	112	0	0	0	0	4	9	0	0	1	0	1	1	0	1	0	0	113	0	0	0
LOC124887124	LOC124887124	XM_047396307.1	protein_coding	1	5	12	487	0	0	0	0	159	0	0	0	0	239	12	0	0	0	0	0	1	0	5	0	0	89	0	0	0
LOC124887125	LOC124887125	XM_047396309.1	protein_coding	3	5	4	97	0	1	0	0	35	0	2	0	0	13	3	0	0	0	0	0	1	0	5	0	0	49	0	0	0
LOC124887126	LOC124887126	XM_047396310.1	protein_coding	2	1	6	147	0	0	0	0	88	0	0	0	0	3	6	0	0	0	0	0	2	0	1	0	0	56	0	0	0
LOC124887128	LOC124887128	XM_047396312.1	protein_coding	0	0	0	5	0	0	0	0	4	0	0	0	0	0	0	0	0	0	0	0	0	0	0	0	0	1	0	0	0
LOC124887129	LOC124887129	XM_047396314.1	protein_coding	0	0	0	6	0	0	0	0	2	0	0	0	0	0	0	0	0	0	0	0	0	0	0	0	0	4	0	0	0
LOC124887130	LOC124887130	XM_047396315.1	protein_coding	1	1	2	76	0	0	0	0	35	0	0	0	0	0	2	0	0	0	0	0	0	1	1	0	0	41	0	0	0
LOC124887131	LOC124887131	XM_047396319.1	protein_coding	5	6	6	398	0	1	1	1	43	0	4	0	0	168	3	0	1	0	0	0	0	0	6	0	0	188	0	0	0
LOC124887133	LOC124887133	XM_047396324.1	protein_coding	0	3	10	120	0	0	0	0	54	0	0	0	0	0	10	0	0	0	0	0	0	0	3	0	0	66	0	0	0
LOC124887134	LOC124887134	XM_047396325.1	protein_coding	0	3	2	158	0	0	0	0	75	0	0	0	0	0	2	0	0	0	0	0	0	0	3	0	0	83	0	0	0
LOC124887135	LOC124887135	XM_047396327.1	protein_coding	1	2	6	131	0	0	0	0	62	0	0	0	0	0	6	0	0	0	0	0	0	1	2	0	0	69	0	0	0
LOC124887136	LOC124887136	XM_047396329.1	protein_coding	1	3	6	180	0	0	0	0	86	0	0	0	0	27	6	0	0	0	0	1	0	0	3	0	0	67	0	0	0
LOC124887137	LOC124887137	XM_047396330.1	protein_coding	7	29	30	252	0	0	0	0	65	0	2	0	0	7	30	0	0	0	0	1	4	0	29	0	0	180	0	0	0
LOC124887138	LOC124887138	XM_047396332.1	protein_coding	1	1	4	439	0	0	0	0	15	0	0	0	0	370	4	0	1	0	0	0	0	0	1	0	0	55	0	0	0
LOC124887139	LOC124887139	XM_047396333.1	protein_coding	3	1	8	93	0	0	0	0	32	0	0	0	0	11	8	0	0	1	0	0	2	0	1	0	0	51	0	0	0
LOC124887140	LOC124887140	XM_047396334.1	protein_coding	2	4	5	1249	0	0	0	0	107	0	0	0	0	1053	5	0	1	0	0	0	1	0	4	0	0	90	0	0	0
LOC124887142	LOC124887142	XM_047396338.1	protein_coding	0	0	2	12	0	0	0	0	7	0	0	0	0	0	2	0	0	0	0	0	0	0	0	0	0	5	0	0	0
LOC124887144	LOC124887144	XM_047396339.1	protein_coding	0	0	0	25	0	0	0	0	17	0	0	0	0	0	0	0	0	0	0	0	0	0	0	0	0	8	0	0	0
LOC124887145	LOC124887145	XM_047396340.1	protein_coding	2	0	2	16	0	1	0	0	4	0	2	0	0	4	1	0	0	0	0	0	0	0	0	0	0	8	0	0	0
LOC124887153	LOC124887153	XM_047396341.1	protein_coding	0	0	0	43	0	0	0	0	38	0	0	0	0	0	0	0	0	0	0	0	0	0	0	0	0	5	0	0	0
LOC124887154	LOC124887154	XM_047396342.1	protein_coding	0	0	0	10	0	0	0	0	8	0	0	0	0	0	0	0	0	0	0	0	0	0	0	0	0	2	0	0	0
LOC124887156	LOC124887156	XM_047396343.1	protein_coding	0	0	0	31	0	0	0	0	26	0	0	0	0	2	0	0	0	0	0	0	0	0	0	0	0	3	0	0	0
LOC124887157	LOC124887157	XM_047396345.1	protein_coding	0	0	2	49	0	0	0	0	36	0	0	0	0	8	2	0	0	0	0	0	0	0	0	0	0	5	0	0	0
LOC124887158	LOC124887158	XM_047396346.1	protein_coding	1	1	0	23	0	0	0	0	15	0	1	0	0	0	0	0	0	0	0	0	0	0	1	0	0	8	0	0	0
LOC124887161	LOC124887161	XM_047396349.1	protein_coding	3	1	0	86	1	0	0	0	19	0	2	0	0	11	0	0	1	0	0	0	0	0	1	0	0	57	0	0	0
LOC124887162	LOC124887162	XM_047396350.1	protein_coding	1	3	7	229	0	0	0	0	68	0	1	0	0	12	7	0	0	0	0	0	0	0	3	0	0	149	0	0	0
LOC124887164	LOC124887164	XM_047396351.1	protein_coding	0	0	2	87	0	0	0	0	55	0	0	0	0	7	2	0	0	0	0	0	0	0	0	0	0	25	0	0	0
LOC124887165	LOC124887165	XM_047396352.1	protein_coding	1	6	5	97	0	0	0	0	42	0	1	0	0	1	5	0	0	0	0	0	0	0	6	0	0	54	0	0	0
LOC124887169	LOC124887169	XM_047396354.1	protein_coding	3	3	7	234	0	0	0	0	128	0	2	0	0	3	7	0	0	0	0	0	1	0	3	0	0	103	0	0	0
LOC124887170	LOC124887170	XM_047396355.1	protein_coding	0	2	3	148	0	0	0	0	72	0	0	0	0	0	3	0	0	0	0	0	0	0	2	0	0	76	0	0	0
LOC124887171	LOC124887171	XM_047396356.1	protein_coding	0	1	0	13	0	0	0	0	5	0	0	0	0	5	0	0	0	0	0	0	0	0	1	0	0	3	0	0	0
LOC124887172	LOC124887172	XM_047396357.1	protein_coding	0	0	4	104	0	0	0	0	58	0	0	0	0	0	4	0	0	0	0	0	0	0	0	0	0	46	0	0	0
LOC124887174	LOC124887174	XM_047396361.1	protein_coding	4	10	19	401	0	0	0	0	192	0	2	0	0	6	19	0	0	1	0	0	1	0	10	0	0	204	0	0	0
LOC124887175	LOC124887175	XM_047396362.1	protein_coding	3	0	6	374	0	0	0	0	175	0	1	0	0	26	6	0	1	0	0	0	1	0	0	0	0	161	13	0	0
LOC124887177	LOC124887177	XM_047396363.1	protein_coding	0	2	4	196	0	0	0	0	123	0	0	0	0	0	4	0	0	0	0	0	0	0	2	0	0	73	0	0	0
LOC124887178	LOC124887178	XM_047396364.1	protein_coding	4	9	10	336	0	0	0	0	105	0	4	0	0	126	10	0	0	0	0	0	0	0	9	0	0	105	0	0	0
LOC124887179	LOC124887179	XM_047396365.1	protein_coding	1	1	1	58	0	0	0	0	24	0	0	0	0	1	1	0	1	0	0	0	0	0	1	0	0	34	0	0	0
LOC124887180	LOC124887180	XM_047396367.1	protein_coding	2	5	6	268	0	0	0	0	144	0	1	0	0	0	6	0	0	0	0	0	2	0	5	0	0	124	0	0	0
LOC124887181	LOC124887181	XM_047396368.1	protein_coding	0	5	7	187	0	0	0	0	80	0	0	0	0	3	7	0	0	0	0	0	0	0	5	0	0	104	0	0	0
LOC124887182	LOC124887182	XM_047396369.1	protein_coding	3	2	3	176	0	0	0	0	112	0	1	0	0	0	3	0	0	0	0	1	1	0	2	0	0	64	0	0	0
LOC124887183	LOC124887183	XM_047396370.1	protein_coding	0	0	2	136	0	0	0	0	82	0	0	0	0	3	2	0	0	0	0	0	0	0	0	0	0	51	0	0	0
LOC124887185	LOC124887185	XM_047396372.1	protein_coding	9	13	65	599	0	0	0	2	252	0	5	0	0	103	63	0	2	1	0	0	1	0	13	0	0	247	0	0	0
LOC124887188	LOC124887188	XM_047396375.1	protein_coding	1	6	16	526	0	0	0	0	252	0	1	0	0	7	16	0	0	0	0	0	0	0	6	0	0	267	0	0	0
LOC124887189	LOC124887189	XM_047396379.1	protein_coding	2	8	17	533	0	0	0	0	229	0	0	0	0	27	17	0	1	0	0	0	1	0	8	0	0	278	0	0	0
LOC124887190	LOC124887190	XM_047396380.1	protein_coding	5	15	34	434	0	0	0	0	212	0	1	0	0	3	34	0	0	0	0	0	2	2	15	0	0	219	0	0	0
LOC124887192	LOC124887192	XM_047396383.1	protein_coding	0	2	6	160	0	0	0	0	87	0	0	0	0	0	6	0	0	0	0	0	0	0	2	0	0	73	0	0	0
LOC124887193	LOC124887193	XM_047396384.1	protein_coding	2	4	15	442	0	0	0	0	222	0	0	0	0	0	15	0	0	0	0	0	1	1	4	0	0	220	0	0	0
LOC124887194	LOC124887194	XM_047396389.1	protein_coding	3	0	8	355	0	0	0	0	48	0	2	0	0	0	8	0	0	0	0	0	0	1	0	0	0	307	0	0	0
LOC124887195	LOC124887195	XM_047396390.1	protein_coding	0	0	0	154	0	0	0	0	151	0	0	0	0	0	0	0	0	0	0	0	0	0	0	0	0	3	0	0	0
LOC124887197	LOC124887197	XM_047396392.1	protein_coding	2	3	11	318	0	0	0	0	21	0	0	0	0	47	11	0	0	1	0	0	0	1	3	0	0	251	0	0	0
LOC124887199	LOC124887199	XM_047396397.1	protein_coding	5	12	43	200	0	0	0	0	8	0	3	0	0	87	43	0	1	1	0	0	1	0	12	0	0	107	0	0	0
LOC124887203	LOC124887203	XM_047396400.1	protein_coding	8	13	31	647	0	0	0	0	320	0	1	0	0	0	31	0	0	0	0	0	6	1	13	0	0	327	0	0	0
LOC124887204	LOC124887204	XM_047396401.1	protein_coding	2	4	10	185	0	0	0	0	38	0	1	0	0	2	10	0	0	0	0	0	1	0	4	0	0	145	0	0	0
LOC124887205	LOC124887205	XM_047396402.1	protein_coding	4	6	10	660	0	2	0	0	106	0	4	0	0	222	8	0	0	0	2	0	0	0	4	0	0	321	9	0	2
LOC124887206	LOC124887206	XM_047396405.1	protein_coding	2	4	6	385	0	0	0	0	215	0	0	0	0	0	6	0	0	0	0	0	2	0	4	0	0	170	0	0	0
LOC124887209	LOC124887209	XM_047396407.1	protein_coding	7	2	6	657	2	0	0	1	279	0	6	0	0	0	4	0	0	0	0	0	3	0	2	0	0	378	0	0	0
LOC124887210	LOC124887210	XM_047396411.1	protein_coding	1	2	5	443	0	0	0	0	30	0	1	0	0	100	5	0	0	0	0	0	0	0	2	0	0	313	0	0	0
LOC124887211	LOC124887211	XM_047396416.1	protein_coding	0	2	2	136	0	0	0	0	64	0	0	0	0	0	2	0	0	0	0	0	0	0	2	0	0	68	4	0	0
LOC124887212	LOC124887212	XR_007044522.1		0	0	0	306	0	0	0	0	103	17	0	0	0	61	0	0	0	0	0	0	0	0	0	0	0	125	0	0	0
LOC124887213	LOC124887213	XM_047396420.1	protein_coding	1	7	11	419	0	0	0	0	232	0	1	0	0	102	11	0	0	0	1	0	0	0	6	0	0	66	17	0	2
LOC124887214	LOC124887214	XR_007044525.1		0	0	0	306	0	0	0	0	52	11	0	0	0	49	0	0	0	0	0	0	0	0	0	0	0	194	0	0	0
LOC124887215	LOC124887215	XR_007044529.1		0	0	0	95	0	0	0	0	0	0	0	0	0	3	0	0	0	0	0	0	0	0	0	0	0	92	0	0	0
LOC124887216	LOC124887216	XR_007044531.1		0	0	0	115	0	0	0	0	57	6	0	0	0	8	0	0	0	0	0	0	0	0	0	0	0	44	0	0	0
LOC124887217	LOC124887217	XR_007044534.1		0	0	0	80	0	0	0	0	19	10	0	0	0	27	0	0	0	0	0	0	0	0	0	0	0	24	0	0	0
LOC124887218	LOC124887218	XM_047396429.1	protein_coding	1	22	25	399	0	0	0	1	159	0	0	0	0	2	24	0	0	0	16	0	0	1	6	0	0	119	20	0	99
LOC124887218	LOC124887218	XR_007044535.1		0	0	0	622	0	0	0	0	167	143	0	0	0	193	0	0	0	0	0	0	0	0	0	0	0	119	0	0	0
LOC124887218	LOC124887218	XR_007044536.1		0	0	0	688	0	0	0	0	135	127	0	0	0	307	0	0	0	0	0	0	0	0	0	0	0	119	0	0	0
LOC124887219	LOC124887219	XR_007044537.1		0	0	0	190	0	0	0	0	76	5	0	0	0	5	0	0	0	0	0	0	0	0	0	0	0	104	0	0	0
LOC124887220	LOC124887220	XM_047396431.1	protein_coding	0	2	5	432	0	0	0	0	178	0	0	0	0	2	5	0	0	0	0	0	0	0	2	0	0	232	19	0	1
LOC124887221	LOC124887221	XR_007044546.1		0	0	0	31	0	0	0	0	12	0	0	0	0	1	0	0	0	0	0	0	0	0	0	0	0	18	0	0	0
LOC124887222	LOC124887222	XM_047396458.1	protein_coding	0	3	0	243	0	0	0	0	32	0	0	0	0	75	0	0	0	0	0	0	0	0	3	0	0	127	1	0	8
LOC124887223	LOC124887223	XR_007044550.1		0	0	0	28	0	0	0	0	2	13	0	0	0	0	0	0	0	0	0	0	0	0	0	0	0	13	0	0	0
LOC124887224	LOC124887224	XR_007044551.1		0	0	0	28	0	0	0	0	24	0	0	0	0	2	0	0	0	0	0	0	0	0	0	0	0	2	0	0	0
LOC124887225	LOC124887225	XR_007044554.1		0	0	0	691	0	0	0	0	37	15	0	0	0	331	0	0	0	0	0	0	0	0	0	0	0	308	0	0	0
LOC124887225	LOC124887225	XR_007044555.1		0	0	0	566	0	0	0	0	238	18	0	0	0	2	0	0	0	0	0	0	0	0	0	0	0	308	0	0	0
LOC124887226	LOC124887226	XR_007044556.1		0	0	0	540	0	0	0	0	237	21	0	0	0	37	0	0	0	0	0	0	0	0	0	0	0	245	0	0	0
LOC124887229	LOC124887229	XR_007044577.1		0	0	0	818	0	0	0	0	435	25	0	0	0	308	0	0	0	0	0	0	0	0	0	0	0	50	0	0	0
LOC124887230	LOC124887230	XR_007044579.1		0	0	0	542	0	0	0	0	234	29	0	0	0	17	0	0	0	0	0	0	0	0	0	0	0	262	0	0	0
LOC124887231	LOC124887231	XM_047396483.1	protein_coding	0	8	10	403	0	0	0	0	176	0	0	0	0	2	10	0	0	0	3	0	0	0	5	0	0	184	21	0	20
LOC124887233	LOC124887233	XR_007044588.1		1	0	0	2347	0	0	0	0	154	208	0	0	0	1744	0	0	1	0	0	0	0	0	0	0	0	242	0	0	0
LOC124887233	LOC124887233	XR_007044589.1		1	0	0	2309	0	0	0	0	204	129	0	0	0	1735	0	0	1	0	0	0	0	0	0	0	0	242	0	0	0
LOC124887234	LOC124887234	XR_007044590.1		0	0	0	160	0	0	0	0	50	3	0	0	0	23	0	0	0	0	0	0	0	0	0	0	0	84	0	0	0
LOC124887235	LOC124887235	XR_007044598.1		0	0	0	1730	0	0	0	0	184	65	0	0	0	1442	0	0	0	0	0	0	0	0	0	0	0	39	0	0	0
LOC124887236	LOC124887236	XR_007044599.1		0	0	0	503	0	0	0	0	369	3	0	0	0	20	0	0	0	0	0	0	0	0	0	0	0	111	0	0	0
LOC124887237	LOC124887237	XR_007044600.1		0	0	0	840	0	0	0	0	227	40	0	0	0	398	0	0	0	0	0	0	0	0	0	0	0	175	0	0	0
LOC124887238	LOC124887238	XM_047396520.1	protein_coding	1	2	10	116	0	0	0	0	92	0	1	0	0	0	10	0	0	0	0	0	0	0	2	0	0	22	0	0	2
LOC124887239	LOC124887239	XR_007044601.1		0	0	0	294	0	0	0	0	135	25	0	0	0	25	0	0	0	0	0	0	0	0	0	0	0	109	0	0	0
LOC124887240	LOC124887240	XR_007044602.1		0	0	0	517	0	0	0	0	275	18	0	0	0	43	0	0	0	0	0	0	0	0	0	0	0	181	0	0	0
LOC124887241	LOC124887241	XM_047396541.1	protein_coding	2	4	10	404	0	0	0	0	181	0	2	0	0	63	10	0	0	0	0	0	0	0	4	0	0	159	1	0	0
LOC124887242	LOC124887242	XM_047396550.1	protein_coding	0	2	0	632	0	0	0	0	343	0	0	0	0	54	0	0	0	0	1	0	0	0	1	0	0	225	4	0	6
LOC124887243	LOC124887243	XR_007044608.1		0	0	0	1636	0	0	0	0	190	6	0	0	0	1175	0	0	0	0	0	0	0	0	0	0	0	265	0	0	0
LOC124887244	LOC124887244	XR_007044611.1		0	0	0	560	0	0	0	0	168	52	0	0	0	63	0	0	0	0	0	0	0	0	0	0	0	277	0	0	0
LOC124887245	LOC124887245	XR_007044612.1		0	0	0	303	0	0	0	0	130	30	0	0	0	0	0	0	0	0	0	0	0	0	0	0	0	143	0	0	0
LOC124887248	LOC124887248	XR_007044621.1		0	0	0	458	0	0	0	0	199	21	0	0	0	18	0	0	0	0	0	0	0	0	0	0	0	220	0	0	0
LOC124887249	LOC124887249	XR_007044622.1		0	0	0	661	0	0	0	0	257	28	0	0	0	83	0	0	0	0	0	0	0	0	0	0	0	293	0	0	0
LOC124887250	LOC124887250	XM_047396560.1	protein_coding	1	12	5	562	0	0	0	0	293	0	0	0	0	41	5	1	0	0	10	0	1	0	1	0	0	172	10	0	46
LOC124887251	LOC124887251	XR_007044628.1		0	0	0	213	0	0	0	0	118	31	0	0	0	43	0	0	0	0	0	0	0	0	0	0	0	21	0	0	0
LOC124887253	LOC124887253	XR_007044635.1		0	0	0	338	0	0	0	0	118	58	0	0	0	34	0	0	0	0	0	0	0	0	0	0	0	128	0	0	0
LOC124887254	LOC124887254	XR_007044636.1		0	0	0	182	0	0	0	0	53	26	0	0	0	23	0	0	0	0	0	0	0	0	0	0	0	80	0	0	0
LOC124887255	LOC124887255	XR_007044638.1		0	0	0	444	0	0	0	0	241	55	0	0	0	18	0	0	0	0	0	0	0	0	0	0	0	130	0	0	0
LOC124887256	LOC124887256	XM_047396585.1	protein_coding	0	8	5	318	0	0	0	0	182	0	0	0	0	0	5	0	0	0	7	0	0	0	1	0	0	85	7	0	44
LOC124887257	LOC124887257	XM_047396609.1	protein_coding	1	0	0	234	0	0	0	0	143	0	1	0	0	0	0	0	0	0	0	0	0	0	0	0	0	91	0	0	0
LOC124887258	LOC124887258	XR_007044642.1		1	0	0	1540	0	0	0	0	530	329	0	0	0	562	0	0	0	1	0	0	0	0	0	0	0	120	0	0	0
LOC124887259	LOC124887259	XM_047396622.1	protein_coding	6	1	11	574	0	1	0	0	233	0	4	0	0	200	10	0	0	0	0	0	1	1	1	0	0	120	20	0	1
LOC124887259	LOC124887259	XM_047396623.1	protein_coding	2	2	8	823	0	3	0	0	389	0	1	0	0	306	5	0	0	0	0	0	1	0	2	0	0	120	7	0	1
LOC124887259	LOC124887259	XR_007044644.1		0	0	0	1011	0	0	0	0	389	22	0	0	0	471	0	0	0	0	0	0	0	0	0	0	0	129	0	0	0
LOC124887259	LOC124887259	XR_007044645.1		0	0	0	768	0	0	0	0	233	44	0	0	0	362	0	0	0	0	0	0	0	0	0	0	0	129	0	0	0
LOC124887259	LOC124887259	XR_007044646.1		0	0	0	1013	0	0	0	0	389	26	0	0	0	471	0	0	0	0	0	0	0	0	0	0	0	127	0	0	0
LOC124887259	LOC124887259	XR_007044647.1		0	0	0	768	0	0	0	0	233	49	0	0	0	362	0	0	0	0	0	0	0	0	0	0	0	124	0	0	0
LOC124887260	LOC124887260	XM_047396632.1	protein_coding	0	5	2	431	0	1	0	0	190	0	0	0	0	0	1	0	0	0	0	0	0	0	5	0	0	222	17	0	2
LOC124887261	LOC124887261	XR_007044651.1		0	0	0	1137	0	0	0	0	60	953	0	0	0	0	0	0	0	0	0	0	0	0	0	0	0	124	0	0	0
LOC124887262	LOC124887262	XR_007044653.1		0	0	0	285	0	0	0	0	131	34	0	0	0	0	0	0	0	0	0	0	0	0	0	0	0	120	0	0	0
LOC124887264	LOC124887264	XR_007044654.1		0	0	0	328	0	0	0	0	261	24	0	0	0	12	0	0	0	0	0	0	0	0	0	0	0	31	0	0	0
LOC124887265	LOC124887265	XM_047396654.1	protein_coding	0	2	0	257	0	0	0	0	96	0	0	0	0	0	0	0	0	0	0	0	0	0	2	0	0	159	2	0	0
LOC124887266	LOC124887266	XR_007044659.1		1	0	0	538	0	0	0	0	211	14	0	0	0	6	0	0	0	1	0	0	0	0	0	0	0	308	0	0	0
LOC124887267	LOC124887267	XR_007044660.1		0	0	0	504	0	0	0	0	207	18	0	0	0	20	0	0	0	0	0	0	0	0	0	0	0	259	0	0	0
LOC124887268	LOC124887268	XM_047396698.1	protein_coding	0	7	0	374	0	0	0	0	98	0	0	0	0	0	0	0	0	0	1	0	0	0	6	0	0	243	7	0	26
LOC124887270	LOC124887270	XR_007044662.1		0	0	0	298	0	0	0	0	75	7	0	0	0	125	0	0	0	0	0	0	0	0	0	0	0	91	0	0	0
LOC124887271	LOC124887271	XR_007044663.1		0	0	0	8	0	0	0	0	2	0	0	0	0	1	0	0	0	0	0	0	0	0	0	0	0	5	0	0	0
LOC124887272	LOC124887272	XR_007044664.1		0	0	0	9	0	0	0	0	3	1	0	0	0	1	0	0	0	0	0	0	0	0	0	0	0	4	0	0	0
LOC124887273	LOC124887273	XR_007044665.1		0	0	0	54	0	0	0	0	50	4	0	0	0	0	0	0	0	0	0	0	0	0	0	0	0	0	0	0	0
LOC124887274	LOC124887274	XR_007044666.1		0	0	0	153	0	0	0	0	62	5	0	0	0	21	0	0	0	0	0	0	0	0	0	0	0	65	0	0	0
LOC124887275	LOC124887275	XR_007044667.1		0	0	0	14	0	0	0	0	11	0	0	0	0	0	0	0	0	0	0	0	0	0	0	0	0	3	0	0	0
LOC124887277	LOC124887277	XR_007044669.1		0	0	0	205	0	0	0	0	128	12	0	0	0	0	0	0	0	0	0	0	0	0	0	0	0	65	0	0	0
LOC124887278	LOC124887278	XM_047396707.1	protein_coding	0	0	0	39	0	0	0	0	21	0	0	0	0	13	0	0	0	0	0	0	0	0	0	0	0	5	0	0	0
LOC124887279	LOC124887279	XR_007044670.1		0	0	0	223	0	0	0	0	80	17	0	0	0	29	0	0	0	0	0	0	0	0	0	0	0	97	0	0	0
LOC124887280	LOC124887280	XR_007044671.1		0	0	0	175	0	0	0	0	84	8	0	0	0	23	0	0	0	0	0	0	0	0	0	0	0	60	0	0	0
LOC124887281	LOC124887281	XR_007044674.1		0	0	0	71	0	0	0	0	30	3	0	0	0	0	0	0	0	0	0	0	0	0	0	0	0	38	0	0	0
LOC124887282	LOC124887282	XR_007044675.1		0	0	0	1	0	0	0	0	1	0	0	0	0	0	0	0	0	0	0	0	0	0	0	0	0	0	0	0	0
LOC124887283	LOC124887283	XR_007044677.1		0	0	0	26	0	0	0	0	19	1	0	0	0	0	0	0	0	0	0	0	0	0	0	0	0	6	0	0	0
LOC124887283	LOC124887283	XR_007044678.1		0	0	0	26	0	0	0	0	19	1	0	0	0	0	0	0	0	0	0	0	0	0	0	0	0	6	0	0	0
LOC124887284	LOC124887284	XR_007044679.1		0	0	0	267	0	0	0	0	110	47	0	0	0	36	0	0	0	0	0	0	0	0	0	0	0	74	0	0	0
LOC124887285	LOC124887285	XR_007044680.1		1	0	0	254	0	0	0	0	205	44	0	0	0	6	0	0	1	0	0	0	0	0	0	0	0	0	0	0	0
LOC124887285	LOC124887285	XR_007044681.1		1	0	0	254	0	0	0	0	205	45	0	0	0	5	0	0	1	0	0	0	0	0	0	0	0	0	0	0	0
LOC124887285	LOC124887285	XR_007044682.1		1	0	0	254	0	0	0	0	205	41	0	0	0	9	0	0	1	0	0	0	0	0	0	0	0	0	0	0	0
LOC124887285	LOC124887285	XR_007044683.1		1	0	0	254	0	0	0	0	205	41	0	0	0	9	0	0	1	0	0	0	0	0	0	0	0	0	0	0	0
LOC124887286	LOC124887286	XR_007044685.1		0	0	0	150	0	0	0	0	69	4	0	0	0	33	0	0	0	0	0	0	0	0	0	0	0	44	0	0	0
LOC124887287	LOC124887287	XM_047396709.1	protein_coding	0	0	1	21	0	0	0	0	15	0	0	0	0	0	1	0	0	0	0	0	0	0	0	0	0	6	0	0	0
LOC124887288	LOC124887288	XM_047396710.1	protein_coding	0	0	0	4	0	0	0	0	2	0	0	0	0	2	0	0	0	0	0	0	0	0	0	0	0	0	0	0	0
LOC124887288	LOC124887288	XR_007044686.1		0	0	0	4	0	0	0	0	2	0	0	0	0	2	0	0	0	0	0	0	0	0	0	0	0	0	0	0	0
LOC124887289	LOC124887289	XR_007044687.1		0	0	0	189	0	0	0	0	143	8	0	0	0	16	0	0	0	0	0	0	0	0	0	0	0	22	0	0	0
LOC124887289	LOC124887289	XR_007044688.1		0	0	0	189	0	0	0	0	143	18	0	0	0	6	0	0	0	0	0	0	0	0	0	0	0	22	0	0	0
LOC124887290	LOC124887290	XR_007044689.1		0	0	0	68	0	0	0	0	17	4	0	0	0	5	0	0	0	0	0	0	0	0	0	0	0	42	0	0	0
LOC124887291	LOC124887291	XR_007044691.1		0	0	0	156	0	0	0	0	64	4	0	0	0	7	0	0	0	0	0	0	0	0	0	0	0	81	0	0	0
LOC124887292	LOC124887292	XM_047396712.1	protein_coding	0	0	0	66	0	0	0	0	5	0	0	0	0	0	0	0	0	0	0	0	0	0	0	0	0	61	0	0	0
LOC124887293	LOC124887293	XM_047396713.1	protein_coding	0	0	0	59	0	0	0	0	39	0	0	0	0	0	0	0	0	0	0	0	0	0	0	0	0	20	0	0	0
LOC124887294	LOC124887294	XR_007044693.1		0	0	0	7	0	0	0	0	3	0	0	0	0	0	0	0	0	0	0	0	0	0	0	0	0	4	0	0	0
LOC124887295	LOC124887295	XR_007044695.1		0	0	0	172	0	0	0	0	33	2	0	0	0	100	0	0	0	0	0	0	0	0	0	0	0	37	0	0	0
LOC124887296	LOC124887296	XM_047396727.1	protein_coding	2	3	4	102	0	0	0	0	29	0	1	0	0	4	4	0	0	1	0	0	0	0	3	0	1	32	34	0	4
LOC124887297	LOC124887297	XR_007044701.1		0	0	0	18	0	0	0	0	4	2	0	0	0	1	0	0	0	0	0	0	0	0	0	0	0	11	0	0	0
LOC124887298	LOC124887298	XR_007044702.1		0	0	0	7	0	0	0	0	3	0	0	0	0	1	0	0	0	0	0	0	0	0	0	0	0	3	0	0	0
LOC124887299	LOC124887299	XR_007044703.1		0	0	0	11	0	0	0	0	6	1	0	0	0	2	0	0	0	0	0	0	0	0	0	0	0	2	0	0	0
LOC124887300	LOC124887300	XR_007044704.1		0	0	0	88	0	0	0	0	6	9	0	0	0	9	0	0	0	0	0	0	0	0	0	0	0	64	0	0	0
LOC124887302	LOC124887302	XR_007044707.1		0	0	0	95	0	0	0	0	23	7	0	0	0	6	0	0	0	0	0	0	0	0	0	0	0	59	0	0	0
LOC124887305	LOC124887305	XR_007044754.1		0	0	0	232	0	0	0	0	122	0	0	0	0	94	0	0	0	0	0	0	0	0	0	0	0	16	0	0	0
LOC124887306	LOC124887306	XR_007044755.1		0	0	0	202	0	0	0	0	153	12	0	0	0	8	0	0	0	0	0	0	0	0	0	0	0	29	0	0	0
LOC124887307	LOC124887307	XR_007044756.1		0	0	0	168	0	0	0	0	74	12	0	0	0	4	0	0	0	0	0	0	0	0	0	0	0	78	0	0	0
LOC124887308	LOC124887308	XR_007044769.1		0	0	0	6	0	0	0	0	3	0	0	0	0	0	0	0	0	0	0	0	0	0	0	0	0	3	0	0	0
LOC124887309	LOC124887309	XR_007044770.1		0	0	0	8	0	0	0	0	3	0	0	0	0	1	0	0	0	0	0	0	0	0	0	0	0	4	0	0	0
LOC124887310	LOC124887310	XR_007044771.1		0	0	0	12	0	0	0	0	7	0	0	0	0	2	0	0	0	0	0	0	0	0	0	0	0	3	0	0	0
LOC124887311	LOC124887311	XR_007044772.1		0	0	0	48	0	0	0	0	9	2	0	0	0	9	0	0	0	0	0	0	0	0	0	0	0	28	0	0	0
LOC124887312	LOC124887312	XR_007044773.1		0	0	0	31	0	0	0	0	4	1	0	0	0	4	0	0	0	0	0	0	0	0	0	0	0	22	0	0	0
LOC124887312	LOC124887312	XR_007044774.1		0	0	0	30	0	0	0	0	3	1	0	0	0	4	0	0	0	0	0	0	0	0	0	0	0	22	0	0	0
LOC124887312	LOC124887312	XR_007044775.1		0	0	0	31	0	0	0	0	4	3	0	0	0	2	0	0	0	0	0	0	0	0	0	0	0	22	0	0	0
LOC124887312	LOC124887312	XR_007044776.1		0	0	0	31	0	0	0	0	4	1	0	0	0	4	0	0	0	0	0	0	0	0	0	0	0	22	0	0	0
LOC124887312	LOC124887312	XR_007044777.1		0	0	0	31	0	0	0	0	4	3	0	0	0	2	0	0	0	0	0	0	0	0	0	0	0	22	0	0	0
LOC124887312	LOC124887312	XR_007044778.1		0	0	0	31	0	0	0	0	4	2	0	0	0	3	0	0	0	0	0	0	0	0	0	0	0	22	0	0	0
LOC124887312	LOC124887312	XR_007044779.1		0	0	0	31	0	0	0	0	4	3	0	0	0	2	0	0	0	0	0	0	0	0	0	0	0	22	0	0	0
LOC124887312	LOC124887312	XR_007044780.1		0	0	0	31	0	0	0	0	4	3	0	0	0	2	0	0	0	0	0	0	0	0	0	0	0	22	0	0	0
LOC124887312	LOC124887312	XR_007044781.1		0	0	0	31	0	0	0	0	4	2	0	0	0	3	0	0	0	0	0	0	0	0	0	0	0	22	0	0	0
LOC124887313	LOC124887313	XR_007044782.1		0	0	0	103	0	0	0	0	15	87	0	0	0	0	0	0	0	0	0	0	0	0	0	0	0	1	0	0	0
LOC124887314	LOC124887314	XR_007044783.1		0	0	0	77	0	0	0	0	24	6	0	0	0	16	0	0	0	0	0	0	0	0	0	0	0	31	0	0	0
LOC124887315	LOC124887315	XR_007044784.1		0	0	0	27	0	0	0	0	13	0	0	0	0	8	0	0	0	0	0	0	0	0	0	0	0	6	0	0	0
LOC124887316	LOC124887316	XR_007044785.1		0	0	0	148	0	0	0	0	74	9	0	0	0	2	0	0	0	0	0	0	0	0	0	0	0	63	0	0	0
LOC124887317	LOC124887317	XR_007044786.1		0	0	0	186	0	0	0	0	32	56	0	0	0	23	0	0	0	0	0	0	0	0	0	0	0	75	0	0	0
LOC124887319	LOC124887319	XR_007044787.1		0	0	0	129	0	0	0	0	42	9	0	0	0	16	0	0	0	0	0	0	0	0	0	0	0	62	0	0	0
LOC124887319	LOC124887319	XR_007044788.1		0	0	0	98	0	0	0	0	42	8	0	0	0	0	0	0	0	0	0	0	0	0	0	0	0	48	0	0	0
LOC124887319	LOC124887319	XR_007044789.1		0	0	0	98	0	0	0	0	42	8	0	0	0	0	0	0	0	0	0	0	0	0	0	0	0	48	0	0	0
LOC124887320	LOC124887320	XM_047396780.1	protein_coding	1	2	6	38	0	0	0	0	14	0	0	0	0	3	6	0	0	1	1	0	0	0	1	0	0	15	0	0	7
LOC124887320	LOC124887320	XM_047396781.1	protein_coding	1	2	5	39	0	0	0	0	14	0	0	0	0	4	5	0	0	1	1	0	0	0	1	0	0	15	0	0	7
LOC124887321	LOC124887321	XR_007044797.1		0	0	0	289	0	0	0	0	94	28	0	0	0	82	0	0	0	0	0	0	0	0	0	0	0	85	0	0	0
LOC124887321	LOC124887321	XR_007044798.1		0	0	0	289	0	0	0	0	94	55	0	0	0	55	0	0	0	0	0	0	0	0	0	0	0	85	0	0	0
LOC124887322	LOC124887322	XR_007044809.1		1	0	0	287	0	0	0	0	81	21	0	0	0	15	0	0	1	0	0	0	0	0	0	0	0	171	0	0	0
LOC124887323	LOC124887323	XR_007044810.1		0	0	0	199	0	0	0	0	74	23	0	0	0	38	0	0	0	0	0	0	0	0	0	0	0	64	0	0	0
LOC124887324	LOC124887324	XM_047396797.1	protein_coding	1	2	3	118	0	0	0	0	86	0	0	0	0	0	3	0	0	0	0	0	1	0	2	0	0	32	0	0	0
LOC124887325	LOC124887325	XR_007044818.1		0	0	0	336	0	0	0	0	68	6	0	0	0	217	0	0	0	0	0	0	0	0	0	0	0	45	0	0	0
LOC124887326	LOC124887326	XM_047396798.1	protein_coding	0	2	1	163	0	0	0	0	17	0	0	0	0	0	1	0	0	0	0	0	0	0	2	0	0	117	28	0	1
LOC124887327	LOC124887327	XR_007044823.1		0	0	0	134	0	0	0	0	53	11	0	0	0	18	0	0	0	0	0	0	0	0	0	0	0	52	0	0	0
LOC124887328	LOC124887328	XR_007044838.1		0	0	0	237	0	0	0	0	57	18	0	0	0	102	0	0	0	0	0	0	0	0	0	0	0	60	0	0	0
LOC124887328	LOC124887328	XR_007044839.1		0	0	0	146	0	0	0	0	65	9	0	0	0	12	0	0	0	0	0	0	0	0	0	0	0	60	0	0	0
LOC124887329	LOC124887329	XM_047396805.1	protein_coding	0	1	1	145	0	0	0	0	32	0	0	0	0	2	1	0	0	0	0	0	0	0	1	0	0	106	4	0	1
LOC124887329	LOC124887329	XM_047396806.1	protein_coding	0	1	1	145	0	0	0	0	32	0	0	0	0	0	1	0	0	0	0	0	0	0	1	0	0	106	6	0	1
LOC124887329	LOC124887329	XM_047396807.1	protein_coding	0	1	1	145	0	0	0	0	32	0	0	0	0	0	1	0	0	0	0	0	0	0	1	0	0	106	6	0	1
LOC124887330	LOC124887330	XR_007044841.1		0	0	0	182	0	0	0	0	83	3	0	0	0	11	0	0	0	0	0	0	0	0	0	0	0	85	0	0	0
LOC124887331	LOC124887331	XR_007044842.1		1	0	0	58	0	0	0	0	22	12	0	0	0	1	0	0	1	0	0	0	0	0	0	0	0	25	0	0	0
LOC124887332	LOC124887332	XM_047396816.1	protein_coding	1	7	12	119	0	0	0	0	32	0	1	0	0	0	12	0	0	0	0	0	0	0	7	0	0	74	13	0	0
LOC124887333	LOC124887333	XM_047396818.1	protein_coding	0	3	1	84	0	0	0	0	43	0	0	0	0	3	1	0	0	0	2	0	0	0	1	0	0	28	2	0	8
LOC124887334	LOC124887334	XR_007044849.1		0	0	0	6	0	0	0	0	0	0	0	0	0	0	0	0	0	0	0	0	0	0	0	0	0	6	0	0	0
LOC124887335	LOC124887335	XR_007044850.1		0	0	0	110	0	0	0	0	81	3	0	0	0	2	0	0	0	0	0	0	0	0	0	0	0	24	0	0	0
LOC124887335	LOC124887335	XR_007044851.1		0	0	0	110	0	0	0	0	81	3	0	0	0	2	0	0	0	0	0	0	0	0	0	0	0	24	0	0	0
LOC124887336	LOC124887336	XR_007044853.1		0	0	0	181	0	0	0	0	19	0	0	0	0	0	0	0	0	0	0	0	0	0	0	0	0	162	0	0	0
LOC124887337	LOC124887337	XM_047396832.1	protein_coding	0	0	0	71	0	0	0	0	47	0	0	0	0	2	0	0	0	0	0	0	0	0	0	0	0	20	0	0	2
LOC124887338	LOC124887338	XR_007044862.1		0	0	0	221	0	0	0	0	79	29	0	0	0	3	0	0	0	0	0	0	0	0	0	0	0	110	0	0	0
LOC124887339	LOC124887339	XR_007044867.1		0	0	0	169	0	0	0	0	1	36	0	0	0	16	0	0	0	0	0	0	0	0	0	0	0	116	0	0	0
LOC124887340	LOC124887340	XM_047396850.1	protein_coding	0	0	0	64	0	0	0	0	64	0	0	0	0	0	0	0	0	0	0	0	0	0	0	0	0	0	0	0	0
LOC124887342	LOC124887342	XR_007044870.1		0	0	0	107	0	0	0	0	77	8	0	0	0	22	0	0	0	0	0	0	0	0	0	0	0	0	0	0	0
LOC124887343	LOC124887343	XM_047396858.1	protein_coding	0	1	3	54	0	0	0	0	6	0	0	0	0	12	3	0	0	0	0	0	0	0	1	0	0	33	0	0	3
LOC124887343	LOC124887343	XM_047396860.1	protein_coding	0	1	3	54	0	0	0	0	6	0	0	0	0	12	3	0	0	0	0	0	0	0	1	0	0	33	0	0	3
LOC124887344	LOC124887344	XR_007044881.1		0	0	0	257	0	0	0	0	107	11	0	0	0	5	0	0	0	0	0	0	0	0	0	0	0	134	0	0	0
LOC124887345	LOC124887345	XR_007044883.1		0	0	0	152	0	0	0	0	57	6	0	0	0	7	0	0	0	0	0	0	0	0	0	0	0	82	0	0	0
LOC124887346	LOC124887346	XR_007044895.1		0	0	0	11	0	0	0	0	4	1	0	0	0	3	0	0	0	0	0	0	0	0	0	0	0	3	0	0	0
LOC124887346	LOC124887346	XR_007044896.1		0	0	0	5	0	0	0	0	2	0	0	0	0	0	0	0	0	0	0	0	0	0	0	0	0	3	0	0	0
LOC124887347	LOC124887347	XR_007044898.1		0	0	0	24	0	0	0	0	3	0	0	0	0	0	0	0	0	0	0	0	0	0	0	0	0	21	0	0	0
LOC124887348	LOC124887348	XR_007044899.1		0	0	0	184	0	0	0	0	74	35	0	0	0	19	0	0	0	0	0	0	0	0	0	0	0	56	0	0	0
LOC124887349	LOC124887349	XR_007044911.1		1	0	0	138	0	0	0	0	80	26	0	0	0	12	0	0	1	0	0	0	0	0	0	0	0	21	0	0	0
LOC124887352	LOC124887352	XM_047396890.1	protein_coding	4	5	9	244	0	2	0	0	183	0	1	0	0	0	9	0	0	0	1	0	2	1	4	0	0	59	0	0	2
LOC124887353	LOC124887353	XR_007044913.1		0	0	0	230	0	0	0	0	69	9	0	0	0	13	0	0	0	0	0	0	0	0	0	0	0	139	0	0	0
LOC124887355	LOC124887355	XR_007044928.1		0	0	0	326	0	0	0	0	137	1	0	0	0	102	0	0	0	0	0	0	0	0	0	0	0	86	0	0	0
LOC124887356	LOC124887356	XR_007044933.1		0	0	0	447	0	0	0	0	145	90	0	0	0	65	0	0	0	0	0	0	0	0	0	0	0	147	0	0	0
LOC124887358	LOC124887358	XR_007044943.1		0	0	0	24	0	0	0	0	1	1	0	0	0	20	0	0	0	0	0	0	0	0	0	0	0	2	0	0	0
LOC124887358	LOC124887358	XR_007044944.1		0	0	0	24	0	0	0	0	1	0	0	0	0	21	0	0	0	0	0	0	0	0	0	0	0	2	0	0	0
LOC124887359	LOC124887359	XR_007044947.1		0	0	0	6	0	0	0	0	3	1	0	0	0	0	0	0	0	0	0	0	0	0	0	0	0	2	0	0	0
LOC124887360	LOC124887360	XR_007044948.1		0	0	0	12	0	0	0	0	12	0	0	0	0	0	0	0	0	0	0	0	0	0	0	0	0	0	0	0	0
LOC124887361	LOC124887361	XR_007044955.1		0	0	0	7	0	0	0	0	2	5	0	0	0	0	0	0	0	0	0	0	0	0	0	0	0	0	0	0	0
LOC124887362	LOC124887362	XM_047396932.1	protein_coding	1	0	1	180	0	0	0	0	58	0	1	0	0	0	1	0	0	0	0	0	0	0	0	0	0	110	12	0	0
LOC124887363	LOC124887363	XR_007044964.1		0	0	0	7	0	0	0	0	6	1	0	0	0	0	0	0	0	0	0	0	0	0	0	0	0	0	0	0	0
LOC124887364	LOC124887364	XR_007044967.1		0	0	0	82	0	0	0	0	22	0	0	0	0	54	0	0	0	0	0	0	0	0	0	0	0	6	0	0	0
LOC124887365	LOC124887365	XR_007044968.1		0	0	0	28	0	0	0	0	16	0	0	0	0	0	0	0	0	0	0	0	0	0	0	0	0	12	0	0	0
LOC124887366	LOC124887366	XR_007044975.1		0	0	0	45	0	0	0	0	1	4	0	0	0	23	0	0	0	0	0	0	0	0	0	0	0	17	0	0	0
LOC124887367	LOC124887367	XR_007044976.1		0	0	0	10	0	0	0	0	1	0	0	0	0	9	0	0	0	0	0	0	0	0	0	0	0	0	0	0	0
LOC124887368	LOC124887368	XR_007044977.1		0	0	0	2	0	0	0	0	0	2	0	0	0	0	0	0	0	0	0	0	0	0	0	0	0	0	0	0	0
LOC124887370	LOC124887370	XM_047396965.1	protein_coding	3	10	34	194	0	0	0	0	47	0	1	0	0	6	34	0	1	0	0	0	1	0	10	0	0	142	0	0	0
LOC124887371	LOC124887371	XR_007044978.1		0	0	0	20	0	0	0	0	0	0	0	0	0	19	0	0	0	0	0	0	0	0	0	0	0	1	0	0	0
LOC124887372	LOC124887372	XR_007044979.1		0	0	0	5	0	0	0	0	1	1	0	0	0	0	0	0	0	0	0	0	0	0	0	0	0	3	0	0	0
LOC124887373	LOC124887373	XM_047396968.1	protein_coding	0	0	0	25	0	0	0	0	16	0	0	0	0	0	0	0	0	0	0	0	0	0	0	0	0	9	0	0	0
LOC124887374	LOC124887374	XM_047396971.1	protein_coding	3	1	2	112	0	0	0	1	82	0	3	0	0	0	1	0	0	0	0	0	0	0	1	0	0	30	0	0	0
LOC124887375	LOC124887375	XM_047396973.1	protein_coding	0	2	3	0	0	0	0	0	0	0	0	0	0	0	3	0	0	0	0	0	0	0	2	0	0	0	0	0	0
LOC124887376	LOC124887376	XM_047396978.1	protein_coding	0	2	3	84	0	0	0	0	16	0	0	0	0	4	3	0	0	0	0	0	0	0	2	0	0	64	0	0	0
LOC124887377	LOC124887377	XM_047396980.1	protein_coding	0	0	3	388	0	0	0	0	103	0	0	0	0	192	3	0	0	0	0	0	0	0	0	0	0	90	2	0	1
LOC124887377	LOC124887377	XM_047396981.1	protein_coding	0	8	3	372	0	0	0	0	103	0	0	0	0	109	3	0	0	0	8	0	0	0	0	0	0	84	2	0	74
LOC124887377	LOC124887377	XM_047396982.1	protein_coding	0	0	3	388	0	0	0	0	103	0	0	0	0	192	3	0	0	0	0	0	0	0	0	0	0	90	2	0	1
LOC124887377	LOC124887377	XR_007044980.1		0	0	0	375	0	0	0	0	103	77	0	0	0	111	0	0	0	0	0	0	0	0	0	0	0	84	0	0	0
LOC124887378	LOC124887378	XR_007044994.1		0	0	0	1583	0	0	0	0	36	45	0	0	0	1488	0	0	0	0	0	0	0	0	0	0	0	14	0	0	0
LOC124887379	LOC124887379	XR_007044995.1		0	0	0	641	0	0	0	0	125	41	0	0	0	460	0	0	0	0	0	0	0	0	0	0	0	15	0	0	0
LOC124887380	LOC124887380	XM_047396993.1	protein_coding	0	4	9	67	0	0	0	0	27	0	0	0	0	3	9	0	0	0	0	0	0	0	4	0	0	37	0	0	0
LOC124887381	LOC124887381	XR_007044996.1		0	0	0	317	0	0	0	0	140	10	0	0	0	14	0	0	0	0	0	0	0	0	0	0	0	153	0	0	0
LOC124887382	LOC124887382	XM_047396997.1	protein_coding	0	0	1	57	0	0	0	0	45	0	0	0	0	0	1	0	0	0	0	0	0	0	0	0	0	12	0	0	0
LOC124887383	LOC124887383	XM_047397004.1	protein_coding	7	11	32	199	0	0	0	0	22	0	1	0	0	38	32	0	0	3	1	0	3	0	10	0	0	138	0	0	4
LOC124887384	LOC124887384	XM_047397006.1	protein_coding	2	3	7	152	0	0	0	0	64	0	1	0	0	0	7	0	0	0	0	0	0	1	3	0	0	88	0	0	0
LOC124887385	LOC124887385	XR_007045015.1		1	0	0	463	0	0	0	0	182	5	0	0	0	198	0	0	0	1	0	0	0	0	0	0	0	79	0	0	0
LOC124887386	LOC124887386	XR_007045022.1		0	0	0	18	0	0	0	0	11	0	0	0	0	0	0	0	0	0	0	0	0	0	0	0	0	7	0	0	0
LOC124887387	LOC124887387	XR_007045023.1		0	0	0	16	0	0	0	0	9	0	0	0	0	2	0	0	0	0	0	0	0	0	0	0	0	5	0	0	0
LOC124887388	LOC124887388	XR_007045024.1		0	0	0	85	0	0	0	0	21	0	0	0	0	3	0	0	0	0	0	0	0	0	0	0	0	61	0	0	0
LOC124887390	LOC124887390	XR_007045026.1		0	0	0	96	0	0	0	0	64	0	0	0	0	0	0	0	0	0	0	0	0	0	0	0	0	32	0	0	0
LOC124887391	LOC124887391	XR_007045028.1		0	0	0	65	0	0	0	0	35	0	0	0	0	15	0	0	0	0	0	0	0	0	0	0	0	15	0	0	0
LOC124887392	LOC124887392	XM_047397023.1	protein_coding	0	0	1	44	0	0	0	0	27	0	0	0	0	0	1	0	0	0	0	0	0	0	0	0	0	17	0	0	0
LOC124887394	LOC124887394	XM_047397024.1	protein_coding	0	0	0	47	0	0	0	0	42	0	0	0	0	0	0	0	0	0	0	0	0	0	0	0	0	5	0	0	0
LOC124887395	LOC124887395	XR_007045030.1		0	0	0	15	0	0	0	0	9	3	0	0	0	0	0	0	0	0	0	0	0	0	0	0	0	3	0	0	0
LOC124887396	LOC124887396	XR_007045083.1		0	0	0	28	0	0	0	0	4	0	0	0	0	4	0	0	0	0	0	0	0	0	0	0	0	20	0	0	0
LOC124887397	LOC124887397	XM_047397042.1	protein_coding	2	3	1	83	0	0	0	0	42	0	1	0	0	1	1	0	0	0	1	0	1	0	2	0	0	33	1	0	6
LOC124887398	LOC124887398	XM_047397043.1	protein_coding	0	0	0	69	0	0	0	0	34	0	0	0	0	0	0	0	0	0	0	0	0	0	0	0	0	33	2	0	0
LOC124887399	LOC124887399	XR_007045084.1		0	0	0	130	0	0	0	0	17	3	0	0	0	0	0	0	0	0	0	0	0	0	0	0	0	110	0	0	0
LOC124887400	LOC124887400	XR_007045086.1		0	0	0	58	0	0	0	0	13	6	0	0	0	2	0	0	0	0	0	0	0	0	0	0	0	37	0	0	0
LOC124887400	LOC124887400	XR_007045087.1		0	0	0	58	0	0	0	0	13	7	0	0	0	1	0	0	0	0	0	0	0	0	0	0	0	37	0	0	0
LOC124887400	LOC124887400	XR_007045088.1		0	0	0	61	0	0	0	0	16	7	0	0	0	1	0	0	0	0	0	0	0	0	0	0	0	37	0	0	0
LOC124887401	LOC124887401	XR_007045089.1		0	0	0	13	0	0	0	0	0	0	0	0	0	0	0	0	0	0	0	0	0	0	0	0	0	13	0	0	0
LOC124887402	LOC124887402	XR_007045090.1		0	0	0	53	0	0	0	0	37	10	0	0	0	6	0	0	0	0	0	0	0	0	0	0	0	0	0	0	0
LOC124887403	LOC124887403	XR_007045112.1		0	0	0	168	0	0	0	0	25	0	0	0	0	133	0	0	0	0	0	0	0	0	0	0	0	10	0	0	0
LOC124887404	LOC124887404	XR_007045113.1		0	0	0	275	0	0	0	0	95	41	0	0	0	39	0	0	0	0	0	0	0	0	0	0	0	100	0	0	0
LOC124887405	LOC124887405	XR_007045114.1		0	0	0	279	0	0	0	0	126	7	0	0	0	34	0	0	0	0	0	0	0	0	0	0	0	112	0	0	0
LOC124887406	LOC124887406	XR_007045115.1		0	0	0	205	0	0	0	0	131	4	0	0	0	60	0	0	0	0	0	0	0	0	0	0	0	10	0	0	0
LOC124887407	LOC124887407	XM_047397055.1	protein_coding	7	40	37	565	0	1	0	0	157	0	6	0	0	0	36	0	0	0	19	0	1	0	21	0	1	95	185	0	127
LOC124887408	LOC124887408	XR_007045119.1		0	0	0	9	0	0	0	0	9	0	0	0	0	0	0	0	0	0	0	0	0	0	0	0	0	0	0	0	0
LOC124887409	LOC124887409	XR_007045120.1		0	0	0	118	0	0	0	0	64	7	0	0	0	6	0	0	0	0	0	0	0	0	0	0	0	41	0	0	0
LOC124887410	LOC124887410	XM_047397057.1	protein_coding	0	0	0	27	0	0	0	0	6	0	0	0	0	0	0	0	0	0	0	0	0	0	0	0	0	21	0	0	0
LOC124887411	LOC124887411	XR_007045121.1		0	0	0	200	0	0	0	0	49	48	0	0	0	16	0	0	0	0	0	0	0	0	0	0	0	87	0	0	0
LOC124887412	LOC124887412	XM_047397063.1	protein_coding	0	0	0	1	0	0	0	0	0	0	0	0	0	0	0	0	0	0	0	0	0	0	0	0	0	0	0	0	1
LOC124887413	LOC124887413	XM_047397069.1	protein_coding	0	0	0	14	0	0	0	0	2	0	0	0	0	4	0	0	0	0	0	0	0	0	0	0	0	8	0	0	0
LOC124887414	LOC124887414	XR_007045123.1		0	0	0	168	0	0	0	0	73	6	0	0	0	3	0	0	0	0	0	0	0	0	0	0	0	86	0	0	0
LOC124887415	LOC124887415	XR_007045126.1		0	0	0	132	0	0	0	0	59	5	0	0	0	11	0	0	0	0	0	0	0	0	0	0	0	57	0	0	0
LOC124887416	LOC124887416	XM_047397073.1	protein_coding	1	3	9	19	0	0	0	0	13	0	0	0	0	0	9	0	0	0	0	0	0	1	3	0	0	6	0	0	0
LOC124887417	LOC124887417	XM_047397074.1	protein_coding	1	4	6	113	0	0	0	0	47	0	0	0	0	0	6	0	0	0	0	0	1	0	4	0	0	41	14	0	11
LOC124887418	LOC124887418	XM_047397075.1	protein_coding	0	1	1	47	0	0	0	0	26	0	0	0	0	0	1	0	0	0	0	0	0	0	1	0	0	21	0	0	0
LOC124887419	LOC124887419	XR_007045129.1		0	0	0	359	0	0	0	0	102	51	0	0	0	35	0	0	0	0	0	0	0	0	0	0	0	171	0	0	0
LOC124887420	LOC124887420	XR_007045147.1		0	0	0	176	0	0	0	0	77	24	0	0	0	1	0	0	0	0	0	0	0	0	0	0	0	74	0	0	0
LOC124887421	LOC124887421	XR_007045150.1		0	0	0	103	0	0	0	0	51	8	0	0	0	0	0	0	0	0	0	0	0	0	0	0	0	44	0	0	0
LOC124887421	LOC124887421	XR_007045151.1		0	0	0	103	0	0	0	0	51	8	0	0	0	0	0	0	0	0	0	0	0	0	0	0	0	44	0	0	0
LOC124887422	LOC124887422	XR_007045152.1		1	0	0	227	0	0	0	0	77	58	0	0	0	57	0	0	0	1	0	0	0	0	0	0	0	36	0	0	0
LOC124887426	LOC124887426	XR_007045165.1		0	0	0	308	0	0	0	0	132	63	0	0	0	57	0	0	0	0	0	0	0	0	0	0	0	56	0	0	0
LOC124887427	LOC124887427	XR_007045167.1		0	0	0	93	0	0	0	0	18	14	0	0	0	6	0	0	0	0	0	0	0	0	0	0	0	55	0	0	0
LOC124887428	LOC124887428	XR_007045170.1		0	0	0	61	0	0	0	0	24	19	0	0	0	11	0	0	0	0	0	0	0	0	0	0	0	7	0	0	0
LOC124887429	LOC124887429	XR_007045176.1		0	0	0	45	0	0	0	0	1	17	0	0	0	21	0	0	0	0	0	0	0	0	0	0	0	6	0	0	0
LOC124887430	LOC124887430	XR_007045190.1		0	0	0	267	0	0	0	0	127	16	0	0	0	0	0	0	0	0	0	0	0	0	0	0	0	124	0	0	0
LOC124887431	LOC124887431	XR_007045193.1		0	0	0	32	0	0	0	0	13	1	0	0	0	17	0	0	0	0	0	0	0	0	0	0	0	1	0	0	0
LOC124887432	LOC124887432	XR_007045194.1		0	0	0	89	0	0	0	0	23	1	0	0	0	0	0	0	0	0	0	0	0	0	0	0	0	65	0	0	0
LOC124887433	LOC124887433	XM_047397123.1	protein_coding	0	0	0	9	0	0	0	0	4	0	0	0	0	0	0	0	0	0	0	0	0	0	0	0	0	5	0	0	0
LOC124887434	LOC124887434	XR_007045201.1		0	0	0	171	0	0	0	0	92	12	0	0	0	0	0	0	0	0	0	0	0	0	0	0	0	67	0	0	0
LOC124887435	LOC124887435	XR_007045204.1		1	0	0	254	0	0	0	0	62	114	0	0	0	23	0	0	1	0	0	0	0	0	0	0	0	56	0	0	0
LOC124887436	LOC124887436	XR_007045205.1		0	0	0	165	0	0	0	0	44	12	0	0	0	50	0	0	0	0	0	0	0	0	0	0	0	59	0	0	0
LOC124887437	LOC124887437	XR_007045206.1		0	0	0	189	0	0	0	0	82	19	0	0	0	12	0	0	0	0	0	0	0	0	0	0	0	76	0	0	0
LOC124887438	LOC124887438	XM_047397151.1	protein_coding	0	0	3	95	0	0	0	0	63	0	0	0	0	17	3	0	0	0	0	0	0	0	0	0	0	14	1	0	0
LOC124887438	LOC124887438	XR_007045207.1		0	0	0	98	0	0	0	0	63	4	0	0	0	17	0	0	0	0	0	0	0	0	0	0	0	14	0	0	0
LOC124887439	LOC124887439	XM_047397152.1	protein_coding	0	0	0	59	0	0	0	0	3	0	0	0	0	1	0	0	0	0	0	0	0	0	0	0	0	55	0	0	0
LOC124887440	LOC124887440	XM_047397155.1	protein_coding	1	1	2	152	0	1	0	0	80	0	0	0	0	0	1	0	0	0	0	0	1	0	1	0	0	71	1	0	0
LOC124887442	LOC124887442	XR_007045209.1		0	0	0	258	0	0	0	0	116	8	0	0	0	22	0	0	0	0	0	0	0	0	0	0	0	112	0	0	0
LOC124887443	LOC124887443	XR_007045215.1		0	0	0	22	0	0	0	0	10	1	0	0	0	4	0	0	0	0	0	0	0	0	0	0	0	7	0	0	0
LOC124887444	LOC124887444	XR_007045216.1		0	0	0	58	0	0	0	0	46	10	0	0	0	0	0	0	0	0	0	0	0	0	0	0	0	2	0	0	0
LOC124887444	LOC124887444	XR_007045217.1		0	0	0	58	0	0	0	0	46	8	0	0	0	2	0	0	0	0	0	0	0	0	0	0	0	2	0	0	0
LOC124887444	LOC124887444	XR_007045218.1		0	0	0	68	0	0	0	0	7	6	0	0	0	53	0	0	0	0	0	0	0	0	0	0	0	2	0	0	0
LOC124887446	LOC124887446	XM_047397174.1	protein_coding	0	4	3	331	0	0	0	0	106	0	0	0	0	31	3	0	0	0	2	0	0	0	2	0	0	176	3	0	15
LOC124887446	LOC124887446	XR_007045219.1		0	0	0	379	0	0	0	0	99	78	0	0	0	26	0	0	0	0	0	0	0	0	0	0	0	176	0	0	0
LOC124887446	LOC124887446	XR_007045220.1		0	0	0	379	0	0	0	0	99	61	0	0	0	43	0	0	0	0	0	0	0	0	0	0	0	176	0	0	0
LOC124887446	LOC124887446	XR_007045221.1		0	0	0	378	0	0	0	0	99	53	0	0	0	39	0	0	0	0	0	0	0	0	0	0	0	187	0	0	0
LOC124887446	LOC124887446	XR_007045222.1		0	0	0	339	0	0	0	0	98	40	0	0	0	25	0	0	0	0	0	0	0	0	0	0	0	176	0	0	0
LOC124887449	LOC124887449	XR_007045225.1	snoRNA	0	0	0	283	0	0	0	0	126	4	0	0	0	0	0	0	0	0	0	0	0	0	0	0	0	153	0	0	0
LOC124887450	LOC124887450	XR_007045226.1	snoRNA	0	0	0	39	0	0	0	0	22	0	0	0	0	0	0	0	0	0	0	0	0	0	0	0	0	17	0	0	0
LOC124887451	LOC124887451	XR_007045227.1	snoRNA	0	0	0	2	0	0	0	0	1	0	0	0	0	0	0	0	0	0	0	0	0	0	0	0	0	1	0	0	0
LOC124887453	LOC124887453	XR_007045229.1	snoRNA	0	0	0	100	0	0	0	0	59	3	0	0	0	0	0	0	0	0	0	0	0	0	0	0	0	38	0	0	0
LOC124887455	LOC124887455	XR_007045230.1	snoRNA	0	0	0	8	0	0	0	0	3	0	0	0	0	0	0	0	0	0	0	0	0	0	0	0	0	5	0	0	0
LOC124887456	LOC124887456	XR_007045231.1	snoRNA	0	0	0	210	0	0	0	0	96	1	0	0	0	0	0	0	0	0	0	0	0	0	0	0	0	113	0	0	0
LOC124887457	LOC124887457	XR_007045232.1	snoRNA	0	0	0	17	0	0	0	0	2	1	0	0	0	0	0	0	0	0	0	0	0	0	0	0	0	14	0	0	0
LOC124887458	LOC124887458	XR_007045233.1	snoRNA	0	0	0	242	0	0	0	0	102	6	0	0	0	0	0	0	0	0	0	0	0	0	0	0	0	134	0	0	0
LOC124887460	LOC124887460	XR_007045235.1	snoRNA	0	0	0	223	0	0	0	0	93	1	0	0	0	0	0	0	0	0	0	0	0	0	0	0	0	129	0	0	0
LOC124887461	LOC124887461	XR_007045236.1	snoRNA	0	0	0	122	0	0	0	0	47	3	0	0	0	0	0	0	0	0	0	0	0	0	0	0	0	72	0	0	0
LOC124887462	LOC124887462	XR_007045237.1	snoRNA	0	0	0	276	0	0	0	0	135	2	0	0	0	0	0	0	0	0	0	0	0	0	0	0	0	139	0	0	0
LOC124887463	LOC124887463	XR_007045238.1	snoRNA	0	0	0	8	0	0	0	0	3	0	0	0	0	0	0	0	0	0	0	0	0	0	0	0	0	5	0	0	0
LOC124887464	LOC124887464	XR_007045239.1	snoRNA	0	0	0	375	0	0	0	0	207	4	0	0	0	0	0	0	0	0	0	0	0	0	0	0	0	164	0	0	0
LOC124887466	LOC124887466	XR_007045240.1	snoRNA	0	0	0	142	0	0	0	0	81	1	0	0	0	0	0	0	0	0	0	0	0	0	0	0	0	60	0	0	0
LOC124887467	LOC124887467	XR_007045241.1	snoRNA	0	0	0	8	0	0	0	0	1	0	0	0	0	0	0	0	0	0	0	0	0	0	0	0	0	7	0	0	0
LOC124887469	LOC124887469	XR_007045243.1	snoRNA	0	0	0	17	0	0	0	0	2	0	0	0	0	0	0	0	0	0	0	0	0	0	0	0	0	15	0	0	0
LOC124887470	LOC124887470	XR_007045244.1	snoRNA	0	0	0	180	0	0	0	0	89	0	0	0	0	0	0	0	0	0	0	0	0	0	0	0	0	91	0	0	0
LOC124887471	LOC124887471	XR_007045245.1	snoRNA	0	0	0	100	0	0	0	0	77	0	0	0	0	0	0	0	0	0	0	0	0	0	0	0	0	23	0	0	0
LOC124887472	LOC124887472	XR_007045246.1	snoRNA	0	0	0	123	0	0	0	0	61	2	0	0	0	0	0	0	0	0	0	0	0	0	0	0	0	60	0	0	0
LOC124887473	LOC124887473	XR_007045247.1	snoRNA	0	0	0	3	0	0	0	0	1	0	0	0	0	0	0	0	0	0	0	0	0	0	0	0	0	2	0	0	0
LOC124887474	LOC124887474	XR_007045248.1	snoRNA	0	0	0	2	0	0	0	0	0	0	0	0	0	0	0	0	0	0	0	0	0	0	0	0	0	2	0	0	0
LOC124887475	LOC124887475	XR_007045249.1	snoRNA	0	0	0	186	0	0	0	0	96	5	0	0	0	0	0	0	0	0	0	0	0	0	0	0	0	85	0	0	0
LOC124887477	LOC124887477	XR_007045250.1	snoRNA	0	0	0	11	0	0	0	0	1	0	0	0	0	0	0	0	0	0	0	0	0	0	0	0	0	10	0	0	0
LOC124887478	LOC124887478	XR_007045251.1	snoRNA	0	0	0	262	0	0	0	0	106	4	0	0	0	0	0	0	0	0	0	0	0	0	0	0	0	152	0	0	0
LOC124887479	LOC124887479	XR_007045252.1	snoRNA	0	0	0	30	0	0	0	0	9	0	0	0	0	0	0	0	0	0	0	0	0	0	0	0	0	21	0	0	0
LOC124887480	LOC124887480	XR_007045253.1	snoRNA	0	0	0	184	0	0	0	0	58	2	0	0	0	0	0	0	0	0	0	0	0	0	0	0	0	124	0	0	0
LOC124887481	LOC124887481	XR_007045254.1	snoRNA	0	0	0	217	0	0	0	0	15	3	0	0	0	0	0	0	0	0	0	0	0	0	0	0	0	199	0	0	0
LOC124887482	LOC124887482	XR_007045255.1	snoRNA	0	0	0	175	0	0	0	0	73	2	0	0	0	0	0	0	0	0	0	0	0	0	0	0	0	100	0	0	0
LOC124887483	LOC124887483	XR_007045256.1	snoRNA	0	0	0	34	0	0	0	0	13	0	0	0	0	0	0	0	0	0	0	0	0	0	0	0	0	21	0	0	0
LOC124887484	LOC124887484	XR_007045257.1	snoRNA	0	0	0	152	0	0	0	0	75	0	0	0	0	0	0	0	0	0	0	0	0	0	0	0	0	77	0	0	0
LOC124887485	LOC124887485	XR_007045258.1	snoRNA	0	0	0	293	0	0	0	0	132	8	0	0	0	0	0	0	0	0	0	0	0	0	0	0	0	153	0	0	0
LOC124887486	LOC124887486	XR_007045259.1	snoRNA	0	0	0	200	0	0	0	0	92	1	0	0	0	0	0	0	0	0	0	0	0	0	0	0	0	107	0	0	0
LOC124887487	LOC124887487	XR_007045260.1	snRNA	0	0	0	325	0	0	0	0	111	7	0	0	0	0	0	0	0	0	0	0	0	0	0	0	0	207	0	0	0
LOC124887488	LOC124887488	XR_007045261.1	snoRNA	0	0	0	350	0	0	0	0	178	5	0	0	0	0	0	0	0	0	0	0	0	0	0	0	0	167	0	0	0
LOC124887489	LOC124887489	XR_007045262.1	snoRNA	0	0	0	288	0	0	0	0	96	7	0	0	0	0	0	0	0	0	0	0	0	0	0	0	0	185	0	0	0
LOC124887490	LOC124887490	XR_007045263.1	snoRNA	0	0	0	2	0	0	0	0	2	0	0	0	0	0	0	0	0	0	0	0	0	0	0	0	0	0	0	0	0
LOC124887491	LOC124887491	XR_007045264.1	snoRNA	0	0	0	10	0	0	0	0	8	0	0	0	0	0	0	0	0	0	0	0	0	0	0	0	0	2	0	0	0
LOC124887492	LOC124887492	XR_007045265.1	snoRNA	0	0	0	319	0	0	0	0	166	3	0	0	0	0	0	0	0	0	0	0	0	0	0	0	0	150	0	0	0
LOC124887493	LOC124887493	XR_007045266.1	snoRNA	0	0	0	300	0	0	0	0	166	5	0	0	0	0	0	0	0	0	0	0	0	0	0	0	0	129	0	0	0
LOC124887494	LOC124887494	XR_007045267.1	snoRNA	0	0	0	408	0	0	0	0	198	6	0	0	0	0	0	0	0	0	0	0	0	0	0	0	0	204	0	0	0
LOC124887495	LOC124887495	XR_007045268.1	snoRNA	0	0	0	163	0	0	0	0	32	3	0	0	0	0	0	0	0	0	0	0	0	0	0	0	0	128	0	0	0
LOC124887497	LOC124887497	XR_007045270.1	snoRNA	0	0	0	233	0	0	0	0	83	0	0	0	0	0	0	0	0	0	0	0	0	0	0	0	0	150	0	0	0
LOC124887498	LOC124887498	XR_007045271.1	snRNA	0	0	0	22	0	0	0	0	1	0	0	0	0	0	0	0	0	0	0	0	0	0	0	0	0	21	0	0	0
LOC124887499	LOC124887499	XR_007045272.1	snoRNA	0	0	0	290	0	0	0	0	157	1	0	0	0	0	0	0	0	0	0	0	0	0	0	0	0	132	0	0	0
LOC124887500	LOC124887500	XR_007045273.1	snoRNA	0	0	0	7	0	0	0	0	5	0	0	0	0	0	0	0	0	0	0	0	0	0	0	0	0	2	0	0	0
LOC124887501	LOC124887501	XR_007045274.1	snoRNA	0	0	0	324	0	0	0	0	155	1	0	0	0	0	0	0	0	0	0	0	0	0	0	0	0	168	0	0	0
LOC124887502	LOC124887502	XR_007045275.1	snoRNA	0	0	0	33	0	0	0	0	0	0	0	0	0	0	0	0	0	0	0	0	0	0	0	0	0	33	0	0	0
LOC124887503	LOC124887503	XR_007045276.1	snoRNA	0	0	0	148	0	0	0	0	62	0	0	0	0	0	0	0	0	0	0	0	0	0	0	0	0	86	0	0	0
LOC124887504	LOC124887504	XR_007045277.1	snoRNA	0	0	0	311	0	0	0	0	143	6	0	0	0	0	0	0	0	0	0	0	0	0	0	0	0	162	0	0	0
LOC124887505	LOC124887505	XR_007045278.1	snoRNA	0	0	0	4	0	0	0	0	1	0	0	0	0	0	0	0	0	0	0	0	0	0	0	0	0	3	0	0	0
LOC124887507	LOC124887507	XR_007045279.1	snoRNA	0	0	0	230	0	0	0	0	126	0	0	0	0	0	0	0	0	0	0	0	0	0	0	0	0	104	0	0	0
LOC124887508	LOC124887508	XR_007045280.1	snoRNA	0	0	0	146	0	0	0	0	72	0	0	0	0	0	0	0	0	0	0	0	0	0	0	0	0	74	0	0	0
LOC124887510	LOC124887510	XR_007045281.1	snoRNA	0	0	0	8	0	0	0	0	3	0	0	0	0	0	0	0	0	0	0	0	0	0	0	0	0	5	0	0	0
LOC124887511	LOC124887511	XR_007045282.1	snoRNA	0	0	0	242	0	0	0	0	124	3	0	0	0	0	0	0	0	0	0	0	0	0	0	0	0	115	0	0	0
LOC124887513	LOC124887513	XR_007045284.1	snoRNA	0	0	0	47	0	0	0	0	0	0	0	0	0	0	0	0	0	0	0	0	0	0	0	0	0	47	0	0	0
LOC124887514	LOC124887514	XR_007045285.1	snoRNA	0	0	0	20	0	0	0	0	19	0	0	0	0	0	0	0	0	0	0	0	0	0	0	0	0	1	0	0	0
LOC124887515	LOC124887515	XR_007045286.1	snoRNA	0	0	0	5	0	0	0	0	1	0	0	0	0	0	0	0	0	0	0	0	0	0	0	0	0	4	0	0	0
LOC124887516	LOC124887516	XR_007045287.1	snoRNA	0	0	0	292	0	0	0	0	170	3	0	0	0	0	0	0	0	0	0	0	0	0	0	0	0	119	0	0	0
LOC124887518	LOC124887518	XR_007045288.1	snoRNA	0	0	0	170	0	0	0	0	68	1	0	0	0	0	0	0	0	0	0	0	0	0	0	0	0	101	0	0	0
LOC124887519	LOC124887519	XR_007045289.1	snoRNA	0	0	0	191	0	0	0	0	33	3	0	0	0	0	0	0	0	0	0	0	0	0	0	0	0	155	0	0	0
LOC124887520	LOC124887520	XR_007045290.1	snRNA	0	0	0	26	0	0	0	0	3	0	0	0	0	0	0	0	0	0	0	0	0	0	0	0	0	23	0	0	0
LOC124887521	LOC124887521	XR_007045291.1	snoRNA	0	0	0	32	0	0	0	0	22	0	0	0	0	0	0	0	0	0	0	0	0	0	0	0	0	10	0	0	0
LOC124887522	LOC124887522	XR_007045292.1	snoRNA	0	0	0	101	0	0	0	0	41	4	0	0	0	0	0	0	0	0	0	0	0	0	0	0	0	56	0	0	0
LOC124887523	LOC124887523	XR_007045293.1	snoRNA	0	0	0	61	0	0	0	0	18	0	0	0	0	0	0	0	0	0	0	0	0	0	0	0	0	43	0	0	0
LOC124887524	LOC124887524	XR_007045294.1	snoRNA	0	0	0	1	0	0	0	0	0	0	0	0	0	0	0	0	0	0	0	0	0	0	0	0	0	1	0	0	0
LOC124887525	LOC124887525	XR_007045295.1	snoRNA	0	0	0	1	0	0	0	0	0	0	0	0	0	0	0	0	0	0	0	0	0	0	0	0	0	1	0	0	0
LOC124887526	LOC124887526	XR_007045296.1	snoRNA	0	0	0	311	0	0	0	0	130	2	0	0	0	0	0	0	0	0	0	0	0	0	0	0	0	179	0	0	0
LOC124887527	LOC124887527	XR_007045297.1	snoRNA	0	0	0	82	0	0	0	0	27	0	0	0	0	0	0	0	0	0	0	0	0	0	0	0	0	55	0	0	0
LOC124887528	LOC124887528	XR_007045298.1	snoRNA	0	0	0	391	0	0	0	0	168	6	0	0	0	0	0	0	0	0	0	0	0	0	0	0	0	217	0	0	0
LOC124887529	LOC124887529	XR_007045299.1	snoRNA	0	0	0	137	0	0	0	0	20	5	0	0	0	0	0	0	0	0	0	0	0	0	0	0	0	112	0	0	0
LOC124887530	LOC124887530	XR_007045300.1	snoRNA	0	0	0	8	0	0	0	0	8	0	0	0	0	0	0	0	0	0	0	0	0	0	0	0	0	0	0	0	0
LOC124887531	LOC124887531	XR_007045301.1	snRNA	0	0	0	253	0	0	0	0	113	1	0	0	0	0	0	0	0	0	0	0	0	0	0	0	0	139	0	0	0
LOC124887532	LOC124887532	XR_007045302.1	snoRNA	0	0	0	17	0	0	0	0	17	0	0	0	0	0	0	0	0	0	0	0	0	0	0	0	0	0	0	0	0
LOC124887534	LOC124887534	XR_007045303.1	snoRNA	0	0	0	257	0	0	0	0	110	2	0	0	0	0	0	0	0	0	0	0	0	0	0	0	0	145	0	0	0
LOC124887535	LOC124887535	XR_007045304.1	snoRNA	0	0	0	1	0	0	0	0	0	0	0	0	0	0	0	0	0	0	0	0	0	0	0	0	0	1	0	0	0
LOC124887536	LOC124887536	XR_007045305.1	snoRNA	0	0	0	1	0	0	0	0	0	0	0	0	0	0	0	0	0	0	0	0	0	0	0	0	0	1	0	0	0
LOC124887537	LOC124887537	XR_007045306.1	snoRNA	0	0	0	9	0	0	0	0	9	0	0	0	0	0	0	0	0	0	0	0	0	0	0	0	0	0	0	0	0
LOC124887538	LOC124887538	XR_007045307.1	snoRNA	0	0	0	3	0	0	0	0	0	0	0	0	0	0	0	0	0	0	0	0	0	0	0	0	0	3	0	0	0
LOC124887539	LOC124887539	XR_007045308.1	snoRNA	0	0	0	307	0	0	0	0	160	3	0	0	0	0	0	0	0	0	0	0	0	0	0	0	0	144	0	0	0
LOC124887540	LOC124887540	XR_007045309.1	snoRNA	0	0	0	268	0	0	0	0	144	3	0	0	0	0	0	0	0	0	0	0	0	0	0	0	0	121	0	0	0
LOC124887541	LOC124887541	XR_007045310.1	snoRNA	0	0	0	5	0	0	0	0	1	0	0	0	0	0	0	0	0	0	0	0	0	0	0	0	0	4	0	0	0
LOC124887542	LOC124887542	XR_007045311.1	snRNA	0	0	0	132	0	0	0	0	51	1	0	0	0	0	0	0	0	0	0	0	0	0	0	0	0	80	0	0	0
LOC124887543	LOC124887543	XR_007045312.1	snoRNA	0	0	0	3	0	0	0	0	1	0	0	0	0	0	0	0	0	0	0	0	0	0	0	0	0	2	0	0	0
LOC124887544	LOC124887544	XR_007045313.1	snoRNA	0	0	0	140	0	0	0	0	84	0	0	0	0	0	0	0	0	0	0	0	0	0	0	0	0	56	0	0	0
LOC124887545	LOC124887545	XR_007045314.1	snoRNA	0	0	0	142	0	0	0	0	84	0	0	0	0	0	0	0	0	0	0	0	0	0	0	0	0	58	0	0	0
LOC124887546	LOC124887546	XR_007045315.1	snoRNA	0	0	0	161	0	0	0	0	36	3	0	0	0	0	0	0	0	0	0	0	0	0	0	0	0	122	0	0	0
LOC124887547	LOC124887547	XR_007045316.1	snoRNA	0	0	0	201	0	0	0	0	89	0	0	0	0	0	0	0	0	0	0	0	0	0	0	0	0	112	0	0	0
LOC124887548	LOC124887548	XR_007045317.1	snoRNA	0	0	0	277	0	0	0	0	234	3	0	0	0	0	0	0	0	0	0	0	0	0	0	0	0	40	0	0	0
LOC124887549	LOC124887549	XR_007045318.1	snoRNA	0	0	0	246	0	0	0	0	205	0	0	0	0	0	0	0	0	0	0	0	0	0	0	0	0	41	0	0	0
LOC124887550	LOC124887550	XR_007045319.1	snoRNA	0	0	0	283	0	0	0	0	227	1	0	0	0	0	0	0	0	0	0	0	0	0	0	0	0	55	0	0	0
LOC124887551	LOC124887551	XR_007045320.1	snoRNA	0	0	0	5	0	0	0	0	3	0	0	0	0	0	0	0	0	0	0	0	0	0	0	0	0	2	0	0	0
LOC124887552	LOC124887552	XR_007045321.1	snoRNA	0	0	0	259	0	0	0	0	213	1	0	0	0	0	0	0	0	0	0	0	0	0	0	0	0	45	0	0	0
LOC124887553	LOC124887553	XR_007045322.1	snoRNA	0	0	0	96	0	0	0	0	58	0	0	0	0	0	0	0	0	0	0	0	0	0	0	0	0	38	0	0	0
LOC124887554	LOC124887554	XR_007045323.1	snoRNA	0	0	0	285	0	0	0	0	227	0	0	0	0	0	0	0	0	0	0	0	0	0	0	0	0	58	0	0	0
LOC124887555	LOC124887555	XR_007045324.1	snoRNA	0	0	0	135	0	0	0	0	86	0	0	0	0	0	0	0	0	0	0	0	0	0	0	0	0	49	0	0	0
LOC124887556	LOC124887556	XR_007045325.1	snoRNA	0	0	0	143	0	0	0	0	78	1	0	0	0	0	0	0	0	0	0	0	0	0	0	0	0	64	0	0	0
LOC124887557	LOC124887557	XR_007045326.1	snoRNA	0	0	0	141	0	0	0	0	86	1	0	0	0	0	0	0	0	0	0	0	0	0	0	0	0	54	0	0	0
LOC124887558	LOC124887558	XR_007045327.1	snoRNA	0	0	0	143	0	0	0	0	69	0	0	0	0	0	0	0	0	0	0	0	0	0	0	0	0	74	0	0	0
LOC124887560	LOC124887560	XR_007045328.1	snoRNA	0	0	0	80	0	0	0	0	29	2	0	0	0	0	0	0	0	0	0	0	0	0	0	0	0	49	0	0	0
LOC124887561	LOC124887561	XR_007045329.1	snoRNA	0	0	0	294	0	0	0	0	213	2	0	0	0	0	0	0	0	0	0	0	0	0	0	0	0	79	0	0	0
LOC124887562	LOC124887562	XR_007045330.1	snoRNA	0	0	0	266	0	0	0	0	228	0	0	0	0	0	0	0	0	0	0	0	0	0	0	0	0	38	0	0	0
LOC124887563	LOC124887563	XR_007045331.1	snoRNA	0	0	0	3	0	0	0	0	3	0	0	0	0	0	0	0	0	0	0	0	0	0	0	0	0	0	0	0	0
LOC124887564	LOC124887564	XR_007045332.1	snoRNA	0	0	0	143	0	0	0	0	79	5	0	0	0	0	0	0	0	0	0	0	0	0	0	0	0	59	0	0	0
LOC124887565	LOC124887565	XR_007045333.1	snoRNA	0	0	0	6	0	0	0	0	3	0	0	0	0	0	0	0	0	0	0	0	0	0	0	0	0	3	0	0	0
LOC124887568	LOC124887568	XR_007045334.1	snoRNA	0	0	0	298	0	0	0	0	207	2	0	0	0	0	0	0	0	0	0	0	0	0	0	0	0	89	0	0	0
LOC124887569	LOC124887569	XR_007045335.1	snoRNA	0	0	0	288	0	0	0	0	218	2	0	0	0	0	0	0	0	0	0	0	0	0	0	0	0	68	0	0	0
LOC124887570	LOC124887570	XR_007045336.1	snoRNA	0	0	0	257	0	0	0	0	219	1	0	0	0	0	0	0	0	0	0	0	0	0	0	0	0	37	0	0	0
LOC124887571	LOC124887571	XR_007045337.1	snoRNA	0	0	0	199	0	0	0	0	78	2	0	0	0	0	0	0	0	0	0	0	0	0	0	0	0	119	0	0	0
LOC124887572	LOC124887572	XR_007045338.1	snoRNA	0	0	0	195	0	0	0	0	71	4	0	0	0	0	0	0	0	0	0	0	0	0	0	0	0	120	0	0	0
LOC124887573	LOC124887573	XR_007045339.1	snoRNA	0	0	0	237	0	0	0	0	83	2	0	0	0	0	0	0	0	0	0	0	0	0	0	0	0	152	0	0	0
LOC124887574	LOC124887574	XR_007045340.1	snoRNA	0	0	0	289	0	0	0	0	213	2	0	0	0	0	0	0	0	0	0	0	0	0	0	0	0	74	0	0	0
LOC124887575	LOC124887575	XR_007045341.1	snoRNA	0	0	0	261	0	0	0	0	219	2	0	0	0	0	0	0	0	0	0	0	0	0	0	0	0	40	0	0	0
LOC124887576	LOC124887576	XR_007045342.1	snoRNA	0	0	0	236	0	0	0	0	87	5	0	0	0	0	0	0	0	0	0	0	0	0	0	0	0	144	0	0	0
LOC124887577	LOC124887577	XR_007045343.1	snoRNA	0	0	0	135	0	0	0	0	79	1	0	0	0	0	0	0	0	0	0	0	0	0	0	0	0	55	0	0	0
LOC124887578	LOC124887578	XR_007045344.1	snoRNA	0	0	0	31	0	0	0	0	28	0	0	0	0	0	0	0	0	0	0	0	0	0	0	0	0	3	0	0	0
LOC124887579	LOC124887579	XR_007045345.1	snoRNA	0	0	0	109	0	0	0	0	99	0	0	0	0	0	0	0	0	0	0	0	0	0	0	0	0	10	0	0	0
LOC124887580	LOC124887580	XR_007045346.1	snoRNA	0	0	0	160	0	0	0	0	125	2	0	0	0	0	0	0	0	0	0	0	0	0	0	0	0	33	0	0	0
LOC124887581	LOC124887581	XR_007045347.1	snoRNA	0	0	0	334	0	0	0	0	145	5	0	0	0	0	0	0	0	0	0	0	0	0	0	0	0	184	0	0	0
LOC124887582	LOC124887582	XR_007045348.1	snoRNA	0	0	0	4	0	0	0	0	1	0	0	0	0	0	0	0	0	0	0	0	0	0	0	0	0	3	0	0	0
LOC124887583	LOC124887583	XR_007045349.1	snoRNA	0	0	0	6	0	0	0	0	1	1	0	0	0	0	0	0	0	0	0	0	0	0	0	0	0	4	0	0	0
LOC124887585	LOC124887585	XR_007045351.1	snoRNA	0	0	0	145	0	0	0	0	80	0	0	0	0	0	0	0	0	0	0	0	0	0	0	0	0	65	0	0	0
LOC124887586	LOC124887586	XR_007045352.1	snoRNA	0	0	0	51	0	0	0	0	22	0	0	0	0	0	0	0	0	0	0	0	0	0	0	0	0	29	0	0	0
LOC124887587	LOC124887587	XR_007045353.1	snoRNA	0	0	0	133	0	0	0	0	64	0	0	0	0	0	0	0	0	0	0	0	0	0	0	0	0	69	0	0	0
LOC124887588	LOC124887588	XR_007045354.1	snoRNA	0	0	0	372	0	0	0	0	172	6	0	0	0	0	0	0	0	0	0	0	0	0	0	0	0	194	0	0	0
LOC124887589	LOC124887589	XR_007045355.1	snoRNA	0	0	0	237	0	0	0	0	100	0	0	0	0	0	0	0	0	0	0	0	0	0	0	0	0	137	0	0	0
LOC124887590	LOC124887590	XR_007045356.1	snoRNA	0	0	0	6	0	0	0	0	2	0	0	0	0	0	0	0	0	0	0	0	0	0	0	0	0	4	0	0	0
LOC124887591	LOC124887591	XR_007045357.1	snoRNA	0	0	0	126	0	0	0	0	64	2	0	0	0	0	0	0	0	0	0	0	0	0	0	0	0	60	0	0	0
LOC124887592	LOC124887592	XR_007045358.1	snoRNA	0	0	0	116	0	0	0	0	71	5	0	0	0	0	0	0	0	0	0	0	0	0	0	0	0	40	0	0	0
LOC124887593	LOC124887593	XR_007045359.1	snoRNA	0	0	0	1	0	0	0	0	0	0	0	0	0	0	0	0	0	0	0	0	0	0	0	0	0	1	0	0	0
LOC124887594	LOC124887594	XR_007045360.1	snoRNA	0	0	0	1	0	0	0	0	0	0	0	0	0	0	0	0	0	0	0	0	0	0	0	0	0	1	0	0	0
LOC124887596	LOC124887596	XR_007045362.1	snoRNA	0	0	0	4	0	0	0	0	2	0	0	0	0	0	0	0	0	0	0	0	0	0	0	0	0	2	0	0	0
LOC124887597	LOC124887597	XR_007045363.1	snoRNA	0	0	0	45	0	0	0	0	27	0	0	0	0	0	0	0	0	0	0	0	0	0	0	0	0	18	0	0	0
LOC124887598	LOC124887598	XR_007045364.1	snoRNA	0	0	0	182	0	0	0	0	71	0	0	0	0	0	0	0	0	0	0	0	0	0	0	0	0	111	0	0	0
LOC124887599	LOC124887599	XR_007045365.1	snoRNA	0	0	0	400	0	0	0	0	198	3	0	0	0	0	0	0	0	0	0	0	0	0	0	0	0	199	0	0	0
LOC124887600	LOC124887600	XR_007045366.1	snoRNA	0	0	0	9	0	0	0	0	5	0	0	0	0	0	0	0	0	0	0	0	0	0	0	0	0	4	0	0	0
LOC124887601	LOC124887601	XR_007045367.1	snoRNA	0	0	0	329	0	0	0	0	153	1	0	0	0	0	0	0	0	0	0	0	0	0	0	0	0	175	0	0	0
LOC124887602	LOC124887602	XR_007045368.1	snoRNA	0	0	0	205	0	0	0	0	94	2	0	0	0	0	0	0	0	0	0	0	0	0	0	0	0	109	0	0	0
LOC124887603	LOC124887603	XR_007045369.1	snoRNA	0	0	0	10	0	0	0	0	6	0	0	0	0	0	0	0	0	0	0	0	0	0	0	0	0	4	0	0	0
LOC124887604	LOC124887604	XR_007045370.1	snoRNA	0	0	0	221	0	0	0	0	133	1	0	0	0	0	0	0	0	0	0	0	0	0	0	0	0	87	0	0	0
LOC124887605	LOC124887605	XR_007045371.1	snoRNA	0	0	0	270	0	0	0	0	52	2	0	0	0	0	0	0	0	0	0	0	0	0	0	0	0	216	0	0	0
LOC124887606	LOC124887606	XR_007045372.1	snoRNA	0	0	0	128	0	0	0	0	54	0	0	0	0	0	0	0	0	0	0	0	0	0	0	0	0	74	0	0	0
LOC124887607	LOC124887607	XR_007045373.1	snoRNA	0	0	0	183	0	0	0	0	84	1	0	0	0	0	0	0	0	0	0	0	0	0	0	0	0	98	0	0	0
LOC124887608	LOC124887608	XR_007045374.1	snoRNA	0	0	0	394	0	0	0	0	191	2	0	0	0	0	0	0	0	0	0	0	0	0	0	0	0	201	0	0	0
LOC124887610	LOC124887610	XR_007045375.1	snoRNA	0	0	0	8	0	0	0	0	5	0	0	0	0	0	0	0	0	0	0	0	0	0	0	0	0	3	0	0	0
LOC124887611	LOC124887611	XR_007045376.1	snoRNA	0	0	0	108	0	0	0	0	33	5	0	0	0	0	0	0	0	0	0	0	0	0	0	0	0	70	0	0	0
LOC124887612	LOC124887612	XR_007045377.1	snoRNA	0	0	0	271	0	0	0	0	96	3	0	0	0	0	0	0	0	0	0	0	0	0	0	0	0	172	0	0	0
LOC124887613	LOC124887613	XR_007045378.1	snoRNA	0	0	0	279	0	0	0	0	170	2	0	0	0	0	0	0	0	0	0	0	0	0	0	0	0	107	0	0	0
LOC124887614	LOC124887614	XR_007045379.1	snoRNA	0	0	0	310	0	0	0	0	153	0	0	0	0	0	0	0	0	0	0	0	0	0	0	0	0	157	0	0	0
TRNAA-AGC_12	TRNAA-AGC_12	unassigned_transcript_451	protein_coding	0	0	0	112	0	0	0	0	43	0	0	0	0	0	0	0	0	0	0	0	0	0	0	0	0	69	0	0	0
TRNAA-UGC_10	TRNAA-UGC_10	unassigned_transcript_455	protein_coding	0	1	1	17	0	0	0	0	6	0	0	0	0	0	1	0	0	0	0	0	0	0	1	0	0	11	0	0	0
TRNAE-CUC_14	TRNAE-CUC_14	unassigned_transcript_479	protein_coding	0	0	0	243	0	0	0	0	98	0	0	0	0	0	0	0	0	0	0	0	0	0	0	0	0	145	0	0	0
TRNAE-UUC_10	TRNAE-UUC_10	unassigned_transcript_461	protein_coding	0	0	0	54	0	0	0	0	16	0	0	0	0	0	0	0	0	0	0	0	0	0	0	0	0	38	0	0	0
TRNAE-UUC_11	TRNAE-UUC_11	unassigned_transcript_471	protein_coding	0	0	0	80	0	0	0	0	10	0	0	0	0	0	0	0	0	0	0	0	0	0	0	0	0	70	0	0	0
TRNAF-GAA_13	TRNAF-GAA_13	unassigned_transcript_456	protein_coding	0	0	0	20	0	0	0	0	3	0	0	0	0	0	0	0	0	0	0	0	0	0	0	0	0	17	0	0	0
TRNAF-GAA_14	TRNAF-GAA_14	unassigned_transcript_473	protein_coding	0	0	0	284	0	0	0	0	104	0	0	0	0	0	0	0	0	0	0	0	0	0	0	0	0	180	0	0	0
TRNAF-GAA_15	TRNAF-GAA_15	unassigned_transcript_480	protein_coding	0	0	0	175	0	0	0	0	115	0	0	0	0	0	0	0	0	0	0	0	0	0	0	0	0	60	0	0	0
TRNAK-CUU_12	TRNAK-CUU_12	unassigned_transcript_460	protein_coding	0	0	0	71	0	0	0	0	44	0	0	0	0	0	0	0	0	0	0	0	0	0	0	0	0	27	0	0	0
TRNAK-CUU_13	TRNAK-CUU_13	unassigned_transcript_475	protein_coding	0	0	0	314	0	0	0	0	120	0	0	0	0	0	0	0	0	0	0	0	0	0	0	0	0	194	0	0	0
TRNAK-UUU_15	TRNAK-UUU_15	unassigned_transcript_454	protein_coding	0	1	0	86	0	0	0	0	65	0	0	0	0	0	0	0	0	0	0	0	0	0	1	0	0	21	0	0	0
TRNAK-UUU_16	TRNAK-UUU_16	unassigned_transcript_463	protein_coding	0	1	0	163	0	0	0	0	56	0	0	0	0	0	0	0	0	0	0	0	0	0	1	0	0	107	0	0	0
TRNAK-UUU_17	TRNAK-UUU_17	unassigned_transcript_465	protein_coding	0	0	0	13	0	0	0	0	8	0	0	0	0	0	0	0	0	0	0	0	0	0	0	0	0	5	0	0	0
TRNAK-UUU_18	TRNAK-UUU_18	unassigned_transcript_466	protein_coding	0	0	0	7	0	0	0	0	5	0	0	0	0	0	0	0	0	0	0	0	0	0	0	0	0	2	0	0	0
TRNAL-AAG_7	TRNAL-AAG_7	unassigned_transcript_448	protein_coding	0	0	0	59	0	0	0	0	34	0	0	0	0	0	0	0	0	0	0	0	0	0	0	0	0	25	0	0	0
TRNAL-AAG_8	TRNAL-AAG_8	unassigned_transcript_449	protein_coding	0	0	0	66	0	0	0	0	35	0	0	0	0	0	0	0	0	0	0	0	0	0	0	0	0	31	0	0	0
TRNAL-CAA_14	TRNAL-CAA_14	unassigned_transcript_464	protein_coding	0	0	0	161	0	0	0	0	129	0	0	0	0	0	0	0	0	0	0	0	0	0	0	0	0	32	0	0	0
TRNAL-CAG_4	TRNAL-CAG_4	unassigned_transcript_472	protein_coding	0	0	0	64	0	0	0	0	31	0	0	0	0	0	0	0	0	0	0	0	0	0	0	0	0	33	0	0	0
TRNAL-UAA_2	TRNAL-UAA_2	unassigned_transcript_450	protein_coding	0	0	0	66	0	0	0	0	37	0	0	0	0	0	0	0	0	0	0	0	0	0	0	0	0	29	0	0	0
TRNAM-CAU_23	TRNAM-CAU_23	unassigned_transcript_476	protein_coding	0	0	0	428	0	0	0	0	203	0	0	0	0	0	0	0	0	0	0	0	0	0	0	0	0	225	0	0	0
TRNAN-GUU_25	TRNAN-GUU_25	unassigned_transcript_462	protein_coding	0	0	0	9	0	0	0	0	6	0	0	0	0	0	0	0	0	0	0	0	0	0	0	0	0	3	0	0	0
TRNAN-GUU_26	TRNAN-GUU_26	unassigned_transcript_468	protein_coding	0	0	2	131	0	0	0	0	73	0	0	0	0	0	2	0	0	0	0	0	0	0	0	0	0	58	0	0	0
TRNAP-AGG_6	TRNAP-AGG_6	unassigned_transcript_457	protein_coding	0	0	0	41	0	0	0	0	17	0	0	0	0	0	0	0	0	0	0	0	0	0	0	0	0	24	0	0	0
TRNAP-UGG_18	TRNAP-UGG_18	unassigned_transcript_477	protein_coding	0	0	0	186	0	0	0	0	108	0	0	0	0	0	0	0	0	0	0	0	0	0	0	0	0	78	0	0	0
TRNAQ-UUG_7	TRNAQ-UUG_7	unassigned_transcript_458	protein_coding	0	0	0	37	0	0	0	0	28	0	0	0	0	0	0	0	0	0	0	0	0	0	0	0	0	9	0	0	0
TRNAR-ACG_5	TRNAR-ACG_5	unassigned_transcript_467	protein_coding	0	0	0	8	0	0	0	0	2	0	0	0	0	0	0	0	0	0	0	0	0	0	0	0	0	6	0	0	0
TRNAR-UCG_3	TRNAR-UCG_3	unassigned_transcript_459	protein_coding	0	1	0	106	0	0	0	0	81	0	0	0	0	0	0	0	0	0	0	0	0	0	1	0	0	25	0	0	0
TRNAR-UCU_11	TRNAR-UCU_11	unassigned_transcript_452	protein_coding	0	0	0	176	0	0	0	0	125	0	0	0	0	0	0	0	0	0	0	0	0	0	0	0	0	51	0	0	0
TRNAS-GCU_11	TRNAS-GCU_11	unassigned_transcript_474	protein_coding	0	0	1	360	0	0	0	0	253	0	0	0	0	0	1	0	0	0	0	0	0	0	0	0	0	107	0	0	0
TRNAS-GCU_12	TRNAS-GCU_12	unassigned_transcript_478	protein_coding	0	0	0	297	0	0	0	0	121	0	0	0	0	0	0	0	0	0	0	0	0	0	0	0	0	176	0	0	0
TRNAS-GGA_3	TRNAS-GGA_3	unassigned_transcript_482	protein_coding	1	0	1	218	0	0	0	0	58	0	0	0	0	0	1	0	0	0	0	0	0	1	0	0	0	160	0	0	0
TRNAT-UGU_8	TRNAT-UGU_8	unassigned_transcript_470	protein_coding	0	0	0	134	0	0	0	0	121	0	0	0	0	0	0	0	0	0	0	0	0	0	0	0	0	13	0	0	0
TRNAT-UGU_9	TRNAT-UGU_9	unassigned_transcript_481	protein_coding	0	0	0	195	0	0	0	0	99	0	0	0	0	0	0	0	0	0	0	0	0	0	0	0	0	96	0	0	0
TRNAY-GUA_10	TRNAY-GUA_10	unassigned_transcript_453	protein_coding	0	0	1	124	0	0	0	0	43	0	0	0	0	0	1	0	0	0	0	0	0	0	0	0	0	81	0	0	0
TRNAY-GUA_11	TRNAY-GUA_11	unassigned_transcript_469	protein_coding	0	0	0	200	0	0	0	0	77	0	0	0	0	0	0	0	0	0	0	0	0	0	0	0	0	123	0	0	0
